"scenario","line_group","week","mean_val","sd_val","n","se_val","q025","q975","q25","q75","q50"
"DRC","baseline",0.5,0,0,2000,0,0,0,0,0,0
"DRC","baseline",1.5,0.001,0.0316148659632607,2000,0.000706929893933952,-0.000385582592110546,0.00238558259211055,0.000293070106066048,0.00170692989393395,0.001
"DRC","baseline",2.5,0.023,0.153240795386494,2000,0.00342656835410337,0.0162839260259574,0.0297160739740426,0.0195734316458966,0.0264265683541034,0.023
"DRC","baseline",3.5,0.066,0.285805602501439,2000,0.00639080755543502,0.0534740171913474,0.0785259828086526,0.059609192444565,0.072390807555435,0.066
"DRC","baseline",4.5,0.185,0.481550563775743,2000,0.0107677979520591,0.163895116013964,0.206104883986036,0.174232202047941,0.195767797952059,0.185
"DRC","baseline",5.5,0.4015,0.735913401336824,2000,0.0164555239094222,0.369247173137532,0.433752826862468,0.385044476090578,0.417955523909422,0.4015
"DRC","baseline",6.5,0.6165,0.924583786137738,2000,0.0206743219669811,0.575978328944717,0.657021671055283,0.595825678033019,0.637174321966981,0.6165
"DRC","baseline",7.5,0.728,1.01169548970129,2000,0.0226221988750203,0.68366049020496,0.77233950979504,0.70537780112498,0.75062219887502,0.728
"DRC","baseline",8.5,0.9765,1.24688616663923,2000,0.0278812222880945,0.921852804315335,1.03114719568467,0.948618777711906,1.00438122228809,0.9765
"DRC","baseline",9.5,1.08,1.30478014455034,2000,0.0291757709890656,1.02281548886143,1.13718451113857,1.05082422901093,1.10917577098907,1.08
"DRC","baseline",10.5,1.2835,1.44366541654133,2000,0.0322813400815197,1.22022857344022,1.34677142655978,1.25121865991848,1.31578134008152,1.2835
"DRC","baseline",11.5,1.315,1.52280480273527,2000,0.0340509505537923,1.24826013691457,1.38173986308543,1.28094904944621,1.34905095055379,1.315
"DRC","baseline",12.5,1.6005,1.75597308371608,2000,0.0392647518184909,1.52354108643576,1.67745891356424,1.56123524818151,1.63976475181849,1.6005
"DRC","baseline",13.5,1.6635,1.80607272814515,2000,0.0403850139244106,1.58434537270816,1.74265462729184,1.62311498607559,1.70388501392441,1.6635
"DRC","baseline",14.5,1.7085,1.84722328561911,2000,0.0413051683626484,1.62754187000921,1.78945812999079,1.66719483163735,1.74980516836265,1.7085
"DRC","baseline",15.5,1.7935,1.93357883561979,2000,0.0432361371630074,1.70875717116051,1.87824282883949,1.75026386283699,1.83673613716301,1.7935
"DRC","baseline",16.5,1.615,1.81036286607228,2000,0.0404809443247896,1.53565734912341,1.69434265087659,1.57451905567521,1.65548094432479,1.615
"DRC","baseline",17.5,1.503,1.79933593442204,2000,0.0402343746372579,1.42414062571097,1.58185937428903,1.46276562536274,1.54323437463726,1.503
"DRC","baseline",18.5,1.4445,1.7115444610705,2000,0.0382712976146688,1.36948825667525,1.51951174332475,1.40622870238533,1.48277129761467,1.4445
"DRC","baseline",19.5,1.317,1.61858608373334,2000,0.0361926851066291,1.24606233719101,1.38793766280899,1.28080731489337,1.35319268510663,1.317
"DRC","baseline",20.5,1.051,1.41364712679634,2000,0.0316101107171388,0.989044182994408,1.11295581700559,1.01938988928286,1.08261011071714,1.051
"DRC","baseline",21.5,1.008,1.3545676161467,2000,0.0302890526982387,0.948633456711452,1.06736654328855,0.977710947301761,1.03828905269824,1.008
"DRC","baseline",22.5,0.853,1.21496051974221,2000,0.0271673431212206,0.799752007482408,0.906247992517592,0.825832656878779,0.880167343121221,0.853
"DRC","baseline",23.5,0.7055,1.08598316272162,2000,0.0242833217426576,0.657904689384391,0.753095310615609,0.681216678257342,0.729783321742658,0.7055
"DRC","baseline",24.5,0.5985,1.02020495934863,2000,0.0228124764008595,0.553787546254315,0.643212453745685,0.575687523599141,0.62131247640086,0.5985
"DRC","baseline",25.5,0.556,0.976391658267914,2000,0.021832781205508,0.513207748837204,0.598792251162796,0.534167218794492,0.577832781205508,0.556
"DRC","baseline",26.5,0.471,0.921185807340638,2000,0.0205983408512169,0.430627251931615,0.511372748068385,0.450401659148783,0.491598340851217,0.471
"DRC","baseline",27.5,0.435,0.852724204701991,2000,0.019067492877731,0.397627713959647,0.472372286040353,0.415932507122269,0.454067492877731,0.435
"DRC","baseline",28.5,0.3785,0.837608825330856,2000,0.0187295027199354,0.341790174668927,0.415209825331073,0.359770497280065,0.397229502719935,0.3785
"DRC","baseline",29.5,0.299,0.680316408156972,2000,0.0152123373484748,0.269183818796989,0.328816181203011,0.283787662651525,0.314212337348475,0.299
"DRC","baseline",30.5,0.397,0.875656546365981,2000,0.0195802756261703,0.358622659772706,0.435377340227294,0.37741972437383,0.41658027562617,0.397
"DRC","baseline",31.5,0.4925,1.02199118537857,2000,0.0228524176291207,0.447709261446923,0.537290738553077,0.469647582370879,0.515352417629121,0.4925
"DRC","baseline",32.5,0.465,0.981965950817177,2000,0.0219574261761742,0.421963444694699,0.508036555305301,0.443042573823826,0.486957426176174,0.465
"DRC","baseline",33.5,0.3815,0.881672514719386,2000,0.0197147967680573,0.342858998334608,0.420141001665392,0.361785203231943,0.401214796768057,0.3815
"DRC","baseline",34.5,0.398,0.936501210495015,2000,0.0209408036767769,0.356956024793517,0.439043975206483,0.377059196323223,0.418940803676777,0.398
"DRC","baseline",35.5,0.458,1.0250665250072,2000,0.022921184313756,0.413074478745038,0.502925521254962,0.435078815686244,0.480921184313756,0.458
"DRC","baseline",36.5,0.584,1.28987436905459,2000,0.0288424677164071,0.527468763275842,0.640531236724158,0.555157532283593,0.612842467716407,0.584
"DRC","baseline",37.5,0.6765,1.46557896779922,2000,0.0327713419839303,0.612268169711497,0.740731830288503,0.64372865801607,0.70927134198393,0.6765
"DRC","baseline",38.5,0.769,1.56040264938704,2000,0.034891663963002,0.700612338632516,0.837387661367484,0.734108336036998,0.803891663963002,0.769
"DRC","baseline",39.5,0.879,1.89688114520639,2000,0.0424155518591915,0.795865518355985,0.962134481644015,0.836584448140809,0.921415551859191,0.879
"DRC","baseline",40.5,1.0165,2.07397647990994,2000,0.0463755239281434,0.925603973100839,1.10739602689916,0.970124476071856,1.06287552392814,1.0165
"DRC","baseline",41.5,1.3215,2.58640338911888,2000,0.0578337379530565,1.20814587361201,1.43485412638799,1.26366626204694,1.37933373795306,1.3215
"DRC","baseline",42.5,1.525,2.94120729466236,2000,0.0657673944678329,1.39609590684305,1.65390409315695,1.45923260553217,1.59076739446783,1.525
"DRC","baseline",43.5,1.897,3.55678455324175,2000,0.0795321204236976,1.74111704396955,2.05288295603045,1.8174678795763,1.9765321204237,1.897
"DRC","baseline",44.5,1.9175,3.56609762571611,2000,0.0797403670550182,1.76120888057216,2.07379111942784,1.83775963294498,1.99724036705502,1.9175
"DRC","baseline",45.5,1.744,3.17891754507398,2000,0.0710827572565217,1.60467779577722,1.88332220422278,1.67291724274348,1.81508275725652,1.744
"DRC","baseline",46.5,1.99,3.59963591066439,2000,0.0804903059049494,1.8322390004263,2.1477609995737,1.90950969409505,2.07049030590495,1.99
"DRC","baseline",47.5,2.1335,3.8422726711726,2000,0.0859158288083163,1.9651049755357,2.3018950244643,2.04758417119168,2.21941582880832,2.1335
"DRC","baseline",48.5,2.08,3.77236203958194,2000,0.0843525795624498,1.9146689440576,2.2453310559424,1.99564742043755,2.16435257956245,2.08
"DRC","baseline",49.5,1.968,3.5742640755603,2000,0.0799229744248827,1.81135097012723,2.12464902987277,1.88807702557512,2.04792297442488,1.968
"DRC","baseline",50.5,1.7025,3.15277080230484,2000,0.0704980983143018,1.56432372730397,1.84067627269603,1.6320019016857,1.7729980983143,1.7025
"DRC","baseline",51.5,1.505,2.85675611975609,2000,0.0638790087891315,1.3797971427733,1.6302028572267,1.44112099121087,1.56887900878913,1.505
"DRC","baseline",52.5,1.384,2.68610341866948,2000,0.0600630983873955,1.2662763271607,1.5017236728393,1.3239369016126,1.4440630983874,1.384
"DRC","baseline",53.5,1.1885,2.29534355838631,2000,0.0513254422826804,1.08790213312595,1.28909786687405,1.13717455771732,1.23982544228268,1.1885
"DRC","baseline",54.5,1.0955,2.1814580283757,2000,0.0487788844151072,0.99989338654639,1.19110661345361,1.04672111558489,1.14427888441511,1.0955
"DRC","baseline",55.5,0.9565,1.98382850513064,2000,0.0443597539317391,0.869554882293791,1.04344511770621,0.912140246068261,1.00085975393174,0.9565
"DRC","baseline",56.5,0.8155,1.76494114877219,2000,0.039465283849412,0.738148043655153,0.892851956344847,0.776034716150588,0.854965283849412,0.8155
"DRC","baseline",57.5,0.7245,1.58298852691299,2000,0.0353966995377971,0.655122468905918,0.793877531094082,0.689103300462203,0.759896699537797,0.7245
"DRC","baseline",58.5,0.689,1.56156916245313,2000,0.0349177479881261,0.620561213943273,0.757438786056727,0.654082252011874,0.723917747988126,0.689
"DRC","baseline",59.5,0.6255,1.50511874655145,2000,0.0336554783149832,0.559535262502633,0.691464737497367,0.591844521685017,0.659155478314983,0.6255
"DRC","baseline",60.5,0.54,1.36100189679572,2000,0.0304329275874138,0.480351461928669,0.599648538071331,0.509567072412586,0.570432927587414,0.54
"DRC","baseline",61.5,0.513,1.23717270344486,2000,0.0276640226480991,0.458778515609726,0.567221484390274,0.485335977351901,0.540664022648099,0.513
"DRC","baseline",62.5,0.4515,1.12795562498973,2000,0.025221854530803,0.402065165119626,0.500934834880374,0.426278145469197,0.476721854530803,0.4515
"DRC","baseline",63.5,0.4195,1.06681244574536,2000,0.0238546514792943,0.372744883100583,0.466255116899417,0.395645348520706,0.443354651479294,0.4195
"DRC","baseline",64.5,0.3865,1.03713816716429,2000,0.0231911144383888,0.341045415700758,0.431954584299242,0.363308885561611,0.409691114438389,0.3865
"DRC","baseline",65.5,0.364,0.985387991984565,2000,0.0220339453428951,0.320813467127926,0.407186532872074,0.341966054657105,0.386033945342895,0.364
"DRC","baseline",66.5,0.321,0.891266614481348,2000,0.0199293273605639,0.281938518373295,0.360061481626705,0.301070672639436,0.340929327360564,0.321
"DRC","baseline",67.5,0.32,0.906648225886287,2000,0.0202732706476132,0.280264389530678,0.359735610469322,0.299726729352387,0.340273270647613,0.32
"DRC","baseline",68.5,0.2775,0.847852095939082,2000,0.0189585492138546,0.240341243540845,0.314658756459155,0.258541450786145,0.296458549213855,0.2775
"DRC","baseline",69.5,0.2495,0.792820302474658,2000,0.0177280009027528,0.214753118230605,0.284246881769395,0.231771999097247,0.267228000902753,0.2495
"DRC","baseline",70.5,0.237,0.766240538134821,2000,0.0171336593038548,0.203418027764445,0.270581972235555,0.219866340696145,0.254133659303855,0.237
"DRC","baseline",71.5,0.231,0.780989098506498,2000,0.0174634471394681,0.196771643606643,0.265228356393357,0.213536552860532,0.248463447139468,0.231
"DRC","baseline",72.5,0.198,0.675295499767326,2000,0.0151000664237943,0.168403869809363,0.227596130190637,0.182899933576206,0.213100066423794,0.198
"DRC","baseline",73.5,0.1955,0.678608874833288,2000,0.0151741557426188,0.165758654744467,0.225241345255533,0.180325844257381,0.210674155742619,0.1955
"DRC","baseline",74.5,0.1795,0.668957025339353,2000,0.0149583338268484,0.150181665699377,0.208818334300623,0.164541666173152,0.194458333826848,0.1795
"DRC","baseline",75.5,0.1595,0.607654813348905,2000,0.013587574695031,0.132868353597739,0.186131646402261,0.145912425304969,0.173087574695031,0.1595
"DRC","baseline",76.5,0.156,0.632347951657933,2000,0.0141397300533989,0.128286129095338,0.183713870904662,0.141860269946601,0.170139730053399,0.156
"DRC","baseline",77.5,0.14,0.576685601642325,2000,0.012895082069176,0.114725639144415,0.165274360855585,0.127104917930824,0.152895082069176,0.14
"DRC","baseline",78.5,0.1235,0.548085713163997,2000,0.0122555691213115,0.0994790845222295,0.147520915477771,0.111244430878689,0.135755569121311,0.1235
"DRC","baseline",79.5,0.1125,0.471120714216306,2000,0.0105345794259591,0.0918522243251201,0.13314777567488,0.101965420574041,0.123034579425959,0.1125
"DRC","full",0.5,0,0,2000,0,0,0,0,0,0
"DRC","full",1.5,0,0,2000,0,0,0,0,0,0
"DRC","full",2.5,0.0035,0.0590719455187798,2000,0.00132088885743156,0.000911057839434149,0.00608894216056585,0.00217911114256844,0.00482088885743156,0.0035
"DRC","full",3.5,0.0115,0.111238199232477,2000,0.00248736175178483,0.00662477096650172,0.0163752290334983,0.00901263824821517,0.0139873617517848,0.0115
"DRC","full",4.5,0.0405,0.204647722550662,2000,0.00457606219063796,0.0315309181063496,0.0494690818936504,0.035923937809362,0.045076062190638,0.0405
"DRC","full",5.5,0.0825,0.29280815956724,2000,0.00654738949158955,0.0696671165964845,0.0953328834035155,0.0759526105084105,0.0890473894915896,0.0825
"DRC","full",6.5,0.13,0.381015204805722,2000,0.008519758984066,0.113301272391231,0.146698727608769,0.121480241015934,0.138519758984066,0.13
"DRC","full",7.5,0.1545,0.413176847794957,2000,0.00923891518398607,0.136391726239387,0.172608273760613,0.145261084816014,0.163738915183986,0.1545
"DRC","full",8.5,0.19,0.451665806764803,2000,0.0100995544703838,0.170204873238048,0.209795126761952,0.179900445529616,0.200099554470384,0.19
"DRC","full",9.5,0.228,0.503132757118479,2000,0.0112503904662381,0.205949234686173,0.250050765313827,0.216749609533762,0.239250390466238,0.228
"DRC","full",10.5,0.26,0.517236664287676,2000,0.0115657634180248,0.237331103700671,0.282668896299329,0.248434236581975,0.271565763418025,0.26
"DRC","full",11.5,0.2685,0.565303045955781,2000,0.0126405603864481,0.243724501642562,0.293275498357438,0.255859439613552,0.281140560386448,0.2685
"DRC","full",12.5,0.3055,0.605270952932017,2000,0.0135342699556207,0.278972830886984,0.332027169113016,0.291965730044379,0.319034269955621,0.3055
"DRC","full",13.5,0.356,0.661424781340014,2000,0.0147899077307921,0.327011780847648,0.384988219152352,0.341210092269208,0.370789907730792,0.356
"DRC","full",14.5,0.3385,0.6325486612937,2000,0.014144218057292,0.310777332607708,0.366222667392292,0.324355781942708,0.352644218057292,0.3385
"DRC","full",15.5,0.3885,0.68102837666643,2000,0.0152282574483247,0.358652615401284,0.418347384598716,0.373271742551675,0.403728257448325,0.3885
"DRC","full",16.5,0.3275,0.631223392695282,2000,0.014114584150547,0.299835415064928,0.355164584935072,0.313385415849453,0.341614584150547,0.3275
"DRC","full",17.5,0.2875,0.601684936142821,2000,0.0134540841825297,0.261129995002242,0.313870004997758,0.27404591581747,0.30095408418253,0.2875
"DRC","full",18.5,0.2835,0.588473364265729,2000,0.0131586644544616,0.257709017669255,0.309290982330745,0.270341335545538,0.296658664454462,0.2835
"DRC","full",19.5,0.256,0.551920563264386,2000,0.0123413189763914,0.231811014806273,0.280188985193727,0.243658681023609,0.268341318976391,0.256
"DRC","full",20.5,0.2075,0.50056871108496,2000,0.0111930566539542,0.18556160895825,0.22943839104175,0.196306943346046,0.218693056653954,0.2075
"DRC","full",21.5,0.1945,0.470935919547618,2000,0.0105304472915484,0.173860323308565,0.215139676691435,0.183969552708452,0.205030447291548,0.1945
"DRC","full",22.5,0.1485,0.404387827162711,2000,0.00904238670809258,0.130776922052139,0.166223077947861,0.139457613291907,0.157542386708093,0.1485
"DRC","full",23.5,0.143,0.394498180486556,2000,0.00882124748567921,0.125710354928069,0.160289645071931,0.134178752514321,0.151821247485679,0.143
"DRC","full",24.5,0.123,0.393634950477112,2000,0.00880194507586586,0.105748187651303,0.140251812348697,0.114198054924134,0.131801945075866,0.123
"DRC","full",25.5,0.121,0.373401545734854,2000,0.00834951239166631,0.104634955712334,0.137365044287666,0.112650487608334,0.129349512391666,0.121
"DRC","full",26.5,0.0965,0.338001290583658,2000,0.00755793862227718,0.0816864403003367,0.111313559699663,0.0889420613777228,0.104057938622277,0.0965
"DRC","full",27.5,0.0845,0.315292649339251,2000,0.00705015796728569,0.0706816903841201,0.09831830961588,0.0774498420327143,0.0915501579672857,0.0845
"DRC","full",28.5,0.074,0.283838478964834,2000,0.00634682133595513,0.0615602301815279,0.0864397698184721,0.0676531786640449,0.0803468213359551,0.074
"DRC","full",29.5,0.059,0.267497247441342,2000,0.00598142029072922,0.0472764162301707,0.0707235837698293,0.0530185797092708,0.0649814202907292,0.059
"DRC","full",30.5,0.0835,0.315559089188356,2000,0.00705611574343082,0.0696700131428756,0.0973299868571244,0.0764438842565692,0.0905561157434308,0.0835
"DRC","full",31.5,0.091,0.340260030629844,2000,0.00760844558514491,0.076087446653116,0.105912553346884,0.0833915544148551,0.0986084455851449,0.091
"DRC","full",32.5,0.099,0.342429012810549,2000,0.00765694550112534,0.0839923868177943,0.114007613182206,0.0913430544988747,0.106656945501125,0.099
"DRC","full",33.5,0.083,0.316482354232065,2000,0.00707676057742065,0.0691295492682555,0.0968704507317445,0.0759232394225793,0.0900767605774207,0.083
"DRC","full",34.5,0.081,0.323251056646086,2000,0.00722811336459285,0.066832897805398,0.095167102194602,0.0737718866354072,0.0882281133645929,0.081
"DRC","full",35.5,0.083,0.319628035442012,2000,0.00714710014763051,0.0689916837106442,0.0970083162893558,0.0758528998523695,0.0901471001476305,0.083
"DRC","full",36.5,0.117,0.410359839164116,2000,0.00917592495606845,0.0990151870861058,0.134984812913894,0.107824075043932,0.126175924956068,0.117
"DRC","full",37.5,0.1305,0.421376944391399,2000,0.00942227491810317,0.112032341160518,0.148967658839482,0.121077725081897,0.139922274918103,0.1305
"DRC","full",38.5,0.148,0.462820809332052,2000,0.0103489879106794,0.127715983695068,0.168284016304932,0.137651012089321,0.158348987910679,0.148
"DRC","full",39.5,0.1715,0.49820864698233,2000,0.0111402840163069,0.149665043328039,0.193334956671961,0.160359715983693,0.182640284016307,0.1715
"DRC","full",40.5,0.2025,0.593017356232005,2000,0.0132602712037197,0.176509868440709,0.228490131559291,0.18923972879628,0.21576027120372,0.2025
"DRC","full",41.5,0.2695,0.689280279459543,2000,0.0154127756042159,0.239290959815737,0.299709040184263,0.254087224395784,0.284912775604216,0.2695
"DRC","full",42.5,0.309,0.746858687403095,2000,0.0167002679461959,0.276267474825456,0.341732525174544,0.292299732053804,0.325700267946196,0.309
"DRC","full",43.5,0.385,0.911696547814923,2000,0.0203861545576606,0.345043137066985,0.424956862933015,0.364613845442339,0.405386154557661,0.385
"DRC","full",44.5,0.3925,0.908215931422173,2000,0.0203083256090827,0.352695681806198,0.432304318193802,0.372191674390917,0.412808325609083,0.3925
"DRC","full",45.5,0.3355,0.79640246009114,2000,0.0178081003821185,0.300596123251048,0.370403876748952,0.317691899617882,0.353308100382119,0.3355
"DRC","full",46.5,0.414,0.948184331637779,2000,0.0212020462074228,0.372443989433451,0.455556010566549,0.392797953792577,0.435202046207423,0.414
"DRC","full",47.5,0.4285,0.961951363226128,2000,0.0215098863922221,0.386340622671245,0.470659377328755,0.406990113607778,0.450009886392222,0.4285
"DRC","full",48.5,0.4125,0.946462701760038,2000,0.0211635493930356,0.37101944318965,0.45398055681035,0.391336450606964,0.433663549393036,0.4125
"DRC","full",49.5,0.403,0.97625177785594,2000,0.0218296533844091,0.360213879366558,0.445786120633442,0.381170346615591,0.424829653384409,0.403
"DRC","full",50.5,0.331,0.777651188313464,2000,0.017388809198524,0.296917933970893,0.365082066029107,0.313611190801476,0.348388809198524,0.331
"DRC","full",51.5,0.301,0.758080697004999,2000,0.016951199709336,0.267775648569701,0.334224351430299,0.284048800290664,0.317951199709336,0.301
"DRC","full",52.5,0.2605,0.678874204173753,2000,0.0151800886870358,0.23074702617341,0.29025297382659,0.245319911312964,0.275680088687036,0.2605
"DRC","full",53.5,0.255,0.673945176591186,2000,0.0150698722796599,0.225463050331867,0.284536949668133,0.23993012772034,0.27006987227966,0.255
"DRC","full",54.5,0.216,0.620916071932586,2000,0.0138841054516341,0.188787153314797,0.243212846685203,0.202115894548366,0.229884105451634,0.216
"DRC","full",55.5,0.185,0.533776600020425,2000,0.0119356076244439,0.16160620905609,0.20839379094391,0.173064392375556,0.196935607624444,0.185
"DRC","full",56.5,0.161,0.486001130193413,2000,0.010867315642542,0.139700061340618,0.182299938659382,0.150132684357458,0.171867315642542,0.161
"DRC","full",57.5,0.148,0.446313340377475,2000,0.00997986968349035,0.128439455420359,0.167560544579641,0.13802013031651,0.15797986968349,0.148
"DRC","full",58.5,0.1385,0.452128256117653,2000,0.0101098951522751,0.118684605501541,0.158315394498459,0.128390104847725,0.148609895152275,0.1385
"DRC","full",59.5,0.1365,0.469017844937093,2000,0.0104875578393979,0.11594438663478,0.15705561336522,0.126012442160602,0.146987557839398,0.1365
"DRC","full",60.5,0.1095,0.395712072120641,2000,0.00884839092779052,0.0921571537815306,0.126842846218469,0.100651609072209,0.118348390927791,0.1095
"DRC","full",61.5,0.095,0.347901592061433,2000,0.00777931609329764,0.0797525404571366,0.110247459542863,0.0872206839067024,0.102779316093298,0.095
"DRC","full",62.5,0.093,0.336760603176687,2000,0.00753019600846903,0.0782408158234007,0.107759184176599,0.085469803991531,0.100530196008469,0.093
"DRC","full",63.5,0.075,0.318474037962953,2000,0.00712129597954011,0.0610422598801014,0.0889577401198986,0.0678787040204599,0.0821212959795401,0.075
"DRC","full",64.5,0.072,0.307999077459427,2000,0.00688706874206501,0.0585013452655526,0.0854986547344474,0.065112931257935,0.078887068742065,0.072
"DRC","full",65.5,0.062,0.277839157245067,2000,0.00621267242411224,0.04982316204874,0.07417683795126,0.0557873275758878,0.0682126724241122,0.062
"DRC","full",66.5,0.0555,0.257784748362358,2000,0.00576424220900909,0.0442020852703422,0.0667979147296578,0.0497357577909909,0.0612642422090091,0.0555
"DRC","full",67.5,0.062,0.286700363706213,2000,0.00641081502421005,0.0494348025525483,0.0745651974474517,0.0555891849757899,0.0684108150242101,0.062
"DRC","full",68.5,0.0565,0.263329491722073,2000,0.00588822643971023,0.0449590761781679,0.0680409238218321,0.0506117735602898,0.0623882264397102,0.0565
"DRC","full",69.5,0.0465,0.237415106862397,2000,0.00530876317829696,0.036094824170538,0.056905175829462,0.041191236821703,0.051808763178297,0.0465
"DRC","full",70.5,0.048,0.250454314560243,2000,0.00560032872614818,0.0370233556967496,0.0589766443032504,0.0423996712738518,0.0536003287261482,0.048
"DRC","full",71.5,0.0445,0.222585988465426,2000,0.00497717401047676,0.0347447389394656,0.0542552610605344,0.0395228259895232,0.0494771740104768,0.0445
"DRC","full",72.5,0.04,0.231142192939062,2000,0.00516849655880113,0.0298697467447498,0.0501302532552502,0.0348315034411989,0.0451684965588011,0.04
"DRC","full",73.5,0.0335,0.198487905738265,2000,0.0044383244994233,0.0248008839811303,0.0421991160188697,0.0290616755005767,0.0379383244994233,0.0335
"DRC","full",74.5,0.034,0.207039688746767,2000,0.00462954818078169,0.0249260855656679,0.0430739144343321,0.0293704518192183,0.0386295481807817,0.034
"DRC","full",75.5,0.033,0.218940556964081,2000,0.00489565968403349,0.0234045070192944,0.0425954929807056,0.0281043403159665,0.0378956596840335,0.033
"DRC","full",76.5,0.036,0.206701143396307,2000,0.00462197807661074,0.0269409229698429,0.0450590770301571,0.0313780219233893,0.0406219780766107,0.036
"DRC","full",77.5,0.0295,0.201618637624399,2000,0.00450832979259053,0.0206636736065226,0.0383363263934774,0.0249916702074095,0.0340083297925905,0.0295
"DRC","full",78.5,0.025,0.179975541665524,2000,0.00402437545451458,0.0171122241091514,0.0328877758908486,0.0209756245454854,0.0290243754545146,0.025
"DRC","full",79.5,0.026,0.168339446014718,2000,0.00376418444583566,0.0186221984861621,0.0333778015138379,0.0222358155541643,0.0297641844458357,0.026
"DRC","ramp_high",0.5,0,0,2000,0,0,0,0,0,0
"DRC","ramp_high",1.5,0.001,0.0316148659632607,2000,0.000706929893933952,-0.000385582592110546,0.00238558259211055,0.000293070106066048,0.00170692989393395,0.001
"DRC","ramp_high",2.5,0.0155,0.123561254816572,2000,0.00276291365155029,0.0100846892429614,0.0209153107570386,0.0127370863484497,0.0182629136515503,0.0155
"DRC","ramp_high",3.5,0.059,0.246067622082465,2000,0.00550223930038119,0.0482156109712529,0.0697843890287471,0.0534977606996188,0.0645022393003812,0.059
"DRC","ramp_high",4.5,0.162,0.464611592586736,2000,0.0103890310415838,0.141637499158496,0.182362500841504,0.151610968958416,0.172389031041584,0.162
"DRC","ramp_high",5.5,0.3475,0.657236433762563,2000,0.0146962534318263,0.31869534327362,0.37630465672638,0.332803746568174,0.362196253431826,0.3475
"DRC","ramp_high",6.5,0.4875,0.791300719331284,2000,0.0176940219906923,0.452819716898243,0.522180283101757,0.469805978009308,0.505194021990692,0.4875
"DRC","ramp_high",7.5,0.6765,0.948312922351768,2000,0.0212049215832003,0.634938353696927,0.718061646303073,0.6552950784168,0.6977049215832,0.6765
"DRC","ramp_high",8.5,0.8295,1.07796602700535,2000,0.0241040531381933,0.782256055849141,0.876743944150859,0.805395946861807,0.853604053138193,0.8295
"DRC","ramp_high",9.5,0.944,1.23718604690537,2000,0.0276643210169464,0.889777930806785,0.998222069193215,0.916335678983054,0.971664321016946,0.944
"DRC","ramp_high",10.5,1.0135,1.23088394564387,2000,0.0275234017487285,0.959554132572492,1.06744586742751,0.985976598251272,1.04102340174873,1.0135
"DRC","ramp_high",11.5,1.0395,1.28909682930246,2000,0.0288250813989975,0.983002840457965,1.09599715954204,1.010674918601,1.068325081399,1.0395
"DRC","ramp_high",12.5,1.1955,1.44337154284867,2000,0.0322747688659838,1.13224145302267,1.25875854697733,1.16322523113402,1.22777476886598,1.1955
"DRC","ramp_high",13.5,1.187,1.4279532643832,2000,0.0319300056785356,1.12441718887007,1.24958281112993,1.15506999432146,1.21893000567854,1.187
"DRC","ramp_high",14.5,1.251,1.50270691221942,2000,0.0336015480598143,1.18514096580276,1.31685903419724,1.21739845194019,1.28460154805981,1.251
"DRC","ramp_high",15.5,1.2305,1.52955533399739,2000,0.0342018970216557,1.16346428183755,1.29753571816245,1.19629810297834,1.26470189702166,1.2305
"DRC","ramp_high",16.5,1.097,1.41830772345045,2000,0.0317143248264818,1.0348399233401,1.1591600766599,1.06528567517352,1.12871432482648,1.097
"DRC","ramp_high",17.5,0.9335,1.22793797312117,2000,0.0274575278005224,0.879683245510976,0.987316754489024,0.906042472199478,0.960957527800522,0.9335
"DRC","ramp_high",18.5,0.848,1.18515749972296,2000,0.0265009273342422,0.796058182424885,0.899941817575115,0.821499072665758,0.874500927334242,0.848
"DRC","ramp_high",19.5,0.757,1.12275611360853,2000,0.0251055899218214,0.70779304375323,0.80620695624677,0.731894410078179,0.782105589921821,0.757
"DRC","ramp_high",20.5,0.596,0.933927250943577,2000,0.0208832481914934,0.555068833544673,0.636931166455327,0.575116751808507,0.616883248191493,0.596
"DRC","ramp_high",21.5,0.5135,0.873612814509287,2000,0.0195345763925768,0.475212230270549,0.55178776972945,0.493965423607423,0.533034576392577,0.5135
"DRC","ramp_high",22.5,0.3865,0.734430012813924,2000,0.0164223543336798,0.354312185505988,0.418687814494012,0.37007764566632,0.40292235433368,0.3865
"DRC","ramp_high",23.5,0.3105,0.61828867889136,2000,0.0138253551571962,0.283402303891895,0.337597696108105,0.296674644842804,0.324325355157196,0.3105
"DRC","ramp_high",24.5,0.2775,0.6121119918326,2000,0.0136872402358049,0.250673009137822,0.304326990862178,0.263812759764195,0.291187240235805,0.2775
"DRC","ramp_high",25.5,0.2485,0.57000895177405,2000,0.0127457876395018,0.223518256226577,0.273481743773423,0.235754212360498,0.261245787639502,0.2485
"DRC","ramp_high",26.5,0.1855,0.482914436703427,2000,0.0107982950778488,0.164335341647416,0.206664658352584,0.174701704922151,0.196298295077849,0.1855
"DRC","ramp_high",27.5,0.157,0.438688070970486,2000,0.00980936347608258,0.137773647586878,0.176226352413122,0.147190636523917,0.166809363476083,0.157
"DRC","ramp_high",28.5,0.1315,0.413876064418262,2000,0.00925455014299315,0.113361081719733,0.149638918280267,0.122245449857007,0.140754550142993,0.1315
"DRC","ramp_high",29.5,0.119,0.391044061109313,2000,0.00874401102838007,0.101861738384375,0.136138261615625,0.11025598897162,0.12774401102838,0.119
"DRC","ramp_high",30.5,0.149,0.42057988982102,2000,0.00940445223609171,0.13056727361726,0.16743272638274,0.139595547763908,0.158404452236092,0.149
"DRC","ramp_high",31.5,0.1855,0.500214811284826,2000,0.011185143213851,0.163577119300852,0.207422880699148,0.174314856786149,0.196685143213851,0.1855
"DRC","ramp_high",32.5,0.1645,0.469627538601077,2000,0.0105011910041792,0.143917665631809,0.185082334368191,0.153998808995821,0.175001191004179,0.1645
"DRC","ramp_high",33.5,0.1445,0.446899999781721,2000,0.0099929877865657,0.124913743938331,0.164086256061669,0.134507012213434,0.154492987786566,0.1445
"DRC","ramp_high",34.5,0.1535,0.471220515668825,2000,0.01053681105428,0.132847850333611,0.174152149666389,0.14296318894572,0.16403681105428,0.1535
"DRC","ramp_high",35.5,0.1885,0.571078642051779,2000,0.0127697066412605,0.163471374983129,0.213528625016871,0.17573029335874,0.20126970664126,0.1885
"DRC","ramp_high",36.5,0.2035,0.566787768205255,2000,0.0126737597852234,0.178659430820962,0.228340569179038,0.190826240214777,0.216173759785223,0.2035
"DRC","ramp_high",37.5,0.2245,0.636633647556112,2000,0.0142355611269911,0.196598300191097,0.252401699808903,0.210264438873009,0.238735561126991,0.2245
"DRC","ramp_high",38.5,0.314,0.79228647529127,2000,0.0177160641640499,0.279276514238462,0.348723485761538,0.29628393583595,0.33171606416405,0.314
"DRC","ramp_high",39.5,0.3435,0.871141316662686,2000,0.0194793120206644,0.305320548439498,0.381679451560502,0.324020687979336,0.362979312020664,0.3435
"DRC","ramp_high",40.5,0.461,1.0358646184487,2000,0.0231626370233818,0.415601231434172,0.506398768565828,0.437837362976618,0.484162637023382,0.461
"DRC","ramp_high",41.5,0.4965,1.10072410111407,2000,0.0246129391456342,0.448258639274557,0.544741360725443,0.471887060854366,0.521112939145634,0.4965
"DRC","ramp_high",42.5,0.587,1.2681621022404,2000,0.0283569666709856,0.531420345324868,0.642579654675132,0.558643033329014,0.615356966670986,0.587
"DRC","ramp_high",43.5,0.733,1.55142336492287,2000,0.0346908810584901,0.665005873125359,0.800994126874641,0.69830911894151,0.76769088105849,0.733
"DRC","ramp_high",44.5,0.7275,1.45543907514218,2000,0.0325446070912734,0.663712570101104,0.791287429898896,0.694955392908727,0.760044607091273,0.7275
"DRC","ramp_high",45.5,0.6495,1.33549298791135,2000,0.0298625310444408,0.590969439152896,0.708030560847104,0.619637468955559,0.679362531044441,0.6495
"DRC","ramp_high",46.5,0.7535,1.48621740370833,2000,0.0332328314403508,0.688363650376912,0.818636349623088,0.720267168559649,0.786732831440351,0.7535
"DRC","ramp_high",47.5,0.791,1.53866914941962,2000,0.0344056881298404,0.723564851265513,0.858435148734487,0.75659431187016,0.82540568812984,0.791
"DRC","ramp_high",48.5,0.749,1.4690398357497,2000,0.0328487293439146,0.684616490485927,0.813383509514073,0.716151270656085,0.781848729343915,0.749
"DRC","ramp_high",49.5,0.68,1.34294517791138,2000,0.030029167078654,0.621142832525838,0.738857167474162,0.649970832921346,0.710029167078654,0.68
"DRC","ramp_high",50.5,0.58,1.21092244449564,2000,0.0270770490137246,0.5269289839331,0.6330710160669,0.552922950986275,0.607077049013725,0.58
"DRC","ramp_high",51.5,0.529,1.17339141965154,2000,0.0262378297855583,0.477573853620306,0.580426146379694,0.502762170214442,0.555237829785558,0.529
"DRC","ramp_high",52.5,0.4685,1.02593080517572,2000,0.0229405102058401,0.423536599996554,0.513463400003447,0.44555948979416,0.49144051020584,0.4685
"DRC","ramp_high",53.5,0.437,1.0072429047328,2000,0.0225226360483688,0.392855633345197,0.481144366654803,0.414477363951631,0.459522636048369,0.437
"DRC","ramp_high",54.5,0.3885,0.913227650901562,2000,0.0204203910634834,0.348476033515573,0.428523966484427,0.368079608936517,0.408920391063483,0.3885
"DRC","ramp_high",55.5,0.365,0.85915311326679,2000,0.0192112476434512,0.327345954618836,0.402654045381164,0.345788752356549,0.384211247643451,0.365
"DRC","ramp_high",56.5,0.3065,0.761477296993757,2000,0.0170271499940084,0.273126786011744,0.339873213988256,0.289472850005992,0.323527149994008,0.3065
"DRC","ramp_high",57.5,0.2565,0.689162696764201,2000,0.0154101463752183,0.226296113104572,0.286703886895428,0.241089853624782,0.271910146375218,0.2565
"DRC","ramp_high",58.5,0.263,0.685613617875628,2000,0.0153307865586947,0.232951658344958,0.293048341655042,0.247669213441305,0.278330786558695,0.263
"DRC","ramp_high",59.5,0.231,0.671464393855778,2000,0.0150144002913221,0.201571775429009,0.260428224570991,0.215985599708678,0.246014400291322,0.231
"DRC","ramp_high",60.5,0.234,0.674886461464396,2000,0.0150909200492868,0.204421796703398,0.263578203296602,0.218909079950713,0.249090920049287,0.234
"DRC","ramp_high",61.5,0.1985,0.572941428891706,2000,0.0128113598212772,0.173389734750297,0.223610265249703,0.185688640178723,0.211311359821277,0.1985
"DRC","ramp_high",62.5,0.1775,0.535851955916305,2000,0.0119820139930508,0.15401525257362,0.20098474742638,0.165517986006949,0.189482013993051,0.1775
"DRC","ramp_high",63.5,0.174,0.536533255229332,2000,0.0119972483088203,0.150485393314712,0.197514606685288,0.16200275169118,0.18599724830882,0.174
"DRC","ramp_high",64.5,0.163,0.56355105793304,2000,0.012601384743302,0.138301285903128,0.187698714096872,0.150398615256698,0.175601384743302,0.163
"DRC","ramp_high",65.5,0.1335,0.448082736857307,2000,0.0100194345915709,0.113861908200521,0.153138091799479,0.123480565408429,0.143519434591571,0.1335
"DRC","ramp_high",66.5,0.123,0.432393897090512,2000,0.00966862146950434,0.104049501919771,0.141950498080228,0.113331378530496,0.132668621469504,0.123
"DRC","ramp_high",67.5,0.123,0.426570018860322,2000,0.00953839559335047,0.104304744637033,0.141695255362967,0.11346160440665,0.13253839559335,0.123
"DRC","ramp_high",68.5,0.0985,0.380618161800703,2000,0.00851088083257386,0.0818186735681552,0.115181326431845,0.0899891191674261,0.107010880832574,0.0985
"DRC","ramp_high",69.5,0.0895,0.376245305970895,2000,0.00841310080366129,0.0730103224248239,0.105989677575176,0.0810868991963387,0.0979131008036613,0.0895
"DRC","ramp_high",70.5,0.0995,0.376391531908791,2000,0.00841637051503337,0.0830039137905346,0.115996086209465,0.0910836294849666,0.107916370515033,0.0995
"DRC","ramp_high",71.5,0.071,0.322507372788207,2000,0.00721148408799296,0.0568654911875338,0.0851345088124662,0.063788515912007,0.078211484087993,0.071
"DRC","ramp_high",72.5,0.071,0.308231249635117,2000,0.00689226026973829,0.0574911698713129,0.084508830128687,0.0641077397302617,0.0778922602697383,0.071
"DRC","ramp_high",73.5,0.06,0.290589437369212,2000,0.00649777735500976,0.0472643563841809,0.0727356436158191,0.0535022226449902,0.0664977773550098,0.06
"DRC","ramp_high",74.5,0.0635,0.285496942631836,2000,0.00638390571093144,0.0509875448065744,0.0760124551934256,0.0571160942890686,0.0698839057109314,0.0635
"DRC","ramp_high",75.5,0.0545,0.283848612851127,2000,0.00634704793654139,0.0420597860443789,0.0669402139556211,0.0481529520634586,0.0608470479365414,0.0545
"DRC","ramp_high",76.5,0.0545,0.27670929514024,2000,0.00618740793939629,0.0423726804387833,0.0666273195612167,0.0483125920606037,0.0606874079393963,0.0545
"DRC","ramp_high",77.5,0.054,0.301876737729808,2000,0.00675016906389726,0.0407696686347614,0.0672303313652386,0.0472498309361027,0.0607501690638973,0.054
"DRC","ramp_high",78.5,0.04,0.231142192939062,2000,0.00516849655880113,0.0298697467447498,0.0501302532552502,0.0348315034411989,0.0451684965588011,0.04
"DRC","ramp_high",79.5,0.0385,0.219184330839234,2000,0.0049011106335933,0.0288938231581571,0.0481061768418429,0.0335988893664067,0.0434011106335933,0.0385
"DRC","ramp_low",0.5,0,0,2000,0,0,0,0,0,0
"DRC","ramp_low",1.5,0,0,2000,0,0,0,0,0,0
"DRC","ramp_low",2.5,0.0205,0.14173847359644,2000,0.00316936861988699,0.0142880375050215,0.0267119624949785,0.017330631380113,0.023669368619887,0.0205
"DRC","ramp_low",3.5,0.0715,0.276452460617537,2000,0.00618166494487896,0.0593839367080372,0.0836160632919628,0.065318335055121,0.077681664944879,0.0715
"DRC","ramp_low",4.5,0.1905,0.475734076407953,2000,0.0106377373406126,0.169650034812399,0.211349965187601,0.179862262659387,0.201137737340613,0.1905
"DRC","ramp_low",5.5,0.356,0.64457097038878,2000,0.0144130450611232,0.327750431680199,0.384249568319801,0.341586954938877,0.370413045061123,0.356
"DRC","ramp_low",6.5,0.5655,0.892809220467663,2000,0.0199638210790429,0.526370910685076,0.604629089314924,0.545536178920957,0.585463821079043,0.5655
"DRC","ramp_low",7.5,0.746,1.05690232342475,2000,0.023633054407552,0.699679213361198,0.792320786638802,0.722366945592448,0.769633054407552,0.746
"DRC","ramp_low",8.5,0.976,1.17478255733924,2000,0.0262689365699157,0.924512884322965,1.02748711567703,0.949731063430084,1.00226893656992,0.976
"DRC","ramp_low",9.5,1.1225,1.40800745470194,2000,0.0314840038154,1.06079135252182,1.18420864747818,1.0910159961846,1.1539840038154,1.1225
"DRC","ramp_low",10.5,1.2745,1.52555347553055,2000,0.0341124127459738,1.20763967101789,1.34136032898211,1.24038758725403,1.30861241274597,1.2745
"DRC","ramp_low",11.5,1.3575,1.56554118745078,2000,0.0350065651671569,1.28888713227237,1.42611286772763,1.32249343483284,1.39250656516716,1.3575
"DRC","ramp_low",12.5,1.687,1.84112081703822,2000,0.041168713016874,1.60630932248693,1.76769067751307,1.64583128698313,1.72816871301687,1.687
"DRC","ramp_low",13.5,1.746,1.90612188758357,2000,0.0426221811403708,1.66246052496487,1.82953947503513,1.70337781885963,1.78862218114037,1.746
"DRC","ramp_low",14.5,1.7775,2.02287907940266,2000,0.0452329513180654,1.68884341541659,1.86615658458341,1.73226704868193,1.82273295131807,1.7775
"DRC","ramp_low",15.5,1.9275,2.12190833861851,2000,0.0474473128717462,1.83450326677138,2.02049673322862,1.88005268712825,1.97494731287175,1.9275
"DRC","ramp_low",16.5,1.712,1.89600986988817,2000,0.0423960695508048,1.62890370368042,1.79509629631958,1.6696039304492,1.7543960695508,1.712
"DRC","ramp_low",17.5,1.532,1.82938495802888,2000,0.0409062912316818,1.4518236691859,1.6121763308141,1.49109370876832,1.57290629123168,1.532
"DRC","ramp_low",18.5,1.455,1.75855658442665,2000,0.0393225206505783,1.37792785952487,1.53207214047513,1.41567747934942,1.49432252065058,1.455
"DRC","ramp_low",19.5,1.2735,1.67693285551359,2000,0.0374973585863121,1.20000517717083,1.34699482282917,1.23600264141369,1.31099735858631,1.2735
"DRC","ramp_low",20.5,1.1055,1.49749490666838,2000,0.0334850040727021,1.0398693920175,1.1711306079825,1.0720149959273,1.1389850040727,1.1055
"DRC","ramp_low",21.5,0.984,1.44457169905022,2000,0.0323016051744867,0.920688853858006,1.04731114614199,0.951698394825513,1.01630160517449,0.984
"DRC","ramp_low",22.5,0.8165,1.26713478575984,2000,0.0283339951761364,0.760965369454773,0.872034630545227,0.788166004823864,0.844833995176136,0.8165
"DRC","ramp_low",23.5,0.687,1.10573157735527,2000,0.0247249097183446,0.638539176952045,0.735460823047955,0.662275090281655,0.711724909718345,0.687
"DRC","ramp_low",24.5,0.612,1.01635254033388,2000,0.0227263336929114,0.567456385961894,0.656543614038106,0.589273666307089,0.634726333692911,0.612
"DRC","ramp_low",25.5,0.5375,0.962318439181748,2000,0.0215180944601188,0.495324534858167,0.579675465141833,0.515981905539881,0.559018094460119,0.5375
"DRC","ramp_low",26.5,0.448,0.858291519337156,2000,0.0191919818174946,0.410383715637711,0.485616284362289,0.428808018182505,0.467191981817495,0.448
"DRC","ramp_low",27.5,0.393,0.791115624903202,2000,0.0176898831534578,0.358327829019223,0.427672170980777,0.375310116846542,0.410689883153458,0.393
"DRC","ramp_low",28.5,0.342,0.743177069128239,2000,0.016617944458898,0.30942882886056,0.37457117113944,0.325382055541102,0.358617944458898,0.342
"DRC","ramp_low",29.5,0.272,0.650559462160765,2000,0.0145469518079717,0.243487974456375,0.300512025543625,0.257453048192028,0.286546951807972,0.272
"DRC","ramp_low",30.5,0.3255,0.743522806026514,2000,0.0166256753709667,0.292913676272905,0.358086323727095,0.308874324629033,0.342125675370967,0.3255
"DRC","ramp_low",31.5,0.4225,0.964084269781236,2000,0.0215575796326909,0.380247143919926,0.464752856080074,0.400942420367309,0.444057579632691,0.4225
"DRC","ramp_low",32.5,0.354,0.837278040592627,2000,0.0187221061483294,0.317304671949274,0.390695328050726,0.335277893851671,0.372722106148329,0.354
"DRC","ramp_low",33.5,0.298,0.756625562032212,2000,0.0169186619021801,0.264839422671727,0.331160577328273,0.28108133809782,0.31491866190218,0.298
"DRC","ramp_low",34.5,0.303,0.778777405375607,2000,0.0174139921776077,0.268868575331889,0.337131424668111,0.285586007822392,0.320413992177608,0.303
"DRC","ramp_low",35.5,0.3595,0.880708563479937,2000,0.0196932421630733,0.320901245360376,0.398098754639624,0.339806757836927,0.379193242163073,0.3595
"DRC","ramp_low",36.5,0.4355,0.996662640119065,2000,0.0222860541394064,0.391819333886763,0.479180666113237,0.413213945860594,0.457786054139406,0.4355
"DRC","ramp_low",37.5,0.4975,1.13297641978282,2000,0.0253341229153872,0.447845119085841,0.547154880914159,0.472165877084613,0.522834122915387,0.4975
"DRC","ramp_low",38.5,0.571,1.2416641514244,2000,0.0277644544780954,0.516581669222933,0.625418330777067,0.543235545521905,0.598764454478095,0.571
"DRC","ramp_low",39.5,0.6665,1.42136831748389,2000,0.0317827617895847,0.604205786892414,0.728794213107586,0.634717238210415,0.698282761789585,0.6665
"DRC","ramp_low",40.5,0.794,1.66251194671993,2000,0.0371748972627127,0.721137201365083,0.866862798634917,0.756825102737287,0.831174897262713,0.794
"DRC","ramp_low",41.5,0.908,1.84125802525278,2000,0.0411717810858225,0.827303309071788,0.988696690928212,0.866828218914178,0.949171781085822,0.908
"DRC","ramp_low",42.5,1.069,2.03551238152158,2000,0.0455154405412475,0.979789736539155,1.15821026346084,1.02348455945875,1.11451544054125,1.069
"DRC","ramp_low",43.5,1.2795,2.46341510042025,2000,0.0550836362133914,1.17153607302175,1.38746392697825,1.22441636378661,1.33458363621339,1.2795
"DRC","ramp_low",44.5,1.3285,2.54790770375095,2000,0.0569729482598251,1.21683302141074,1.44016697858926,1.27152705174017,1.38547294825983,1.3285
"DRC","ramp_low",45.5,1.131,2.11378169083713,2000,0.0472655955030626,1.038359432814,1.223640567186,1.08373440449694,1.17826559550306,1.131
"DRC","ramp_low",46.5,1.386,2.48094367948375,2000,0.0554755871567412,1.27726784917279,1.49473215082721,1.33052441284326,1.44147558715674,1.386
"DRC","ramp_low",47.5,1.463,2.65238544979555,2000,0.0593091416827421,1.34675408230183,1.57924591769817,1.40369085831726,1.52230914168274,1.463
"DRC","ramp_low",48.5,1.331,2.46037918477344,2000,0.0550157510757893,1.22316912789145,1.43883087210855,1.27598424892421,1.38601575107579,1.331
"DRC","ramp_low",49.5,1.236,2.3556482206114,2000,0.052673895523635,1.13275916477368,1.33924083522632,1.18332610447636,1.28867389552363,1.236
"DRC","ramp_low",50.5,1.016,1.92914613298247,2000,0.0431370189187964,0.931451442919159,1.10054855708084,0.972862981081204,1.0591370189188,1.016
"DRC","ramp_low",51.5,0.942,1.8347531603951,2000,0.0410263278857601,0.86158839734391,1.02241160265609,0.90097367211424,0.98302632788576,0.942
"DRC","ramp_low",52.5,0.819,1.64547646485697,2000,0.0367939723079623,0.746883814276394,0.891116185723606,0.782206027692038,0.855793972307962,0.819
"DRC","ramp_low",53.5,0.709,1.46744529637357,2000,0.0328130743595364,0.644686374255309,0.773313625744691,0.676186925640464,0.741813074359536,0.709
"DRC","ramp_low",54.5,0.6435,1.39799318398597,2000,0.03126007791474,0.582230247287109,0.70476975271289,0.61223992208526,0.67476007791474,0.6435
"DRC","ramp_low",55.5,0.6015,1.26075076690364,2000,0.0281912441748154,0.546245161417362,0.656754838582638,0.573308755825185,0.629691244174815,0.6015
"DRC","ramp_low",56.5,0.482,1.13987967032991,2000,0.0254884842902772,0.432042570791057,0.531957429208943,0.456511515709723,0.507488484290277,0.482
"DRC","ramp_low",57.5,0.43,1.0356815717966,2000,0.0231585439758103,0.384609253807412,0.475390746192588,0.40684145602419,0.45315854397581,0.43
"DRC","ramp_low",58.5,0.395,0.951013782027791,2000,0.0212653146415331,0.353319983302595,0.436680016697405,0.373734685358467,0.416265314641533,0.395
"DRC","ramp_low",59.5,0.383,0.960089519754784,2000,0.0214682543065682,0.340922221559126,0.425077778440874,0.361531745693432,0.404468254306568,0.383
"DRC","ramp_low",60.5,0.345,0.89295783038362,2000,0.019967144097785,0.305864397568341,0.384135602431659,0.325032855902215,0.364967144097785,0.345
"DRC","ramp_low",61.5,0.308,0.859945203414984,2000,0.0192289593176079,0.270311239737489,0.345688760262511,0.288771040682392,0.327228959317608,0.308
"DRC","ramp_low",62.5,0.2985,0.831109572535884,2000,0.0185841750094103,0.262075016981556,0.334924983018444,0.27991582499059,0.31708417500941,0.2985
"DRC","ramp_low",63.5,0.247,0.702308777397382,2000,0.0157041016745531,0.216219960717876,0.277780039282124,0.231295898325447,0.262704101674553,0.247
"DRC","ramp_low",64.5,0.2335,0.652066212261137,2000,0.0145806437644671,0.204921938221645,0.262078061778356,0.218919356235533,0.248080643764467,0.2335
"DRC","ramp_low",65.5,0.2165,0.666970895232726,2000,0.0149139226075427,0.187268711689216,0.245731288310784,0.201586077392457,0.231413922607543,0.2165
"DRC","ramp_low",66.5,0.1935,0.596016247835444,2000,0.0133273284585442,0.167378436221253,0.219621563778747,0.180172671541456,0.206827328458544,0.1935
"DRC","ramp_low",67.5,0.1965,0.641165576624575,2000,0.014336898141654,0.168399679642358,0.224600320357642,0.182163101858346,0.210836898141654,0.1965
"DRC","ramp_low",68.5,0.175,0.545457387777396,2000,0.0121967979789972,0.151094275961165,0.198905724038834,0.162803202021003,0.187196797978997,0.175
"DRC","ramp_low",69.5,0.151,0.524725326560637,2000,0.0117332149970536,0.128002898605775,0.173997101394225,0.139266785002946,0.162733214997054,0.151
"DRC","ramp_low",70.5,0.1565,0.541437279067097,2000,0.0121069056154655,0.132770464993688,0.180229535006312,0.144393094384534,0.168606905615466,0.1565
"DRC","ramp_low",71.5,0.127,0.464735397290488,2000,0.010391799398919,0.106632073178119,0.147367926821881,0.116608200601081,0.137391799398919,0.127
"DRC","ramp_low",72.5,0.1225,0.467550052428361,2000,0.0104547370011341,0.102008715477777,0.142991284522223,0.112045262998866,0.132954737001134,0.1225
"DRC","ramp_low",73.5,0.0995,0.392016056168809,2000,0.00876574549864833,0.0823191388226493,0.116680861177351,0.0907342545013517,0.108265745498648,0.0995
"DRC","ramp_low",74.5,0.1085,0.4287419501634,2000,0.00958696145371188,0.0897095555507247,0.127290444449275,0.0989130385462881,0.118086961453712,0.1085
"DRC","ramp_low",75.5,0.0965,0.422228478959227,2000,0.0094413158098917,0.0779950210126123,0.115004978987388,0.0870586841901083,0.105941315809892,0.0965
"DRC","ramp_low",76.5,0.098,0.430684042393245,2000,0.00963038795615696,0.0791244396059324,0.116875560394068,0.088369612043843,0.107630387956157,0.098
"DRC","ramp_low",77.5,0.0815,0.361833126739113,2000,0.00809083467899953,0.0656419640291609,0.0973580359708391,0.0734091653210005,0.0895908346789995,0.0815
"DRC","ramp_low",78.5,0.0835,0.395734826653547,2000,0.00884889973461428,0.066156156520156,0.100843843479844,0.0746511002653857,0.0923488997346143,0.0835
"DRC","ramp_low",79.5,0.0575,0.30698675938095,2000,0.00686443262168177,0.0440457120615037,0.0709542879384963,0.0506355673783182,0.0643644326216818,0.0575
"WestAfrica","baseline",0.5,0,0,2000,0,0,0,0,0,0
"WestAfrica","baseline",1.5,0.0025,0.0499499499374061,2000,0.00111691483532751,0.000310846922758073,0.00468915307724193,0.00138308516467249,0.00361691483532751,0.0025
"WestAfrica","baseline",2.5,0.017,0.129303362987356,2000,0.00289131109359058,0.0113330302565625,0.0226669697434375,0.0141086889064094,0.0198913110935906,0.017
"WestAfrica","baseline",3.5,0.0565,0.233098514492756,2000,0.00521224123860021,0.0462840071723436,0.0667159928276564,0.0512877587613998,0.0617122412386002,0.0565
"WestAfrica","baseline",4.5,0.1895,0.482396209615629,2000,0.0107867071678878,0.16835805395094,0.21064194604906,0.178713292832112,0.200286707167888,0.1895
"WestAfrica","baseline",5.5,0.37,0.70096053586234,2000,0.0156739540773287,0.339279050008436,0.400720949991564,0.354326045922671,0.385673954077329,0.37
"WestAfrica","baseline",6.5,0.577,0.885134301315728,2000,0.0197922046695875,0.538207278847608,0.615792721152391,0.557207795330412,0.596792204669587,0.577
"WestAfrica","baseline",7.5,0.81,1.13514063980463,2000,0.0253825163462576,0.760250267961335,0.859749732038665,0.784617483653743,0.835382516346258,0.81
"WestAfrica","baseline",8.5,0.957,1.22633720952915,2000,0.0274217336384458,0.903253402068646,1.01074659793135,0.929578266361554,0.984421733638446,0.957
"WestAfrica","baseline",9.5,1.1905,1.41852594545499,2000,0.0317192044188451,1.12833035933906,1.25266964066094,1.15878079558115,1.22221920441884,1.1905
"WestAfrica","baseline",10.5,1.475,1.73979551793368,2000,0.0389030104504916,1.39875009951704,1.55124990048296,1.43609698954951,1.51390301045049,1.475
"WestAfrica","baseline",11.5,1.719,1.89019189838131,2000,0.0422659757529999,1.63615868752412,1.80184131247588,1.676734024247,1.761265975753,1.719
"WestAfrica","baseline",12.5,2.131,2.25152696782504,2000,0.0503456735323077,2.03232247987668,2.22967752012332,2.08065432646769,2.18134567353231,2.131
"WestAfrica","baseline",13.5,2.64,2.72325321151505,2000,0.0608937930089226,2.52064816570251,2.75935183429749,2.57910620699108,2.70089379300892,2.64
"WestAfrica","baseline",14.5,3.1445,3.16964399760222,2000,0.0708753944311274,3.00558422691499,3.28341577308501,3.07362460556887,3.21537539443113,3.1445
"WestAfrica","baseline",15.5,3.6995,3.68279530256846,2000,0.0823498064375998,3.5380943793823,3.8609056206177,3.6171501935624,3.7818498064376,3.6995
"WestAfrica","baseline",16.5,4.4225,4.19699906487663,2000,0.0938477521056719,4.23855840587288,4.60644159412712,4.32865224789433,4.51634775210567,4.4225
"WestAfrica","baseline",17.5,5.273,5.04561196487106,2000,0.11282331341538,5.05186630570586,5.49413369429414,5.16017668658462,5.38582331341538,5.273
"WestAfrica","baseline",18.5,6.213,5.94788362863884,2000,0.132998721158946,5.95232250652847,6.47367749347153,6.08000127884105,6.34599872115895,6.213
"WestAfrica","baseline",19.5,7.436,7.01081163203448,2000,0.156766513866753,7.12873763282116,7.74326236717884,7.27923348613325,7.59276651386675,7.436
"WestAfrica","baseline",20.5,8.598,7.98738349821603,2000,0.178603324643711,8.24793748369833,8.94806251630168,8.41939667535629,8.77660332464371,8.598
"WestAfrica","baseline",21.5,10.191,9.58678633516561,2000,0.214367059311964,9.77084056374855,10.6111594362514,9.97663294068804,10.405367059312,10.191
"WestAfrica","baseline",22.5,11.698,11.1154654777204,2000,0.248549364097349,11.2108432463692,12.1851567536308,11.4494506359027,11.9465493640973,11.698
"WestAfrica","baseline",23.5,13.3855,12.6039009401635,2000,0.281831792838791,12.833109686036,13.937890313964,13.1036682071612,13.6673317928388,13.3855
"WestAfrica","baseline",24.5,15.279,14.3505096621612,2000,0.3208871511636,14.6500611837193,15.9079388162807,14.9581128488364,15.5998871511636,15.279
"WestAfrica","baseline",25.5,17.1685,16.3844234691431,2000,0.36636684649147,16.4504209808767,17.8865790191233,16.8021331535085,17.5348668464915,17.1685
"WestAfrica","baseline",26.5,19.4155,18.6224664821537,2000,0.416411009628071,18.599334421129,20.231665578871,18.9990889903719,19.8319110096281,19.4155
"WestAfrica","baseline",27.5,21.1775,20.1032102730295,2000,0.449521447364662,20.2964379631653,22.0585620368347,20.7279785526353,21.6270214473647,21.1775
"WestAfrica","baseline",28.5,23.379,21.822453316123,2000,0.487964890506667,22.4225888146069,24.3354111853931,22.8910351094933,23.8669648905067,23.379
"WestAfrica","baseline",29.5,24.916,23.0269204092029,2000,0.51489759347455,23.9068007167899,25.9251992832101,24.4011024065254,25.4308975934746,24.916
"WestAfrica","baseline",30.5,26.1585,24.3335044222721,2000,0.544113700189921,25.0920371476278,27.2249628523722,25.6143862998101,26.7026137001899,26.1585
"WestAfrica","baseline",31.5,27.034,24.2705247818541,2000,0.54270543261819,25.9702973520683,28.0977026479317,26.4912945673818,27.5767054326182,27.034
"WestAfrica","baseline",32.5,27.156,24.0313631991322,2000,0.537357617052464,26.1027790705772,28.2092209294228,26.6186423829475,27.6933576170525,27.156
"WestAfrica","baseline",33.5,26.7455,23.5059778619743,2000,0.525609643769796,25.7153050982112,27.7756949017888,26.2198903562302,27.2711096437698,26.7455
"WestAfrica","baseline",34.5,25.697,22.8016479354955,2000,0.509860347827857,24.6976737182574,26.6963262817426,25.1871396521721,26.2068603478279,25.697
"WestAfrica","baseline",35.5,24.4135,21.7077666127969,2000,0.485400417859141,23.4621151809961,25.3648848190039,23.9280995821409,24.8989004178591,24.4135
"WestAfrica","baseline",36.5,22.5095,20.1505317973461,2000,0.45057958881637,21.6263640059199,23.3926359940801,22.0589204111836,22.9600795888164,22.5095
"WestAfrica","baseline",37.5,20.6245,18.8273134997218,2000,0.420991528190775,19.7993566047461,21.4496433952539,20.2035084718092,21.0454915281908,20.6245
"WestAfrica","baseline",38.5,18.7455,17.2042356009009,2000,0.384698403045363,17.9914911300311,19.4995088699689,18.3608015969546,19.1301984030454,18.7455
"WestAfrica","baseline",39.5,16.7945,15.9514417529262,2000,0.356685080986715,16.095397241266,17.493602758734,16.4378149190133,17.1511850809867,16.7945
"WestAfrica","baseline",40.5,14.801,14.2418683608298,2000,0.318457857814188,14.1768225986842,15.4251774013158,14.4825421421858,15.1194578578142,14.801
"WestAfrica","baseline",41.5,12.914,12.8948727357596,2000,0.288338119983671,12.348857284832,13.479142715168,12.6256618800163,13.2023381199837,12.914
"WestAfrica","baseline",42.5,11.476,11.8263838800302,2000,0.264445982837553,10.9576858736384,11.9943141263616,11.2115540171624,11.7404459828376,11.476
"WestAfrica","baseline",43.5,9.888,10.4253920981515,2000,0.23311885423556,9.4310870456983,10.3449129543017,9.65488114576444,10.1211188542356,9.888
"WestAfrica","baseline",44.5,8.293,8.99353060796472,2000,0.201101457971341,7.89884114237617,8.68715885762383,8.09189854202866,8.49410145797134,8.293
"WestAfrica","baseline",45.5,7.1865,8.11995594768199,2000,0.181567734733207,6.83062723992292,7.54237276007708,7.00493226526679,7.36806773473321,7.1865
"WestAfrica","baseline",46.5,6.012,7.01772614456564,2000,0.156921127067263,5.70443459094816,6.31956540905183,5.85507887293274,6.16892112706726,6.012
"WestAfrica","baseline",47.5,5.088,6.16759885513146,2000,0.137911702980238,4.81769306215873,5.35830693784127,4.95008829701976,5.22591170298024,5.088
"WestAfrica","baseline",48.5,4.3335,5.42466508142418,2000,0.121299198772339,4.09575357040622,4.57124642959378,4.21220080122766,4.45479919877234,4.3335
"WestAfrica","baseline",49.5,3.5535,4.73596372729069,2000,0.105899368331953,3.34593723806937,3.76106276193063,3.44760063166805,3.65939936833195,3.5535
"WestAfrica","baseline",50.5,3.007,4.11745403299866,2000,0.0920690711201567,2.82654462060449,3.18745537939551,2.91493092887984,3.09906907112016,3.007
"WestAfrica","baseline",51.5,2.555,3.68154205136081,2000,0.082321782888668,2.39364930553821,2.71635069446179,2.47267821711133,2.63732178288867,2.555
"WestAfrica","baseline",52.5,2.0175,3.1779306744619,2000,0.0710606901587855,1.87822104728878,2.15677895271122,1.94643930984121,2.08856069015879,2.0175
"WestAfrica","baseline",53.5,1.7735,2.84872873009854,2000,0.0636995108995699,1.64864895863684,1.89835104136316,1.70980048910043,1.83719951089957,1.7735
"WestAfrica","baseline",54.5,1.463,2.50494877875618,2000,0.0560123574945391,1.3532157793107,1.5727842206893,1.40698764250546,1.51901235749454,1.463
"WestAfrica","baseline",55.5,1.264,2.31797120241983,2000,0.0518314117849766,1.16241043290145,1.36558956709855,1.21216858821502,1.31583141178498,1.264
"WestAfrica","baseline",56.5,1.0655,1.96675972653269,2000,0.04397808443936,0.979302954498854,1.15169704550115,1.02152191556064,1.10947808443936,1.0655
"WestAfrica","baseline",57.5,0.86,1.70729535485643,2000,0.0381762847112861,0.785174481965879,0.934825518034121,0.821823715288714,0.898176284711286,0.86
"WestAfrica","baseline",58.5,0.714,1.47725933660065,2000,0.0330325229703529,0.649256254978108,0.778743745021892,0.680967477029647,0.747032522970353,0.714
"WestAfrica","baseline",59.5,0.625,1.33051122883839,2000,0.0297511355250941,0.566687774370816,0.683312225629184,0.595248864474906,0.654751135525094,0.625
"WestAfrica","full",0.5,0,0,2000,0,0,0,0,0,0
"WestAfrica","full",1.5,0,0,2000,0,0,0,0,0,0
"WestAfrica","full",2.5,0.005,0.0705513199335929,2000,0.0015775754727385,0.00190795207343255,0.00809204792656745,0.0034224245272615,0.0065775754727385,0.005
"WestAfrica","full",3.5,0.012,0.108912492237956,2000,0.00243535736242987,0.00722669956963746,0.0167733004303625,0.00956464263757013,0.0144353573624299,0.012
"WestAfrica","full",4.5,0.036,0.196782523819674,2000,0.00440019100044762,0.0273756256391227,0.0446243743608773,0.0315998089995524,0.0404001910004476,0.036
"WestAfrica","full",5.5,0.0685,0.26989659517312,2000,0.00603507133702838,0.0566712601794244,0.0803287398205756,0.0624649286629716,0.0745350713370284,0.0685
"WestAfrica","full",6.5,0.1225,0.354339566326048,2000,0.0079232735742284,0.106970383794512,0.138029616205488,0.114576726425772,0.130423273574228,0.1225
"WestAfrica","full",7.5,0.155,0.421976340587962,2000,0.00943567782451287,0.136506071463955,0.173493928536045,0.145564322175487,0.164435677824513,0.155
"WestAfrica","full",8.5,0.177,0.436768111463733,2000,0.00976643187637112,0.157857793522313,0.196142206477687,0.167233568123629,0.186766431876371,0.177
"WestAfrica","full",9.5,0.233,0.518503059500477,2000,0.0115940808758469,0.21027560148334,0.25572439851666,0.221405919124153,0.244594080875847,0.233
"WestAfrica","full",10.5,0.309,0.59724144922664,2000,0.0133547247945126,0.282824739402755,0.335175260597245,0.295645275205487,0.322354724794513,0.309
"WestAfrica","full",11.5,0.3405,0.644800460465801,2000,0.014418176615247,0.312240373834116,0.368759626165884,0.326081823384753,0.354918176615247,0.3405
"WestAfrica","full",12.5,0.4265,0.732028471332516,2000,0.0163686542336476,0.394417437702051,0.458582562297949,0.410131345766352,0.442868654233648,0.4265
"WestAfrica","full",13.5,0.523,0.871694284404074,2000,0.0194916767552554,0.484796313559699,0.561203686440301,0.503508323244745,0.542491676755255,0.523
"WestAfrica","full",14.5,0.6045,0.903597252096861,2000,0.020205048799706,0.564898104352576,0.644101895647424,0.584294951200294,0.624705048799706,0.6045
"WestAfrica","full",15.5,0.753,1.06139261215564,2000,0.0237334603159608,0.706482417780717,0.799517582219283,0.729266539684039,0.776733460315961,0.753
"WestAfrica","full",16.5,0.873,1.18345734424305,2000,0.0264629107019884,0.821132695024103,0.924867304975897,0.846537089298012,0.899462910701988,0.873
"WestAfrica","full",17.5,1.035,1.3295333126382,2000,0.029729268654095,0.976730633437974,1.09326936656203,1.00527073134591,1.06472926865409,1.035
"WestAfrica","full",18.5,1.2655,1.5862748450196,2000,0.0354701838446178,1.19597843966455,1.33502156033545,1.23002981615538,1.30097018384462,1.2655
"WestAfrica","full",19.5,1.4965,1.8043324410371,2000,0.0403460999216708,1.41742164415353,1.57557835584647,1.45615390007833,1.53684609992167,1.4965
"WestAfrica","full",20.5,1.736,2.0108022435912,2000,0.0449629050597902,1.64787270608281,1.82412729391719,1.69103709494021,1.78096290505979,1.736
"WestAfrica","full",21.5,2.0475,2.29888803404962,2000,0.0514046991679581,1.9467467896308,2.1482532103692,1.99609530083204,2.09890469916796,2.0475
"WestAfrica","full",22.5,2.369,2.58769918915371,2000,0.0578627129226878,2.25558908267153,2.48241091732847,2.31113728707731,2.42686271292269,2.369
"WestAfrica","full",23.5,2.6915,2.96491536330395,2000,0.0662975229988111,2.56155685492233,2.82144314507767,2.62520247700119,2.75779752299881,2.6915
"WestAfrica","full",24.5,3.0435,3.27764843136353,2000,0.0732904469887441,2.89985072390206,3.18714927609794,2.97020955301126,3.11679044698874,3.0435
"WestAfrica","full",25.5,3.491,3.71144263099965,2000,0.0829903801750588,3.32833885485688,3.65366114514312,3.40800961982494,3.57399038017506,3.491
"WestAfrica","full",26.5,3.8535,4.19115982280921,2000,0.0937171826836738,3.66981432194,4.03718567806,3.75978281731633,3.94721718268367,3.8535
"WestAfrica","full",27.5,4.2,4.37545109516071,2000,0.0978380608100525,4.0082374008123,4.3917625991877,4.10216193918995,4.29783806081005,4.2
"WestAfrica","full",28.5,4.78,4.86594684715726,2000,0.108805879251444,4.56674047666717,4.99325952333283,4.67119412074856,4.88880587925144,4.78
"WestAfrica","full",29.5,4.8625,4.84792171166792,2000,0.108402824968866,4.65003046306102,5.07496953693898,4.75409717503113,4.97090282496887,4.8625
"WestAfrica","full",30.5,5.2,5.312825336535,2000,0.118798386050755,4.96715516334052,5.43284483665948,5.08120161394925,5.31879838605076,5.2
"WestAfrica","full",31.5,5.394,5.24056254116616,2000,0.117182540823866,5.16432221998522,5.62367778001478,5.27681745917613,5.51118254082387,5.394
"WestAfrica","full",32.5,5.392,5.14242727504625,2000,0.114988169563524,5.16662318765549,5.61737681234451,5.27701183043648,5.50698816956352,5.392
"WestAfrica","full",33.5,5.3945,5.11859060043558,2000,0.114455165315654,5.17016787598132,5.61883212401868,5.28004483468435,5.50895516531565,5.3945
"WestAfrica","full",34.5,5.1365,4.98390282747335,2000,0.111443455154838,4.91807082789652,5.35492917210348,5.02505654484516,5.24794345515484,5.1365
"WestAfrica","full",35.5,4.77,4.69277221432362,2000,0.104933576741498,4.56433018958666,4.97566981041334,4.6650664232585,4.8749335767415,4.77
"WestAfrica","full",36.5,4.445,4.44453056305871,2000,0.0993827246707469,4.25020985964534,4.63979014035466,4.34561727532925,4.54438272467075,4.445
"WestAfrica","full",37.5,4.202,4.21818593073766,2000,0.0943215048286263,4.01712985053589,4.38687014946411,4.10767849517137,4.29632150482863,4.202
"WestAfrica","full",38.5,3.7455,3.79459210121553,2000,0.0848496588520169,3.57919466865005,3.91180533134995,3.66065034114798,3.83034965885202,3.7455
"WestAfrica","full",39.5,3.4085,3.67782421350895,2000,0.0822386495070071,3.24731224696627,3.56968775303373,3.32626135049299,3.49073864950701,3.4085
"WestAfrica","full",40.5,2.9645,3.20833078768721,2000,0.0717404573557404,2.82388870358275,3.10511129641725,2.89275954264426,3.03624045735574,2.9645
"WestAfrica","full",41.5,2.602,2.97422578320893,2000,0.0665057103168771,2.47164880777892,2.73235119222108,2.53549428968312,2.66850571031688,2.602
"WestAfrica","full",42.5,2.34,2.76753132137785,2000,0.0618838816446068,2.21870759197657,2.46129240802343,2.27811611835539,2.40188388164461,2.34
"WestAfrica","full",43.5,1.9175,2.3992857345506,2000,0.0536496599990066,1.81234666640195,2.02265333359805,1.86385034000099,1.97114965999901,1.9175
"WestAfrica","full",44.5,1.697,2.18782638528428,2000,0.0489212852046329,1.60111428099892,1.79288571900108,1.64807871479537,1.74592128520463,1.697
"WestAfrica","full",45.5,1.418,1.85741783142627,2000,0.0415331253368937,1.33659507433969,1.49940492566031,1.37646687466311,1.45953312533689,1.418
"WestAfrica","full",46.5,1.201,1.71261949444889,2000,0.0382953360917905,1.12594114126009,1.27605885873991,1.16270466390821,1.23929533609179,1.201
"WestAfrica","full",47.5,1.048,1.58270290144332,2000,0.0353903127581342,0.978634986994057,1.11736501300594,1.01260968724187,1.08339031275813,1.048
"WestAfrica","full",48.5,0.873,1.39529366880636,2000,0.0311997149202609,0.811848558756289,0.934151441243711,0.841800285079739,0.904199714920261,0.873
"WestAfrica","full",49.5,0.6975,1.13782295219215,2000,0.0254424946746115,0.647632710437761,0.747367289562239,0.672057505325389,0.722942494674611,0.6975
"WestAfrica","full",50.5,0.6145,1.0739955694702,2000,0.0240152710086897,0.567430068822968,0.661569931177032,0.59048472899131,0.63851527100869,0.6145
"WestAfrica","full",51.5,0.5225,1.02519230373126,2000,0.0229239968115272,0.477568966249407,0.567431033750593,0.499576003188473,0.545423996811527,0.5225
"WestAfrica","full",52.5,0.4105,0.845782137262224,2000,0.0189122635307339,0.373431963479761,0.447568036520238,0.391587736469266,0.429412263530734,0.4105
"WestAfrica","full",53.5,0.354,0.774586336050409,2000,0.0173202770185121,0.320052257043716,0.387947742956284,0.336679722981488,0.371320277018512,0.354
"WestAfrica","full",54.5,0.282,0.666106484673781,2000,0.01489459379984,0.252806596152314,0.311193403847686,0.26710540620016,0.29689459379984,0.282
"WestAfrica","full",55.5,0.243,0.644328005979598,2000,0.0144076122117727,0.214761080064925,0.271238919935075,0.228592387788227,0.257407612211773,0.243
"WestAfrica","full",56.5,0.2185,0.571770242846987,2000,0.0127851713051743,0.193441064241858,0.243558935758142,0.205714828694826,0.231285171305174,0.2185
"WestAfrica","full",57.5,0.1565,0.47341293804136,2000,0.0105858351088838,0.135751763186588,0.177248236813412,0.145914164891116,0.167085835108884,0.1565
"WestAfrica","full",58.5,0.141,0.438423434083737,2000,0.00980344601540134,0.121785245809813,0.160214754190187,0.131196553984599,0.150803446015401,0.141
"WestAfrica","full",59.5,0.1165,0.400009692228749,2000,0.00894448863482252,0.0989688022757479,0.134031197724252,0.107555511365177,0.125444488634823,0.1165
"WestAfrica","ramp_high",0.5,0,0,2000,0,0,0,0,0,0
"WestAfrica","ramp_high",1.5,0.001,0.0316148659632607,2000,0.000706929893933952,-0.000385582592110546,0.00238558259211055,0.000293070106066048,0.00170692989393395,0.001
"WestAfrica","ramp_high",2.5,0.019,0.13655886702108,2000,0.00305354909589489,0.013015043772046,0.024984956227954,0.0159464509041051,0.0220535490958949,0.019
"WestAfrica","ramp_high",3.5,0.0715,0.278256110861228,2000,0.00622199579040423,0.0593048882508077,0.0836951117491923,0.0652780042095958,0.0777219957904042,0.0715
"WestAfrica","ramp_high",4.5,0.1685,0.433822372550636,2000,0.00970056315183461,0.149486896222404,0.187513103777596,0.158799436848165,0.178200563151835,0.1685
"WestAfrica","ramp_high",5.5,0.3845,0.686946648473464,2000,0.0153605940290232,0.354393235703115,0.414606764296885,0.369139405970977,0.399860594029023,0.3845
"WestAfrica","ramp_high",6.5,0.6005,0.923214987398102,2000,0.0206437146966877,0.560038319194492,0.640961680805508,0.579856285303312,0.621143714696688,0.6005
"WestAfrica","ramp_high",7.5,0.749,1.08516717324887,2000,0.0242650756633577,0.701440451699819,0.796559548300181,0.724734924336642,0.773265075663358,0.749
"WestAfrica","ramp_high",8.5,0.897,1.16536261953845,2000,0.0260583003572519,0.845925731299786,0.948074268700214,0.870941699642748,0.923058300357252,0.897
"WestAfrica","ramp_high",9.5,1.055,1.33486551119073,2000,0.0298485002384247,0.996496939532687,1.11350306046731,1.02515149976158,1.08484850023842,1.055
"WestAfrica","ramp_high",10.5,1.2485,1.50628091373938,2000,0.0336814651633176,1.1824843282799,1.3145156717201,1.21481853483668,1.28218146516332,1.2485
"WestAfrica","ramp_high",11.5,1.449,1.6585458652668,2000,0.0370862129853777,1.37631102254866,1.52168897745134,1.41191378701462,1.48608621298538,1.449
"WestAfrica","ramp_high",12.5,1.7275,2.0060548043209,2000,0.0448567490905157,1.63958077178259,1.81541922821741,1.68264325090948,1.77235674909052,1.7275
"WestAfrica","ramp_high",13.5,2.0465,2.21918907488187,2000,0.0496225762636073,1.94923975052333,2.14376024947667,1.99687742373639,2.09612257626361,2.0465
"WestAfrica","ramp_high",14.5,2.3515,2.46961479762013,2000,0.0552222656571799,2.24326435931193,2.45973564068807,2.29627773434282,2.40672226565718,2.3515
"WestAfrica","ramp_high",15.5,2.636,2.73865918417454,2000,0.0612382810301838,2.51597296918084,2.75602703081916,2.57476171896982,2.69723828103018,2.636
"WestAfrica","ramp_high",16.5,3.0475,3.22404109317565,2000,0.0720917504659349,2.90620016908677,3.18879983091323,2.97540824953406,3.11959175046593,3.0475
"WestAfrica","ramp_high",17.5,3.4935,3.58530123455076,2000,0.0801697728026943,3.33636724530672,3.65063275469328,3.41333022719731,3.57366977280269,3.4935
"WestAfrica","ramp_high",18.5,3.8435,3.92806855990392,2000,0.0878342832022487,3.67134480492359,4.01565519507641,3.75566571679775,3.93133428320225,3.8435
"WestAfrica","ramp_high",19.5,4.354,4.48639586683308,2000,0.100318861322129,4.15737503180863,4.55062496819137,4.25368113867787,4.45431886132213,4.354
"WestAfrica","ramp_high",20.5,4.8415,4.82866811531751,2000,0.107972301466357,4.62987428912594,5.05312571087406,4.73352769853364,4.94947230146636,4.8415
"WestAfrica","ramp_high",21.5,5.3825,5.49711769034016,2000,0.122919288359172,5.14157819481602,5.62342180518398,5.25958071164083,5.50541928835917,5.3825
"WestAfrica","ramp_high",22.5,5.923,5.9821370748246,2000,0.133764651500295,5.66082128305942,6.18517871694058,5.7892353484997,6.0567646515003,5.923
"WestAfrica","ramp_high",23.5,6.4885,6.66251170964379,2000,0.148978290836518,6.19650254996042,6.78049745003958,6.33952170916348,6.63747829083652,6.4885
"WestAfrica","ramp_high",24.5,7.1105,7.27933954023791,2000,0.16277098043274,6.79146887835183,7.42953112164817,6.94772901956726,7.27327098043274,7.1105
"WestAfrica","ramp_high",25.5,7.6145,7.83949096302047,2000,0.175296347023091,7.27091915983474,7.95808084016526,7.43920365297691,7.78979634702309,7.6145
"WestAfrica","ramp_high",26.5,8.103,8.31384092796391,2000,0.185903134690472,7.73862985600667,8.46737014399332,7.91709686530953,8.28890313469047,8.103
"WestAfrica","ramp_high",27.5,8.6385,8.60109336965812,2000,0.192326294553783,8.26154046267459,9.01545953732541,8.44617370544622,8.83082629455378,8.6385
"WestAfrica","ramp_high",28.5,9.143,9.13188078236415,2000,0.204195061917902,8.74277767864091,9.54322232135909,8.9388049380821,9.3471950619179,9.143
"WestAfrica","ramp_high",29.5,9.563,9.26358127124626,2000,0.207139974376006,9.15700565022303,9.96899434977697,9.355860025624,9.77013997437601,9.563
"WestAfrica","ramp_high",30.5,9.925,9.33803911360643,2000,0.208804902345759,9.51574239140231,10.3342576085977,9.71619509765424,10.1338049023458,9.925
"WestAfrica","ramp_high",31.5,10.1575,9.40307942651505,2000,0.210259247955174,9.74539187400786,10.5696081259921,9.94724075204483,10.3677592479552,10.1575
"WestAfrica","ramp_high",32.5,10.1,9.26838451272593,2000,0.207247378120614,9.6937951388836,10.5062048611164,9.89275262187939,10.3072473781206,10.1
"WestAfrica","ramp_high",33.5,9.895,8.99424389326895,2000,0.201117407515617,9.50080988126939,10.2891901187306,9.69388259248438,10.0961174075156,9.895
"WestAfrica","ramp_high",34.5,9.4485,8.69903352920145,2000,0.194516303098443,9.06724804592705,9.82975195407295,9.25398369690155,9.64301630309844,9.4485
"WestAfrica","ramp_high",35.5,9.059,8.46589361363221,2000,0.18930313610363,8.68796585323689,9.43003414676311,8.86969686389637,9.24830313610363,9.059
"WestAfrica","ramp_high",36.5,8.2585,7.73230703192896,2000,0.172899641462928,7.91961670273266,8.59738329726734,8.08560035853707,8.43139964146293,8.2585
"WestAfrica","ramp_high",37.5,7.571,7.3018913857236,2000,0.163275255027981,7.25098050014516,7.89101949985484,7.40772474497202,7.73427525502798,7.571
"WestAfrica","ramp_high",38.5,6.791,6.71311045089852,2000,0.150109713086734,6.49678496235,7.08521503765,6.64089028691327,6.94110971308673,6.791
"WestAfrica","ramp_high",39.5,6.116,6.2665923028026,2000,0.140125263763436,5.84135448302367,6.39064551697633,5.97587473623656,6.25612526376344,6.116
"WestAfrica","ramp_high",40.5,5.3435,5.69690574940105,2000,0.127386685170701,5.09382209706543,5.59317790293457,5.2161133148293,5.4708866851707,5.3435
"WestAfrica","ramp_high",41.5,4.61,5.13030798588301,2000,0.114717174019444,4.38515433892189,4.83484566107811,4.49528282598056,4.72471717401945,4.61
"WestAfrica","ramp_high",42.5,4.05,4.64492062836621,2000,0.103863582751179,3.84642737780769,4.25357262219231,3.94613641724882,4.15386358275118,4.05
"WestAfrica","ramp_high",43.5,3.5535,4.16507042627468,2000,0.093133806042242,3.37095774015721,3.73604225984279,3.46036619395776,3.64663380604224,3.5535
"WestAfrica","ramp_high",44.5,3.047,3.7212517863521,2000,0.0832097195567583,2.88390894966875,3.21009105033125,2.96379028044324,3.13020971955676,3.047
"WestAfrica","ramp_high",45.5,2.5665,3.3137694977385,2000,0.0740981385870862,2.42126764836931,2.71173235163069,2.49240186141291,2.64059813858709,2.5665
"WestAfrica","ramp_high",46.5,2.159,2.93360222440015,2000,0.0655973399270333,2.03042921374301,2.28757078625698,2.09340266007297,2.22459733992703,2.159
"WestAfrica","ramp_high",47.5,1.8055,2.51790382458006,2000,0.0563020411256773,1.69514799939367,1.91585200060633,1.74919795887432,1.86180204112568,1.8055
"WestAfrica","ramp_high",48.5,1.5135,2.20437006278139,2000,0.0492912130794467,1.41688922236428,1.61011077763572,1.46420878692055,1.56279121307945,1.5135
"WestAfrica","ramp_high",49.5,1.2435,1.9401262316915,2000,0.0433825413899269,1.15847021887574,1.32852978112426,1.20011745861007,1.28688254138993,1.2435
"WestAfrica","ramp_high",50.5,1.0835,1.77372511974099,2000,0.0396616994113981,1.00576306915366,1.16123693084634,1.0438383005886,1.1231616994114,1.0835
"WestAfrica","ramp_high",51.5,0.8625,1.52504315621367,2000,0.034101001659146,0.795662036748074,0.929337963251926,0.828398998340854,0.896601001659146,0.8625
"WestAfrica","ramp_high",52.5,0.7195,1.35563218437364,2000,0.0303128571674599,0.660086799951779,0.778913200048222,0.68918714283254,0.74981285716746,0.7195
"WestAfrica","ramp_high",53.5,0.591,1.15298902503273,2000,0.0257816183728439,0.540468027989226,0.641531972010774,0.565218381627156,0.616781618372844,0.591
"WestAfrica","ramp_high",54.5,0.5085,1.03463180962637,2000,0.0231350705800819,0.463155261663039,0.553844738336961,0.485364929419918,0.531635070580082,0.5085
"WestAfrica","ramp_high",55.5,0.3765,0.822852534265146,2000,0.0183995420207484,0.340436897639333,0.412563102360667,0.358100457979252,0.394899542020748,0.3765
"WestAfrica","ramp_high",56.5,0.328,0.745448755397352,2000,0.0166687409081109,0.295329267820103,0.360670732179897,0.311331259091889,0.344668740908111,0.328
"WestAfrica","ramp_high",57.5,0.301,0.767915260249112,2000,0.0171711072287646,0.267344629831621,0.334655370168379,0.283828892771235,0.318171107228765,0.301
"WestAfrica","ramp_high",58.5,0.247,0.637333583807196,2000,0.0142512121773645,0.219067624132366,0.274932375867634,0.232748787822636,0.261251212177364,0.247
"WestAfrica","ramp_high",59.5,0.201,0.564586910218077,2000,0.0126245471045419,0.176255887675098,0.225744112324902,0.188375452895458,0.213624547104542,0.201
"WestAfrica","ramp_low",0.5,0,0,2000,0,0,0,0,0,0
"WestAfrica","ramp_low",1.5,0.001,0.0316148659632607,2000,0.000706929893933952,-0.000385582592110546,0.00238558259211055,0.000293070106066048,0.00170692989393395,0.001
"WestAfrica","ramp_low",2.5,0.017,0.129303362987356,2000,0.00289131109359058,0.0113330302565625,0.0226669697434375,0.0141086889064094,0.0198913110935906,0.017
"WestAfrica","ramp_low",3.5,0.064,0.254826349175506,2000,0.00569809039214529,0.0528317428313952,0.0751682571686048,0.0583019096078547,0.0696980903921453,0.064
"WestAfrica","ramp_low",4.5,0.197,0.48611640023485,2000,0.0108698931590262,0.175695009408309,0.218304990591691,0.186130106840974,0.207869893159026,0.197
"WestAfrica","ramp_low",5.5,0.415,0.725974186359012,2000,0.0162332763060885,0.383182778440066,0.446817221559933,0.398766723693911,0.431233276306088,0.415
"WestAfrica","ramp_low",6.5,0.61,0.928079018905538,2000,0.020752477747641,0.569325143614624,0.650674856385376,0.589247522252359,0.630752477747641,0.61
"WestAfrica","ramp_low",7.5,0.8395,1.1385903319333,2000,0.0254596538072691,0.789599078537753,0.889400921462247,0.814040346192731,0.864959653807269,0.8395
"WestAfrica","ramp_low",8.5,1.0065,1.26817265423146,2000,0.0283572026206788,0.950919882863469,1.06208011713653,0.978142797379321,1.03485720262068,1.0065
"WestAfrica","ramp_low",9.5,1.257,1.47988040834775,2000,0.0330911319163572,1.19214138144394,1.32185861855606,1.22390886808364,1.29009113191636,1.257
"WestAfrica","ramp_low",10.5,1.473,1.76488764917405,2000,0.0394640875620298,1.39565038837842,1.55034961162158,1.43353591243797,1.51246408756203,1.473
"WestAfrica","ramp_low",11.5,1.8635,2.06276398253019,2000,0.0461248048647569,1.77309538246508,1.95390461753492,1.81737519513524,1.90962480486476,1.8635
"WestAfrica","ramp_low",12.5,2.2505,2.35722888451822,2000,0.0527092402430874,2.14718988912355,2.35381011087645,2.19779075975691,2.30320924024309,2.2505
"WestAfrica","ramp_low",13.5,2.669,2.7432100905327,2000,0.0613400423899446,2.54877351691571,2.78922648308429,2.60765995761006,2.73034004238994,2.669
"WestAfrica","ramp_low",14.5,3.198,3.10944212281843,2000,0.0695292395872326,3.06172269040902,3.33427730959098,3.12847076041277,3.26752923958723,3.198
"WestAfrica","ramp_low",15.5,3.8835,3.69536948461367,2000,0.0826309736957453,3.72154329155634,4.04545670844366,3.80086902630425,3.96613097369575,3.8835
"WestAfrica","ramp_low",16.5,4.591,4.29184447114318,2000,0.0959685598633277,4.40290162266788,4.77909837733212,4.49503144013667,4.68696855986333,4.591
"WestAfrica","ramp_low",17.5,5.4395,5.1081685997255,2000,0.114222122295161,5.21562464030148,5.66337535969852,5.32527787770484,5.55372212229516,5.4395
"WestAfrica","ramp_low",18.5,6.4065,6.05950629657888,2000,0.135494679892384,6.14093042741093,6.67206957258907,6.27100532010762,6.54199467989238,6.4065
"WestAfrica","ramp_low",19.5,7.5265,7.06202760309909,2000,0.157911737795095,7.21699299392161,7.83600700607839,7.36858826220491,7.6844117377951,7.5265
"WestAfrica","ramp_low",20.5,8.772,8.09275987418326,2000,0.180959612042564,8.41731916039658,9.12668083960343,8.59104038795744,8.95295961204256,8.772
"WestAfrica","ramp_low",21.5,10.2545,9.79957884925732,2000,0.219125244578085,9.82501452062695,10.683985479373,10.0353747554219,10.4736252445781,10.2545
"WestAfrica","ramp_low",22.5,11.8785,11.48541227373,2000,0.256821625936708,11.3751296131641,12.3818703868359,11.6216783740633,12.1353216259367,11.8785
"WestAfrica","ramp_low",23.5,13.4305,12.9162527283369,2000,0.288816191151285,12.8644202653435,13.9965797346565,13.1416838088487,13.7193161911513,13.4305
"WestAfrica","ramp_low",24.5,15.255,14.8219033666296,2000,0.331427834837167,14.6054014437192,15.9045985562808,14.9235721651628,15.5864278348372,15.255
"WestAfrica","ramp_low",25.5,17.288,16.6840413154999,2000,0.373066505208729,16.5567896497909,18.0192103502091,16.9149334947913,17.6610665052087,17.288
"WestAfrica","ramp_low",26.5,18.917,17.9990859364378,2000,0.402471796867354,18.12815527814,19.70584472186,18.5145282031326,19.3194717968674,18.917
"WestAfrica","ramp_low",27.5,20.9475,19.7607182749862,2000,0.441863093470914,20.081448336797,21.813551663203,20.5056369065291,21.3893630934709,20.9475
"WestAfrica","ramp_low",28.5,22.349,20.578992843996,2000,0.460160269076567,21.4470858726099,23.2509141273901,21.8888397309234,22.8091602690766,22.349
"WestAfrica","ramp_low",29.5,23.0805,20.7685744959373,2000,0.464399443686842,22.1702770903738,23.9907229096262,22.6161005563132,23.5448994436868,23.0805
"WestAfrica","ramp_low",30.5,24.102,21.5165535585632,2000,0.481124763984623,23.1589954625901,25.0450045374099,23.6208752360154,24.5831247639846,24.102
"WestAfrica","ramp_low",31.5,24.1945,21.0056965938932,2000,0.46970165498681,23.2738847562259,25.1151152437741,23.7247983450132,24.6642016549868,24.1945
"WestAfrica","ramp_low",32.5,23.993,20.6624156068296,2000,0.462025658762235,23.087429708826,24.898570291174,23.5309743412378,24.4550256587622,23.993
"WestAfrica","ramp_low",33.5,22.8925,19.5717518501856,2000,0.437637675757722,22.0347301555149,23.7502698444851,22.4548623242423,23.3301376757577,22.8925
"WestAfrica","ramp_low",34.5,21.5325,18.3831965312715,2000,0.411060770876615,20.7268208890818,22.3381791109182,21.1214392291234,21.9435607708766,21.5325
"WestAfrica","ramp_low",35.5,20.162,17.6368445347395,2000,0.394371832882732,19.3890312075498,20.9349687924502,19.7676281671173,20.5563718328827,20.162
"WestAfrica","ramp_low",36.5,18.1745,16.1144931100577,2000,0.36033102017041,17.468251200466,18.880748799534,17.8141689798296,18.5348310201704,18.1745
"WestAfrica","ramp_low",37.5,16.2665,14.8363248824636,2000,0.331750309734602,15.6162693929202,16.9167306070798,15.9347496902654,16.5982503097346,16.2665
"WestAfrica","ramp_low",38.5,14.452,13.1189461990926,2000,0.293348554943336,13.8770368323111,15.0269631676889,14.1586514450567,14.7453485549433,14.452
"WestAfrica","ramp_low",39.5,12.5545,12.1269353519558,2000,0.271166518057185,12.0230136246079,13.0859863753921,12.2833334819428,12.8256665180572,12.5545
"WestAfrica","ramp_low",40.5,10.975,10.9342651365804,2000,0.244497601293999,10.4957847014638,11.4542152985362,10.730502398706,11.219497601294,10.975
"WestAfrica","ramp_low",41.5,9.397,9.81624012976163,2000,0.219497802136084,8.96678430781328,9.82721569218672,9.17750219786392,9.61649780213608,9.397
"WestAfrica","ramp_low",42.5,8.029,8.66496969699981,2000,0.193754612654673,7.64924095919684,8.40875904080316,7.83524538734533,8.22275461265467,8.029
"WestAfrica","ramp_low",43.5,6.7825,7.61598288782701,2000,0.170298554526563,6.44871483312794,7.11628516687206,6.61220144547344,6.95279855452656,6.7825
"WestAfrica","ramp_low",44.5,5.7215,6.62441538474112,2000,0.148126431114766,5.43117219501506,6.01182780498494,5.57337356888523,5.86962643111477,5.7215
"WestAfrica","ramp_low",45.5,4.873,5.95605643896631,2000,0.13318147075354,4.61196431732306,5.13403568267694,4.73981852924646,5.00618147075354,4.873
"WestAfrica","ramp_low",46.5,3.98,5.02764742392599,2000,0.112421614068002,3.75965363642672,4.20034636357328,3.867578385932,4.092421614068,3.98
"WestAfrica","ramp_low",47.5,3.3285,4.32468949401108,2000,0.0967029969018794,3.13896212607232,3.51803787392768,3.23179700309812,3.42520299690188,3.3285
"WestAfrica","ramp_low",48.5,2.7845,3.78579263337699,2000,0.0846528967694888,2.6185803223318,2.9504196776682,2.69984710323051,2.86915289676949,2.7845
"WestAfrica","ramp_low",49.5,2.2835,3.2870244926084,2000,0.0735001020917914,2.13943979990009,2.42756020009991,2.20999989790821,2.35700010209179,2.2835
"WestAfrica","ramp_low",50.5,1.8985,2.72137845592085,2000,0.0608518721994245,1.77923033048913,2.01776966951087,1.83764812780058,1.95935187219942,1.8985
"WestAfrica","ramp_low",51.5,1.572,2.43408676698153,2000,0.0544278347410339,1.46532144390757,1.67867855609243,1.51757216525897,1.62642783474103,1.572
"WestAfrica","ramp_low",52.5,1.279,2.06792097251667,2000,0.0462401186664475,1.18836936741376,1.36963063258624,1.23275988133355,1.32524011866645,1.279
"WestAfrica","ramp_low",53.5,1.063,1.80295766122338,2000,0.0403153589104951,0.983981896535429,1.14201810346457,1.0226846410895,1.1033153589105,1.063
"WestAfrica","ramp_low",54.5,0.8545,1.5144228234691,2000,0.0338635237995407,0.7881274933529,0.9208725066471,0.820636476200459,0.888363523799541,0.8545
"WestAfrica","ramp_low",55.5,0.772,1.47414468464789,2000,0.0329628772354268,0.707392760618563,0.836607239381437,0.739037122764573,0.804962877235427,0.772
"WestAfrica","ramp_low",56.5,0.6005,1.1586936763087,2000,0.0259091782532538,0.549718010623623,0.651281989376377,0.574590821746746,0.626409178253254,0.6005
"WestAfrica","ramp_low",57.5,0.518,1.08132355486929,2000,0.0241791297435946,0.470608905702555,0.565391094297445,0.493820870256405,0.542179129743595,0.518
"WestAfrica","ramp_low",58.5,0.4175,0.971424512142552,2000,0.0217217124416032,0.374925443614458,0.460074556385542,0.395778287558397,0.439221712441603,0.4175
"WestAfrica","ramp_low",59.5,0.356,0.816454100760921,2000,0.0182564686980988,0.320217321351726,0.391782678648274,0.337743531301901,0.374256468698099,0.356
