"scenario","policy","dpc","stockpile_doses","deaths_averted_med","deaths_averted_lo","deaths_averted_hi","pct_averted_med","pct_averted_lo","pct_averted_hi","supply_ratio_med"
"WestAfrica","A",0,1000,9.88108039804245,6.5873869320283,13.1747738640566,1.69269074267155,0.939594005339934,3.9602717027903,0.0434593737015072
"WestAfrica","A",0,2000,19.7621607960849,13.9981972305601,26.3495477281132,3.25395857968676,1.89973136803303,7.27635206296843,0.0869187474030144
"WestAfrica","A",0,3000,29.6432411941273,20.5855841625884,39.5243215921698,4.97403916459762,2.84959705204955,11.397932632334,0.130378121104522
"WestAfrica","A",0,4000,39.5243215921698,27.1729710946167,51.2581045648452,6.68980736146991,3.81094195658237,15.8148154944648,0.173837494806029
"WestAfrica","A",0,5000,48.5819786237087,35.2013489180262,63.4035992207724,8.41551118586292,4.84961019228919,19.7473308562533,0.217296868507536
"WestAfrica","A",0,6000,57.2279239719958,40.1418891170474,76.578373084829,10.3227412084145,5.70982740952782,22.908072540108,0.260756242209043
"WestAfrica","A",0,7000,67.1090043700383,45.2882851576945,89.1355794240079,11.9040725398855,6.6138196091235,26.0011324798433,0.30421561591055
"WestAfrica","A",0,8000,77.4017964513325,51.2581045648452,102.104497446439,13.4208609580238,7.61349931189883,29.5776387830597,0.347674989612058
"WestAfrica","A",0,9000,83.9891833833608,57.4337798136217,113.01485705261,14.8274917339993,8.3911171515068,33.0600631615433,0.391134363313565
"WestAfrica","A",0,10000,92.2234170483962,62.3743200126429,124.54278418366,16.2866552988411,9.32768652352636,36.8771486937598,0.434593737015072
"WestAfrica","A",0,11000,100.869362396683,66.4914368451606,137.923413889342,17.8592638032807,10.269858956753,41.0572259774135,0.478053110716579
"WestAfrica","A",0,12000,108.280172695215,73.0788237771889,147.186926762507,19.3622692683883,11.1670237567336,44.7360776704446,0.521512484418086
"WestAfrica","A",0,13000,114.04413626074,77.4017964513325,158.097286368679,21.1508964155105,12.1878643720534,48.8732576377099,0.564971858119593
"WestAfrica","A",0,14000,121.04323487602,79.8720665508431,167.772510925096,22.7275084168754,12.8207193294022,52.2678323154889,0.608431231821101
"WestAfrica","A",0,15000,129.277468541055,83.1657600168572,177.03602379826,24.2865707159989,13.8003847640392,55.8408803998826,0.651890605522608
"WestAfrica","A",0,16000,136.276567156335,88.7238677407561,187.122960037929,26.1588844911603,14.784093440087,58.401296426066,0.695349979224115
"WestAfrica","A",0,17000,144.510800821371,92.2234170483962,197.004040435971,27.8007878196716,15.7517036646031,62.1865926907061,0.738809352925622
"WestAfrica","A",0,18000,152.745034486406,93.6644079397773,206.885120834014,29.242013360703,16.5718361458563,65.0972353563289,0.78226872662713
"WestAfrica","A",0,19000,159.332421418434,96.9581014057915,218.413047965063,30.7741880460906,17.3989259511105,68.0904131841138,0.825728100328637
"WestAfrica","A",0,20000,165.919808350463,101.075218238309,228.08827252148,32.4984496750326,18.3020237424954,71.750080706348,0.869187474030144
"WestAfrica","A",0,21000,171.683771915988,105.398190912453,240.233767177407,33.8072652391511,19.2274994112899,74.6733190396658,0.912646847731651
"WestAfrica","A",0,22000,177.03602379826,107.456749328712,250.938270941953,35.4354341995086,20.0717701615154,77.8016953360814,0.956106221433158
"WestAfrica","A",0,23000,183.623410730289,109.927019428222,261.436918864873,36.768903275591,20.8200523622897,80.4518238190956,0.999565595134666
"WestAfrica","A",0,24000,189.799085979065,110.956298636352,270.906287579664,38.4658648932866,21.6673616333144,82.3423366503537,1.04302496883617
"WestAfrica","A",0,25000,198.445031327352,113.220712894236,280.375656294454,40.0117525686524,22.4596268302964,82.3423366503537,1.08648434253768
"WestAfrica","A",0,26000,202.150436476618,116.926118043502,285.933764018353,41.8331304440654,23.4035817040902,82.3423366503537,1.12994371623919
"WestAfrica","A",0,27000,209.149535091898,120.013955667891,295.814844416396,43.1665975885662,24.0888386737317,82.3423366503537,1.17340308994069
"WestAfrica","A",0,28000,216.148633707178,123.101793292279,306.519348180942,44.6591960524719,24.9047684961701,82.3423366503537,1.2168624636422
"WestAfrica","A",0,29000,223.55944400571,123.719360817156,316.194572737358,46.1284028165663,25.7501421499373,82.3423366503537,1.26032183734371
"WestAfrica","A",0,30000,225.206290738717,124.131072500408,322.781959669387,47.3317371138844,26.6196564344847,82.3423366503537,1.30378121104522
"WestAfrica","A",0,31000,230.146830937739,126.395486758293,329.163490759789,48.7359775099194,27.4785427402476,82.3423366503537,1.34724058474672
"WestAfrica","A",0,32000,233.028812720501,130.100891907559,341.926552940594,50.4015713190953,28.3711389556725,82.3423366503537,1.39069995844823
"WestAfrica","A",0,33000,237.969352919522,134.012152898451,354.895470963024,51.8694512460015,29.2502882837636,82.3423366503537,1.43415933214974
"WestAfrica","A",0,34000,243.321604801795,137.099990522839,360.659434528549,53.4658797898822,30.0266988005873,82.3423366503537,1.47761870585124
"WestAfrica","A",0,35000,246.203586584558,139.57026062235,368.276100668707,54.826061036652,30.9464853155389,82.3423366503537,1.52107807955275
"WestAfrica","A",0,36000,249.08556836732,144.716656662997,377.951325225124,56.4384739721245,31.7625183570683,82.3423366503537,1.56453745325426
"WestAfrica","A",0,37000,255.672955299348,146.775215079255,384.538712157152,57.9531346273674,32.5060456606445,82.3423366503537,1.60799682695577
"WestAfrica","A",0,38000,259.790072131866,148.010350129011,393.802225030317,59.285314052723,33.3278664145726,82.3423366503537,1.65145620065727
"WestAfrica","A",0,39000,265.554035697391,148.627917653888,404.506728794863,60.5424595055943,34.0379718958529,82.3423366503537,1.69491557435878
"WestAfrica","A",0,40000,272.553134312671,152.333322803154,412.12339493502,62.149582233683,34.8818873558052,82.3423366503537,1.73837494806029
"WestAfrica","A",0,41000,279.963944611203,155.215304585917,420.975196124933,63.6054517382295,35.6580818231763,82.3423366503537,1.78183432176179
"WestAfrica","A",0,42000,284.08106144372,156.244583794046,428.591862265091,65.280607217929,36.6069832937098,82.3423366503537,1.8252936954633
"WestAfrica","A",0,43000,287.374754909734,158.920709735183,439.090510188011,67.0083436717852,37.4352070053011,82.3423366503537,1.86875306916481
"WestAfrica","A",0,44000,293.962141841763,161.390979834693,448.14816721955,68.7886610997982,38.3659685937614,82.3423366503537,1.91221244286632
"WestAfrica","A",0,45000,300.549528773791,161.390979834693,456.999968409463,70.38697475904,39.0953899461415,82.3423366503537,1.95567181656782
"WestAfrica","A",0,46000,304.254933923057,161.390979834693,460.911229400355,71.7280267930476,39.7362476626244,82.3423366503537,1.99913119026933
"WestAfrica","A",0,47000,308.783762438826,161.390979834693,468.733751382139,72.9402828508605,40.5815218772587,82.3423366503537,2.04259056397084
"WestAfrica","A",0,48000,312.489167588092,161.390979834693,475.732849997419,74.33432223149,41.5104875327236,82.3423366503537,2.08604993767235
"WestAfrica","A",0,49000,314.136014321099,161.596835676319,483.967083662454,75.9509084679313,42.4178040231306,82.3423366503537,2.12950931137385
"WestAfrica","A",0,50000,317.017996103862,162.831970726074,491.17203811936,77.6069246938477,43.3340995956731,82.3423366503537,2.17296868507536
"WestAfrica","A",0,51000,324.017094719142,166.53737587534,498.788704259518,78.8953768934737,44.2729780655126,82.3423366503537,2.21642805877687
"WestAfrica","A",0,52000,329.369346601415,167.772510925096,504.346811983417,80.2175284203318,45.1255015385368,82.3423366503537,2.25988743247837
"WestAfrica","A",0,53000,333.486463433932,167.772510925096,508.052217132682,81.8499763498852,45.9580258747415,82.3423366503537,2.30334680617988
"WestAfrica","A",0,54000,335.545021850191,168.595934291599,515.463027431214,82.3423366503537,47.0251494613434,82.3423366503537,2.34680617988139
"WestAfrica","A",0,55000,337.60358026645,169.419357658103,522.256270204868,82.3423366503537,47.76770305169,82.3423366503537,2.3902655535829
"WestAfrica","A",0,56000,338.838715316205,171.272060232736,527.402666245515,82.3423366503537,48.593299236713,82.3423366503537,2.4337249272844
"WestAfrica","A",0,57000,338.838715316205,171.272060232736,533.784197335918,82.3423366503537,49.4353896818553,82.3423366503537,2.47718430098591
"WestAfrica","A",0,58000,338.838715316205,171.272060232736,543.66527773396,82.3423366503537,50.292715522249,82.3423366503537,2.52064367468742
"WestAfrica","A",0,59000,341.720697098968,171.272060232736,548.605817932982,82.3423366503537,51.0617828887424,82.3423366503537,2.56410304838892
"WestAfrica","A",0,60000,345.837813931486,171.889627757613,550.252664665989,82.3423366503537,51.8852000627665,82.3423366503537,2.60756242209043
"WestAfrica","A",0,61000,352.836912546766,171.889627757613,550.252664665989,82.3423366503537,52.8057324407507,82.3423366503537,2.65102179579194
"WestAfrica","A",0,62000,356.542317696032,173.330618648995,553.958069815255,82.3423366503537,53.7232760676592,82.3423366503537,2.69448116949345
"WestAfrica","A",0,63000,356.542317696032,174.56575369875,559.722033380779,82.3423366503537,54.4713321101017,82.3423366503537,2.73794054319495
"WestAfrica","A",0,64000,358.60087611229,174.56575369875,566.926987837685,82.3423366503537,55.2675743803604,82.3423366503537,2.78139991689646
"WestAfrica","A",0,65000,363.12970462806,174.56575369875,569.397257937196,82.3423366503537,55.9636270651084,82.3423366503537,2.82485929059797
"WestAfrica","A",0,66000,368.481956510333,174.771609540376,573.102663086462,82.3423366503537,56.8536569928479,82.3423366503537,2.86831866429947
"WestAfrica","A",0,67000,373.422496709354,175.183321223628,576.808068235728,82.3423366503537,57.4315895987157,82.3423366503537,2.91177803800098
"WestAfrica","A",0,68000,379.186460274879,178.06530300639,582.160320118001,82.3423366503537,58.3900068233034,82.3423366503537,2.95523741170249
"WestAfrica","A",0,69000,383.715288790648,180.329717264275,587.7184278419,82.3423366503537,59.2613676000512,82.3423366503537,2.998696785404
"WestAfrica","A",0,70000,389.479252356173,181.770708155656,592.658968040921,82.3423366503537,60.1810215786947,82.3423366503537,3.0421561591055
"WestAfrica","A",0,71000,391.949522455684,183.005843205411,600.481490022704,82.3423366503537,61.0690339715875,82.3423366503537,3.08561553280701
"WestAfrica","A",0,72000,393.596369188691,183.623410730289,610.980137945625,82.3423366503537,61.7996788680858,82.3423366503537,3.12907490650852
"WestAfrica","A",0,73000,394.008080871943,183.829266571915,615.097254778142,82.3423366503537,62.6334278642113,82.3423366503537,3.17253428021003
"WestAfrica","A",0,74000,395.65492760495,185.681969146548,618.18509240253,82.3423366503537,63.3444674304694,82.3423366503537,3.21599365391153
"WestAfrica","A",0,75000,396.478350971453,188.152239246058,621.067074185293,82.3423366503537,64.1375138897131,82.3423366503537,3.25945302761304
"WestAfrica","A",0,76000,398.536909387712,191.240076870447,623.331488443178,82.3423366503537,64.8956499119032,82.3423366503537,3.30291240131455
"WestAfrica","A",0,77000,400.183756120719,193.710346969957,623.331488443178,82.3423366503537,65.7651700712648,82.3423366503537,3.34637177501605
"WestAfrica","A",0,78000,401.830602853726,194.327914494835,623.331488443178,82.3423366503537,66.7700185035563,82.3423366503537,3.38983114871756
"WestAfrica","A",0,79000,402.242314536978,194.533770336461,625.18419101781,82.3423366503537,67.7007044382292,82.3423366503537,3.43329052241907
"WestAfrica","A",0,80000,405.12429631974,194.739626178087,633.21256884122,82.3423366503537,68.4197572447236,82.3423366503537,3.47674989612058
"WestAfrica","A",0,81000,407.594566419251,194.945482019712,634.859415574227,82.3423366503537,69.3620017169465,82.3423366503537,3.52020926982208
"WestAfrica","A",0,82000,408.006278102503,195.768905386216,635.065271415853,82.3423366503537,70.2502418074287,82.3423366503537,3.56366864352359
"WestAfrica","A",0,83000,408.006278102503,196.180617069468,635.065271415853,82.3423366503537,70.8109713951102,82.3423366503537,3.6071280172251
"WestAfrica","A",0,84000,408.006278102503,196.798184594345,635.065271415853,82.3423366503537,71.8259312340556,82.3423366503537,3.6505873909266
"WestAfrica","A",0,85000,408.006278102503,197.209896277597,635.065271415853,82.3423366503537,72.5387640649699,82.3423366503537,3.69404676462811
"WestAfrica","A",0,86000,408.006278102503,198.856743010604,635.065271415853,82.3423366503537,73.2755991620339,82.3423366503537,3.73750613832962
"WestAfrica","A",0,87000,408.006278102503,201.327013110115,639.388244089997,82.3423366503537,74.1806871744021,82.3423366503537,3.78096551203113
"WestAfrica","A",0,88000,409.65312483551,204.414850734503,641.858514189507,82.3423366503537,74.8255652380667,82.3423366503537,3.82442488573263
"WestAfrica","A",0,89000,411.299971568517,204.414850734503,643.917072605766,82.3423366503537,75.5322597842611,82.3423366503537,3.86788425943414
"WestAfrica","A",0,90000,415.005376717783,206.267553309136,652.563017954053,82.3423366503537,76.2874438502629,82.3423366503537,3.91134363313565
"WestAfrica","A",0,91000,418.299070183797,208.120255883769,660.591395777463,82.3423366503537,77.2859863062178,82.3423366503537,3.95480300683715
"WestAfrica","A",0,92000,422.416187016315,209.355390933524,666.355359342987,82.3423366503537,77.9163680263682,82.3423366503537,3.99826238053866
"WestAfrica","A",0,93000,424.063033749322,209.355390933524,670.472476175505,82.3423366503537,78.451674024836,82.3423366503537,4.04172175424017
"WestAfrica","A",0,94000,424.886457115825,209.355390933524,672.531034591764,82.3423366503537,79.1177812926178,82.3423366503537,4.08518112794168
"WestAfrica","A",0,95000,425.709880482329,209.355390933524,678.500853998915,82.3423366503537,80.1169421942905,82.3423366503537,4.12864050164318
"WestAfrica","A",0,96000,427.768438898588,209.355390933524,683.441394197936,82.3423366503537,80.6165226451269,82.3423366503537,4.17209987534469
"WestAfrica","A",0,97000,429.415285631595,209.355390933524,688.793646080209,82.3423366503537,81.5551377110273,82.3423366503537,4.2155592490462
"WestAfrica","A",0,98000,431.473844047853,209.355390933524,696.822023903618,82.3423366503537,82.2817908145814,82.3423366503537,4.25901862274771
"WestAfrica","A",0,99000,433.120690780861,209.355390933524,700.321573211258,82.3423366503537,82.3423366503537,82.3423366503537,4.30247799644921
"WestAfrica","A",0,1e+05,435.179249197119,209.355390933524,701.76256410264,82.3423366503537,82.3423366503537,82.3423366503537,4.34593737015072
"WestAfrica","A",5,1000,6.39691833261723,4.26461222174482,8.52922444348964,1.09583203526937,0.608284304534859,2.56384257967817,0.0434593737015072
"WestAfrica","A",5,2000,12.7938366652345,9.06230097120775,17.0584488869793,2.10658211991668,1.22986818502419,4.7106417548633,0.0869187474030144
"WestAfrica","A",5,3000,19.1907549978517,13.3269131929526,25.5876733304689,3.22014608093607,1.84480227753628,7.37891417462387,0.130378121104522
"WestAfrica","A",5,4000,25.5876733304689,17.5915254146974,33.1840138504519,4.33091824257827,2.46716790923304,10.2383625158584,0.173837494806029
"WestAfrica","A",5,5000,31.4515151353681,22.7890215599489,41.0468926342939,5.44812263584627,3.1395919368542,12.7842359019415,0.217296868507536
"WestAfrica","A",5,6000,37.0488186764081,25.9874807262575,49.5761170777836,6.68284537914016,3.69648845680124,14.8304702819515,0.260756242209043
"WestAfrica","A",5,7000,43.4457370090254,29.3192090244957,57.7055341254846,7.70658438102425,4.28172448780066,16.8328881386362,0.30421561591055
"WestAfrica","A",5,8000,50.1091936055017,33.1840138504519,66.1014894370447,8.68853890905465,4.92890770662112,19.1482846151489,0.347674989612058
"WestAfrica","A",5,9000,54.3738058272465,37.1820878083377,73.1647534293096,9.59917841764969,5.432330167888,21.4027733401964,0.391134363313565
"WestAfrica","A",5,10000,59.7045711044275,40.3805469746463,80.627824817363,10.5438271586996,6.03865635331471,23.8739185423993,0.434593737015072
"WestAfrica","A",5,11000,65.3018746454676,43.0459296132368,89.2903183927822,11.5619190845656,6.64860990776489,26.5800611837301,0.478053110716579
"WestAfrica","A",5,12000,70.0995633949305,47.3105418349816,95.2874293296109,12.5349506586913,7.22942594459337,28.961715101129,0.521512484418086
"WestAfrica","A",5,13000,73.8310990889572,50.1091936055017,102.350693321876,13.692891018119,7.8903085387795,31.6400864240847,0.564971858119593
"WestAfrica","A",5,14000,78.3622495745611,51.708423188656,108.614342522563,14.7135747701664,8.30001287428456,33.8377020807718,0.608431231821101
"WestAfrica","A",5,15000,83.6930148517421,53.8407292995284,114.611453459392,15.7228970103671,8.93423904452219,36.1508597390082,0.651890605522608
"WestAfrica","A",5,16000,88.224165337346,57.4389958616256,121.141640923939,16.9350153041434,9.57108277114664,37.8084489455756,0.695349979224115
"WestAfrica","A",5,17000,93.554930614527,59.7045711044275,127.538559256556,17.9979680460946,10.1975045119576,40.2590140755243,0.738809352925622
"WestAfrica","A",5,18000,98.8856958917081,60.6374550279342,133.935477589173,18.9310038795735,10.7284505515772,42.1433367080079,0.78226872662713
"WestAfrica","A",5,19000,103.150308113453,62.7697611388066,141.398548977227,19.9229193320244,11.2639006971908,44.0810918266823,0.825728100328637
"WestAfrica","A",5,20000,107.414920335198,65.4351437773971,147.662198177914,21.0391900615483,11.8485576967432,46.4503260926945,0.869187474030144
"WestAfrica","A",5,21000,111.146456029224,68.2337955479172,155.525076961756,21.8865049237757,12.4477019232466,48.342803041745,0.912646847731651
"WestAfrica","A",5,22000,114.611453459392,69.5664868672124,162.455071822092,22.9405661652137,12.9942748507253,50.3680843749311,0.956106221433158
"WestAfrica","A",5,23000,118.876065681137,71.1657164503667,169.251797550498,23.8038414787573,13.4787056958637,52.0837525806208,0.999565595134666
"WestAfrica","A",5,24000,122.874139639023,71.8320621100143,175.382177619256,24.9024384382694,14.0272457330734,53.3076527718103,1.04302496883617
"WestAfrica","A",5,25000,128.471443180063,73.2980225612391,181.512557688014,25.9032315512041,14.5401507554709,53.3076527718103,1.08648434253768
"WestAfrica","A",5,26000,130.870287554794,75.6968669359706,185.110824250111,27.0823744234917,15.1512582451469,53.3076527718103,1.12994371623919
"WestAfrica","A",5,27000,135.401438040398,77.6959039149135,191.507742582728,27.9456484865476,15.5948871495855,53.3076527718103,1.17340308994069
"WestAfrica","A",5,28000,139.932588526002,79.6949408938564,198.437737443064,28.9119426661685,16.1231124274933,53.3076527718103,1.2168624636422
"WestAfrica","A",5,29000,144.730277275465,80.0947482896449,204.701386643751,29.8630932797697,16.6703993643314,53.3076527718103,1.26032183734371
"WestAfrica","A",5,30000,145.796430330901,80.361286553504,208.965998865496,30.6421205639021,17.2333147180406,53.3076527718103,1.30378121104522
"WestAfrica","A",5,31000,148.99488949721,81.8272470047288,213.097341955312,31.5512125630501,17.7893496184405,53.3076527718103,1.34724058474672
"WestAfrica","A",5,32000,150.860657344223,84.2260913794602,221.360028134942,32.6295022989298,18.3672079966809,53.3076527718103,1.39069995844823
"WestAfrica","A",5,33000,154.059116510532,86.7582048861212,229.755983446502,33.5797939306391,18.9363609867819,53.3076527718103,1.43415933214974
"WestAfrica","A",5,34000,157.524113940699,88.7572418650641,233.487519140529,34.6133067255645,19.4390018386558,53.3076527718103,1.47761870585124
"WestAfrica","A",5,35000,159.389881787713,90.3564714482184,238.418477021921,35.4938752466817,20.0344629605745,53.3076527718103,1.52107807955275
"WestAfrica","A",5,36000,161.255649634726,93.6881997464566,244.682126222609,36.5377361860904,20.5627550615492,53.3076527718103,1.56453745325426
"WestAfrica","A",5,37000,165.520261856471,95.0208910657518,248.946738444354,37.5183132204739,21.0441076310506,53.3076527718103,1.60799682695577
"WestAfrica","A",5,38000,168.185644495061,95.820505857329,254.943849381183,38.3807536262903,21.5761466424901,53.3076527718103,1.65145620065727
"WestAfrica","A",5,39000,171.917180189088,96.2203132531176,261.873844241518,39.1946177454237,22.0358622391968,53.3076527718103,1.69491557435878
"WestAfrica","A",5,40000,176.448330674692,98.619157627849,266.80480212291,40.2350538544259,22.5822051551008,53.3076527718103,1.73837494806029
"WestAfrica","A",5,41000,181.246019424155,100.484925474862,272.53537479588,41.177570051883,23.0847061385951,53.3076527718103,1.78183432176179
"WestAfrica","A",5,42000,183.911402062745,101.15127113451,277.466332677272,42.2620499231527,23.6990160083848,53.3076527718103,1.8252936954633
"WestAfrica","A",5,43000,186.043708173618,102.883769849594,284.263058405678,43.3805702215801,24.2352002342753,53.3076527718103,1.86875306916481
"WestAfrica","A",5,44000,190.308320395363,104.482999432748,290.126900210577,44.5331309471653,24.837766515357,53.3076527718103,1.91221244286632
"WestAfrica","A",5,45000,194.572932617108,104.482999432748,295.857472883547,45.5678641480107,25.3099870249854,53.3076527718103,1.95567181656782
"WestAfrica","A",5,46000,196.971776991839,104.482999432748,298.389586390208,46.436048597055,25.7248722713377,53.3076527718103,1.99913119026933
"WestAfrica","A",5,47000,199.903697894289,104.482999432748,303.45381340353,47.2208517448551,26.2720948322182,53.3076527718103,2.04259056397084
"WestAfrica","A",5,48000,202.30254226902,104.482999432748,307.984963889134,48.1233397027616,26.8734984432031,53.3076527718103,2.08604993767235
"WestAfrica","A",5,49000,203.368695324456,104.616268564678,313.315729166315,49.1699023978892,27.4608865887464,53.3076527718103,2.12950931137385
"WestAfrica","A",5,50000,205.23446317147,105.415883356255,317.980148783848,50.2419916966237,28.0540877074475,53.3076527718103,2.17296868507536
"WestAfrica","A",5,51000,209.765613657073,107.814727730986,322.911106665241,51.0761235085783,28.6619087810423,53.3076527718103,2.21642805877687
"WestAfrica","A",5,52000,213.230611087241,108.614342522563,326.509373227338,51.9320719474081,29.2138244434891,53.3076527718103,2.25988743247837
"WestAfrica","A",5,53000,215.895993725832,108.614342522563,328.908217602069,52.9889033531795,29.7527928532262,53.3076527718103,2.30334680617988
"WestAfrica","A",5,54000,217.228685045127,109.147419050282,333.705906351532,53.3076527718103,30.4436386068601,53.3076527718103,2.34680617988139
"WestAfrica","A",5,55000,218.561376364422,109.680495578,338.103787705207,53.3076527718103,30.9243608035927,53.3076527718103,2.3902655535829
"WestAfrica","A",5,56000,219.360991155999,110.879917765365,341.435516003445,53.3076527718103,31.4588439935442,53.3076527718103,2.4337249272844
"WestAfrica","A",5,57000,219.360991155999,110.879917765365,345.56685909326,53.3076527718103,32.0040054120586,53.3076527718103,2.47718430098591
"WestAfrica","A",5,58000,219.360991155999,110.879917765365,351.963777425877,53.3076527718103,32.559030081884,53.3076527718103,2.52064367468742
"WestAfrica","A",5,59000,221.226759003013,110.879917765365,355.162236592186,53.3076527718103,33.0569170474342,53.3076527718103,2.56410304838892
"WestAfrica","A",5,60000,223.892141641603,111.279725161154,356.228389647622,53.3076527718103,33.5899895661995,53.3076527718103,2.60756242209043
"WestAfrica","A",5,61000,228.423292127207,111.279725161154,356.228389647622,53.3076527718103,34.1859335528167,53.3076527718103,2.65102179579194
"WestAfrica","A",5,62000,230.822136501938,112.212609084661,358.627234022354,53.3076527718103,34.7799426501528,53.3076527718103,2.69448116949345
"WestAfrica","A",5,63000,230.822136501938,113.012223876238,362.35876971638,53.3076527718103,35.2642270825185,53.3076527718103,2.73794054319495
"WestAfrica","A",5,64000,232.154827821234,113.012223876238,367.023189333914,53.3076527718103,35.7797068246763,53.3076527718103,2.78139991689646
"WestAfrica","A",5,65000,235.086748723683,113.012223876238,368.622418917068,53.3076527718103,36.2303247733384,53.3076527718103,2.82485929059797
"WestAfrica","A",5,66000,238.551746153851,113.145493008167,371.0212632918,53.3076527718103,36.8065217611155,53.3076527718103,2.86831866429947
"WestAfrica","A",5,67000,241.75020532016,113.412031272026,373.420107666531,53.3076527718103,37.1806698838476,53.3076527718103,2.91177803800098
"WestAfrica","A",5,68000,245.481741014186,115.27779911904,376.885105096699,53.3076527718103,37.8011401631377,53.3076527718103,2.95523741170249
"WestAfrica","A",5,69000,248.413661916636,116.743759570265,380.483371658796,53.3076527718103,38.3652509184966,53.3076527718103,2.998696785404
"WestAfrica","A",5,70000,252.145197610663,117.676643493771,383.681830825104,53.3076527718103,38.9606262376585,53.3076527718103,3.0421561591055
"WestAfrica","A",5,71000,253.744427193817,118.476258285348,388.746057838426,53.3076527718103,39.5355170923886,53.3076527718103,3.08561553280701
"WestAfrica","A",5,72000,254.810580249253,118.876065681137,395.542783566832,53.3076527718103,40.0085297129487,53.3076527718103,3.12907490650852
"WestAfrica","A",5,73000,255.077118513112,119.009334813066,398.208166205423,53.3076527718103,40.5482909559776,53.3076527718103,3.17253428021003
"WestAfrica","A",5,74000,256.143271568548,120.208757000432,400.207203184366,53.3076527718103,41.0086112704965,53.3076527718103,3.21599365391153
"WestAfrica","A",5,75000,256.676348096266,121.807986583586,402.072971031379,53.3076527718103,41.5220220747196,53.3076527718103,3.25945302761304
"WestAfrica","A",5,76000,258.009039415562,123.807023562529,403.538931482604,53.3076527718103,42.0128321909825,53.3076527718103,3.30291240131455
"WestAfrica","A",5,77000,259.075192470998,125.406253145684,403.538931482604,53.3076527718103,42.5757513479911,53.3076527718103,3.34637177501605
"WestAfrica","A",5,78000,260.141345526434,125.806060541472,403.538931482604,53.3076527718103,43.2262807535914,53.3076527718103,3.38983114871756
"WestAfrica","A",5,79000,260.407883790293,125.939329673402,404.73835366997,53.3076527718103,43.828798057124,53.3076527718103,3.43329052241907
"WestAfrica","A",5,80000,262.273651637307,126.072598805331,409.935849815221,53.3076527718103,44.2943060678569,53.3076527718103,3.47674989612058
"WestAfrica","A",5,81000,263.872881220461,126.205867937261,411.002002870657,53.3076527718103,44.9043062596744,53.3076527718103,3.52020926982208
"WestAfrica","A",5,82000,264.13941948432,126.738944464979,411.135272002587,53.3076527718103,45.479344523678,53.3076527718103,3.56366864352359
"WestAfrica","A",5,83000,264.13941948432,127.005482728838,411.135272002587,53.3076527718103,45.8423555745538,53.3076527718103,3.6071280172251
"WestAfrica","A",5,84000,264.13941948432,127.405290124627,411.135272002587,53.3076527718103,46.4994310095342,53.3076527718103,3.6505873909266
"WestAfrica","A",5,85000,264.13941948432,127.671828388486,411.135272002587,53.3076527718103,46.960912266692,53.3076527718103,3.69404676462811
"WestAfrica","A",5,86000,264.13941948432,128.737981443922,411.135272002587,53.3076527718103,47.4379323647634,53.3076527718103,3.73750613832962
"WestAfrica","A",5,87000,264.13941948432,130.337211027076,413.933923773107,53.3076527718103,48.023877814625,53.3076527718103,3.78096551203113
"WestAfrica","A",5,88000,265.205572539756,132.336248006019,415.533153356261,53.3076527718103,48.4413657958559,53.3076527718103,3.82442488573263
"WestAfrica","A",5,89000,266.271725595192,132.336248006019,416.865844675556,53.3076527718103,48.898873185332,53.3076527718103,3.86788425943414
"WestAfrica","A",5,90000,268.670569969924,133.535670193385,422.463148216596,53.3076527718103,49.3877722329771,53.3076527718103,3.91134363313565
"WestAfrica","A",5,91000,270.802876080796,134.73509238075,427.660644361848,53.3076527718103,50.0342192089231,53.3076527718103,3.95480300683715
"WestAfrica","A",5,92000,273.468258719387,135.534707172328,431.392180055875,53.3076527718103,50.4423223939732,53.3076527718103,3.99826238053866
"WestAfrica","A",5,93000,274.534411774823,135.534707172328,434.057562694465,53.3076527718103,50.7888744527781,53.3076527718103,4.04172175424017
"WestAfrica","A",5,94000,275.067488302541,135.534707172328,435.39025401376,53.3076527718103,51.2201060206952,53.3076527718103,4.08518112794168
"WestAfrica","A",5,95000,275.600564830259,135.534707172328,439.255058839717,53.3076527718103,51.8669533725709,53.3076527718103,4.12864050164318
"WestAfrica","A",5,96000,276.933256149554,135.534707172328,442.453518006025,53.3076527718103,52.1903770485088,53.3076527718103,4.17209987534469
"WestAfrica","A",5,97000,277.999409204991,135.534707172328,445.918515436193,53.3076527718103,52.7980275968758,53.3076527718103,4.2155592490462
"WestAfrica","A",5,98000,279.332100524286,135.534707172328,451.116011581444,53.3076527718103,53.2684559683016,53.3076527718103,4.25901862274771
"WestAfrica","A",5,99000,280.398253579722,135.534707172328,453.381586824246,53.3076527718103,53.3076527718103,53.3076527718103,4.30247799644921
"WestAfrica","A",5,1e+05,281.730944899017,135.534707172328,454.314470747753,53.3076527718103,53.3076527718103,53.3076527718103,4.34593737015072
"WestAfrica","B",0,1000,26.3495477281132,23.8792776286026,27.1729710946167,3.94527195602999,2.74267148510619,10.5622662930877,0.0434593737015072
"WestAfrica","B",0,2000,50.6405370399675,47.7585552572052,53.5225188227299,7.85797809757567,5.37673714126911,19.623560558147,0.0869187474030144
"WestAfrica","B",0,3000,74.9315263518219,71.4319770441818,78.4310756594619,11.8622001704989,8.07887898151071,28.123443531915,0.130378121104522
"WestAfrica","B",0,4000,99.634227346928,93.8702637814032,103.751344179446,15.5091368852673,10.742447637778,36.2918771150053,0.173837494806029
"WestAfrica","B",0,5000,123.101793292279,115.279271310495,128.454045174552,19.3153936173823,13.3244207280877,45.1703412631942,0.217296868507536
"WestAfrica","B",0,6000,146.981070920881,136.688278839587,153.980169536161,23.3372310118379,15.9167513296283,54.532265056957,0.260756242209043
"WestAfrica","B",0,7000,171.272060232736,159.53827726006,177.241879639886,27.0051517699877,18.1905130566741,63.442149715099,0.30421561591055
"WestAfrica","B",0,8000,194.327914494835,177.653591323138,200.915301426863,30.6010834048735,20.9042748799192,72.5321039764027,0.347674989612058
"WestAfrica","B",0,9000,216.56034539043,190.622509345569,223.971155688962,34.0017910156727,23.2784069625852,80.4919470627053,0.391134363313565
"WestAfrica","B",0,10000,240.439623019033,201.327013110115,248.673856684068,37.7111280741869,25.7376050820671,82.3423366503537,0.434593737015072
"WestAfrica","B",0,11000,264.318900647635,209.355390933524,273.376557679174,40.917913521682,28.532843178894,82.3423366503537,0.478053110716579
"WestAfrica","B",0,12000,286.963043226483,209.355390933524,295.814844416396,44.5292823394417,31.1420424711343,82.3423366503537,0.521512484418086
"WestAfrica","B",0,13000,308.783762438826,209.355390933524,319.694122044998,47.4246589876883,33.7350154585017,82.3423366503537,0.564971858119593
"WestAfrica","B",0,14000,330.192769967918,209.355390933524,343.367543831975,51.0573657013198,35.8414064624793,82.3423366503537,0.608431231821101
"WestAfrica","B",0,15000,352.836912546766,209.355390933524,365.59997472757,54.5662395986225,38.2120645904177,82.3423366503537,0.651890605522608
"WestAfrica","B",0,16000,375.892766808865,209.355390933524,389.685108197799,58.5460537009555,40.4521594689332,82.3423366503537,0.695349979224115
"WestAfrica","B",0,17000,397.713486021208,209.355390933524,412.535106618272,62.1103585124973,42.9306490256352,82.3423366503537,0.738809352925622
"WestAfrica","B",0,18000,419.534205233552,209.355390933524,435.796816721997,65.8625295032703,45.0854790322409,82.3423366503537,0.78226872662713
"WestAfrica","B",0,19000,440.531501079392,209.355390933524,457.823391775967,69.0141263391794,47.4131625587692,82.3423366503537,0.825728100328637
"WestAfrica","B",0,20000,461.940508608484,209.355390933524,482.937804454324,72.5392881474408,49.9110181319487,82.3423366503537,0.869187474030144
"WestAfrica","B",0,21000,482.526092771073,209.355390933524,503.935100300165,75.6643732078413,51.9494516454852,82.3423366503537,0.912646847731651
"WestAfrica","B",0,22000,499.817983467647,209.355390933524,526.579242879012,79.3162848448906,54.2598453197685,82.3423366503537,0.956106221433158
"WestAfrica","B",0,23000,514.227892381459,209.355390933524,547.988250408104,82.3423366503537,56.568040845448,82.3423366503537,0.999565595134666
"WestAfrica","B",0,24000,524.520684462753,209.355390933524,569.19140209557,82.3423366503537,58.9193559692294,82.3423366503537,1.04302496883617
"WestAfrica","B",0,25000,524.520684462753,209.355390933524,591.21797714954,82.3423366503537,61.1928474987378,82.3423366503537,1.08648434253768
"WestAfrica","B",0,26000,524.520684462753,209.355390933524,612.832840520257,82.3423366503537,63.4612155278692,82.3423366503537,1.12994371623919
"WestAfrica","B",0,27000,524.520684462753,209.355390933524,635.065271415853,82.3423366503537,66.087010594987,82.3423366503537,1.17340308994069
"WestAfrica","B",0,28000,524.520684462753,209.355390933524,658.121125677952,82.3423366503537,68.4128567654874,82.3423366503537,1.2168624636422
"WestAfrica","B",0,29000,524.520684462753,209.355390933524,679.118421523792,82.3423366503537,70.6890322988901,82.3423366503537,1.26032183734371
"WestAfrica","B",0,30000,524.520684462753,209.355390933524,701.762564102639,82.3423366503537,72.5111259552509,82.3423366503537,1.30378121104522
"WestAfrica","B",0,31000,524.520684462753,209.355390933524,722.142292423602,82.3423366503537,75.1746414681743,82.3423366503537,1.34724058474672
"WestAfrica","B",0,32000,524.520684462753,209.355390933524,742.72787658619,82.3423366503537,77.5439027742179,82.3423366503537,1.39069995844823
"WestAfrica","B",0,33000,524.520684462753,209.355390933524,761.872469857398,82.3423366503537,80.4528902212157,82.3423366503537,1.43415933214974
"WestAfrica","B",0,34000,524.520684462753,209.355390933524,782.25219817836,82.3423366503537,82.3423366503537,82.3423366503537,1.47761870585124
"WestAfrica","B",0,35000,524.520684462753,209.355390933524,793.78012530941,82.3423366503537,82.3423366503537,82.3423366503537,1.52107807955275
"WestAfrica","B",0,36000,524.520684462753,209.355390933524,798.514809666805,82.3423366503537,82.3423366503537,82.3423366503537,1.56453745325426
"WestAfrica","B",0,37000,524.520684462753,209.355390933524,798.514809666805,82.3423366503537,82.3423366503537,82.3423366503537,1.60799682695577
"WestAfrica","B",0,38000,524.520684462753,209.355390933524,798.514809666805,82.3423366503537,82.3423366503537,82.3423366503537,1.65145620065727
"WestAfrica","B",0,39000,524.520684462753,209.355390933524,798.514809666805,82.3423366503537,82.3423366503537,82.3423366503537,1.69491557435878
"WestAfrica","B",0,40000,524.520684462753,209.355390933524,798.514809666805,82.3423366503537,82.3423366503537,82.3423366503537,1.73837494806029
"WestAfrica","B",0,41000,524.520684462753,209.355390933524,798.514809666805,82.3423366503537,82.3423366503537,82.3423366503537,1.78183432176179
"WestAfrica","B",0,42000,524.520684462753,209.355390933524,798.514809666805,82.3423366503537,82.3423366503537,82.3423366503537,1.8252936954633
"WestAfrica","B",0,43000,524.520684462753,209.355390933524,798.514809666805,82.3423366503537,82.3423366503537,82.3423366503537,1.86875306916481
"WestAfrica","B",0,44000,524.520684462753,209.355390933524,798.514809666805,82.3423366503537,82.3423366503537,82.3423366503537,1.91221244286632
"WestAfrica","B",0,45000,524.520684462753,209.355390933524,798.514809666805,82.3423366503537,82.3423366503537,82.3423366503537,1.95567181656782
"WestAfrica","B",0,46000,524.520684462753,209.355390933524,798.514809666805,82.3423366503537,82.3423366503537,82.3423366503537,1.99913119026933
"WestAfrica","B",0,47000,524.520684462753,209.355390933524,798.514809666805,82.3423366503537,82.3423366503537,82.3423366503537,2.04259056397084
"WestAfrica","B",0,48000,524.520684462753,209.355390933524,798.514809666805,82.3423366503537,82.3423366503537,82.3423366503537,2.08604993767235
"WestAfrica","B",0,49000,524.520684462753,209.355390933524,798.514809666805,82.3423366503537,82.3423366503537,82.3423366503537,2.12950931137385
"WestAfrica","B",0,50000,524.520684462753,209.355390933524,798.514809666805,82.3423366503537,82.3423366503537,82.3423366503537,2.17296868507536
"WestAfrica","B",0,51000,524.520684462753,209.355390933524,798.514809666805,82.3423366503537,82.3423366503537,82.3423366503537,2.21642805877687
"WestAfrica","B",0,52000,524.520684462753,209.355390933524,798.514809666805,82.3423366503537,82.3423366503537,82.3423366503537,2.25988743247837
"WestAfrica","B",0,53000,524.520684462753,209.355390933524,798.514809666805,82.3423366503537,82.3423366503537,82.3423366503537,2.30334680617988
"WestAfrica","B",0,54000,524.520684462753,209.355390933524,798.514809666805,82.3423366503537,82.3423366503537,82.3423366503537,2.34680617988139
"WestAfrica","B",0,55000,524.520684462753,209.355390933524,798.514809666805,82.3423366503537,82.3423366503537,82.3423366503537,2.3902655535829
"WestAfrica","B",0,56000,524.520684462753,209.355390933524,798.514809666805,82.3423366503537,82.3423366503537,82.3423366503537,2.4337249272844
"WestAfrica","B",0,57000,524.520684462753,209.355390933524,798.514809666805,82.3423366503537,82.3423366503537,82.3423366503537,2.47718430098591
"WestAfrica","B",0,58000,524.520684462753,209.355390933524,798.514809666805,82.3423366503537,82.3423366503537,82.3423366503537,2.52064367468742
"WestAfrica","B",0,59000,524.520684462753,209.355390933524,798.514809666805,82.3423366503537,82.3423366503537,82.3423366503537,2.56410304838892
"WestAfrica","B",0,60000,524.520684462753,209.355390933524,798.514809666805,82.3423366503537,82.3423366503537,82.3423366503537,2.60756242209043
"WestAfrica","B",0,61000,524.520684462753,209.355390933524,798.514809666805,82.3423366503537,82.3423366503537,82.3423366503537,2.65102179579194
"WestAfrica","B",0,62000,524.520684462753,209.355390933524,798.514809666805,82.3423366503537,82.3423366503537,82.3423366503537,2.69448116949345
"WestAfrica","B",0,63000,524.520684462753,209.355390933524,798.514809666805,82.3423366503537,82.3423366503537,82.3423366503537,2.73794054319495
"WestAfrica","B",0,64000,524.520684462753,209.355390933524,798.514809666805,82.3423366503537,82.3423366503537,82.3423366503537,2.78139991689646
"WestAfrica","B",0,65000,524.520684462753,209.355390933524,798.514809666805,82.3423366503537,82.3423366503537,82.3423366503537,2.82485929059797
"WestAfrica","B",0,66000,524.520684462753,209.355390933524,798.514809666805,82.3423366503537,82.3423366503537,82.3423366503537,2.86831866429947
"WestAfrica","B",0,67000,524.520684462753,209.355390933524,798.514809666805,82.3423366503537,82.3423366503537,82.3423366503537,2.91177803800098
"WestAfrica","B",0,68000,524.520684462753,209.355390933524,798.514809666805,82.3423366503537,82.3423366503537,82.3423366503537,2.95523741170249
"WestAfrica","B",0,69000,524.520684462753,209.355390933524,798.514809666805,82.3423366503537,82.3423366503537,82.3423366503537,2.998696785404
"WestAfrica","B",0,70000,524.520684462753,209.355390933524,798.514809666805,82.3423366503537,82.3423366503537,82.3423366503537,3.0421561591055
"WestAfrica","B",0,71000,524.520684462753,209.355390933524,798.514809666805,82.3423366503537,82.3423366503537,82.3423366503537,3.08561553280701
"WestAfrica","B",0,72000,524.520684462753,209.355390933524,798.514809666805,82.3423366503537,82.3423366503537,82.3423366503537,3.12907490650852
"WestAfrica","B",0,73000,524.520684462753,209.355390933524,798.514809666805,82.3423366503537,82.3423366503537,82.3423366503537,3.17253428021003
"WestAfrica","B",0,74000,524.520684462753,209.355390933524,798.514809666805,82.3423366503537,82.3423366503537,82.3423366503537,3.21599365391153
"WestAfrica","B",0,75000,524.520684462753,209.355390933524,798.514809666805,82.3423366503537,82.3423366503537,82.3423366503537,3.25945302761304
"WestAfrica","B",0,76000,524.520684462753,209.355390933524,798.514809666805,82.3423366503537,82.3423366503537,82.3423366503537,3.30291240131455
"WestAfrica","B",0,77000,524.520684462753,209.355390933524,798.514809666805,82.3423366503537,82.3423366503537,82.3423366503537,3.34637177501605
"WestAfrica","B",0,78000,524.520684462753,209.355390933524,798.514809666805,82.3423366503537,82.3423366503537,82.3423366503537,3.38983114871756
"WestAfrica","B",0,79000,524.520684462753,209.355390933524,798.514809666805,82.3423366503537,82.3423366503537,82.3423366503537,3.43329052241907
"WestAfrica","B",0,80000,524.520684462753,209.355390933524,798.514809666805,82.3423366503537,82.3423366503537,82.3423366503537,3.47674989612058
"WestAfrica","B",0,81000,524.520684462753,209.355390933524,798.514809666805,82.3423366503537,82.3423366503537,82.3423366503537,3.52020926982208
"WestAfrica","B",0,82000,524.520684462753,209.355390933524,798.514809666805,82.3423366503537,82.3423366503537,82.3423366503537,3.56366864352359
"WestAfrica","B",0,83000,524.520684462753,209.355390933524,798.514809666805,82.3423366503537,82.3423366503537,82.3423366503537,3.6071280172251
"WestAfrica","B",0,84000,524.520684462753,209.355390933524,798.514809666805,82.3423366503537,82.3423366503537,82.3423366503537,3.6505873909266
"WestAfrica","B",0,85000,524.520684462753,209.355390933524,798.514809666805,82.3423366503537,82.3423366503537,82.3423366503537,3.69404676462811
"WestAfrica","B",0,86000,524.520684462753,209.355390933524,798.514809666805,82.3423366503537,82.3423366503537,82.3423366503537,3.73750613832962
"WestAfrica","B",0,87000,524.520684462753,209.355390933524,798.514809666805,82.3423366503537,82.3423366503537,82.3423366503537,3.78096551203113
"WestAfrica","B",0,88000,524.520684462753,209.355390933524,798.514809666805,82.3423366503537,82.3423366503537,82.3423366503537,3.82442488573263
"WestAfrica","B",0,89000,524.520684462753,209.355390933524,798.514809666805,82.3423366503537,82.3423366503537,82.3423366503537,3.86788425943414
"WestAfrica","B",0,90000,524.520684462753,209.355390933524,798.514809666805,82.3423366503537,82.3423366503537,82.3423366503537,3.91134363313565
"WestAfrica","B",0,91000,524.520684462753,209.355390933524,798.514809666805,82.3423366503537,82.3423366503537,82.3423366503537,3.95480300683715
"WestAfrica","B",0,92000,524.520684462753,209.355390933524,798.514809666805,82.3423366503537,82.3423366503537,82.3423366503537,3.99826238053866
"WestAfrica","B",0,93000,524.520684462753,209.355390933524,798.514809666805,82.3423366503537,82.3423366503537,82.3423366503537,4.04172175424017
"WestAfrica","B",0,94000,524.520684462753,209.355390933524,798.514809666805,82.3423366503537,82.3423366503537,82.3423366503537,4.08518112794168
"WestAfrica","B",0,95000,524.520684462753,209.355390933524,798.514809666805,82.3423366503537,82.3423366503537,82.3423366503537,4.12864050164318
"WestAfrica","B",0,96000,524.520684462753,209.355390933524,798.514809666805,82.3423366503537,82.3423366503537,82.3423366503537,4.17209987534469
"WestAfrica","B",0,97000,524.520684462753,209.355390933524,798.514809666805,82.3423366503537,82.3423366503537,82.3423366503537,4.2155592490462
"WestAfrica","B",0,98000,524.520684462753,209.355390933524,798.514809666805,82.3423366503537,82.3423366503537,82.3423366503537,4.25901862274771
"WestAfrica","B",0,99000,524.520684462753,209.355390933524,798.514809666805,82.3423366503537,82.3423366503537,82.3423366503537,4.30247799644921
"WestAfrica","B",0,1e+05,524.520684462753,209.355390933524,798.514809666805,82.3423366503537,82.3423366503537,82.3423366503537,4.34593737015072
"WestAfrica","B",5,1000,17.0584488869793,15.459219303825,17.5915254146974,2.55413188497978,1.7755796731396,6.83791166172711,0.0434593737015072
"WestAfrica","B",5,2000,32.7842064546633,30.91843860765,34.6499743016767,5.08718096855531,3.48084895609819,12.7041081773309,0.0869187474030144
"WestAfrica","B",5,3000,48.5099640223474,46.2443887795454,50.7755392651493,7.67947660367914,5.2301901190947,18.2068523135662,0.130378121104522
"WestAfrica","B",5,4000,64.5022598538904,60.7707241598637,67.167642492481,10.0404690649103,6.95455936629125,23.4950192377811,0.173837494806029
"WestAfrica","B",5,5000,79.6949408938564,74.6307138805344,83.159938324024,12.5046038039756,8.62610441302502,29.2428532586728,0.217296868507536
"WestAfrica","B",5,6000,95.1541601976813,88.4907036012051,99.6853106832852,15.1083034322567,10.3043548149229,35.3036744980943,0.260756242209043
"WestAfrica","B",5,7000,110.879917765365,103.283577245382,114.744722591322,17.4828807654241,11.7763667295941,41.0718498610298,0.30421561591055
"WestAfrica","B",5,8000,125.806060541472,115.011260855181,130.070672763217,19.8108530185996,13.533230560083,46.9566005881169,0.347674989612058
"WestAfrica","B",5,9000,140.199126789861,123.407216166741,144.996815539324,22.0124390783286,15.0702212971151,52.1097279904213,0.391134363313565
"WestAfrica","B",5,10000,155.658346093686,130.337211027076,160.989111370867,24.413828934054,16.6622829847387,53.3076527718103,0.434593737015072
"WestAfrica","B",5,11000,171.117565397511,135.534707172328,176.98140720241,26.4898716127387,18.4718937869303,53.3076527718103,0.478053110716579
"WestAfrica","B",5,12000,185.777169909759,135.534707172328,191.507742582728,28.8278377526303,20.1610648202204,53.3076527718103,0.521512484418086
"WestAfrica","B",5,13000,199.903697894289,135.534707172328,206.966961886553,30.702277309328,21.8397310966489,53.3076527718103,0.564971858119593
"WestAfrica","B",5,14000,213.763687614959,135.534707172328,222.292912058449,33.0540574019234,23.2033887824697,53.3076527718103,0.608431231821101
"WestAfrica","B",5,15000,228.423292127207,135.534707172328,236.685978306838,35.3256692962001,24.738130513949,53.3076527718103,0.651890605522608
"WestAfrica","B",5,16000,243.349434903314,135.534707172328,252.278466742592,37.902163441179,26.1883468281504,53.3076527718103,0.695349979224115
"WestAfrica","B",5,17000,257.475962887844,135.534707172328,267.071340386769,40.2096607869657,27.7928976104322,53.3076527718103,0.738809352925622
"WestAfrica","B",5,18000,271.602490872373,135.534707172328,282.130752294806,42.6387809267781,29.1879142500762,53.3076527718103,0.78226872662713
"WestAfrica","B",5,19000,285.195942329185,135.534707172328,296.390549411265,44.6790950184071,30.6948346295855,53.3076527718103,0.825728100328637
"WestAfrica","B",5,20000,299.055932049856,135.534707172328,312.649383506667,46.9612515527449,32.3119227884338,53.3076527718103,0.869187474030144
"WestAfrica","B",5,21000,312.382845242808,135.534707172328,326.242834963479,48.9844021707506,33.6315854353591,53.3076527718103,0.912646847731651
"WestAfrica","B",5,22000,323.577452324888,135.534707172328,340.902439475727,51.3486153497839,35.1273125274607,53.3076527718103,0.956106221433158
"WestAfrica","B",5,23000,332.906291559955,135.534707172328,354.762429196397,53.3076527718103,36.621616558871,53.3076527718103,0.999565595134666
"WestAfrica","B",5,24000,339.569748156432,135.534707172328,368.489149785139,53.3076527718103,38.1438358117431,53.3076527718103,1.04302496883617
"WestAfrica","B",5,25000,339.569748156432,135.534707172328,382.748946901598,53.3076527718103,39.6156728030749,53.3076527718103,1.08648434253768
"WestAfrica","B",5,26000,339.569748156432,135.534707172328,396.742205754198,53.3076527718103,41.0841928885453,53.3076527718103,1.12994371623919
"WestAfrica","B",5,27000,339.569748156432,135.534707172328,411.135272002587,53.3076527718103,42.7841078700962,53.3076527718103,1.17340308994069
"WestAfrica","B",5,28000,339.569748156432,135.534707172328,426.061414778694,53.3076527718103,44.2898387626279,53.3076527718103,1.2168624636422
"WestAfrica","B",5,29000,339.569748156432,135.534707172328,439.654866235505,53.3076527718103,45.7634133527874,53.3076527718103,1.26032183734371
"WestAfrica","B",5,30000,339.569748156432,135.534707172328,454.314470747753,53.3076527718103,46.9430196149153,53.3076527718103,1.30378121104522
"WestAfrica","B",5,31000,339.569748156432,135.534707172328,467.508114808776,53.3076527718103,48.6673544576118,53.3076527718103,1.34724058474672
"WestAfrica","B",5,32000,339.569748156432,135.534707172328,480.835028001729,53.3076527718103,50.2011918997597,53.3076527718103,1.39069995844823
"WestAfrica","B",5,33000,339.569748156432,135.534707172328,493.229057271175,53.3076527718103,52.0844429593038,53.3076527718103,1.43415933214974
"WestAfrica","B",5,34000,339.569748156432,135.534707172328,506.422701332198,53.3076527718103,53.3076527718103,53.3076527718103,1.47761870585124
"WestAfrica","B",5,35000,339.569748156432,135.534707172328,513.885772720251,53.3076527718103,53.3076527718103,53.3076527718103,1.52107807955275
"WestAfrica","B",5,36000,339.569748156432,135.534707172328,516.95096275463,53.3076527718103,53.3076527718103,53.3076527718103,1.56453745325426
"WestAfrica","B",5,37000,339.569748156432,135.534707172328,516.95096275463,53.3076527718103,53.3076527718103,53.3076527718103,1.60799682695577
"WestAfrica","B",5,38000,339.569748156432,135.534707172328,516.95096275463,53.3076527718103,53.3076527718103,53.3076527718103,1.65145620065727
"WestAfrica","B",5,39000,339.569748156432,135.534707172328,516.95096275463,53.3076527718103,53.3076527718103,53.3076527718103,1.69491557435878
"WestAfrica","B",5,40000,339.569748156432,135.534707172328,516.95096275463,53.3076527718103,53.3076527718103,53.3076527718103,1.73837494806029
"WestAfrica","B",5,41000,339.569748156432,135.534707172328,516.95096275463,53.3076527718103,53.3076527718103,53.3076527718103,1.78183432176179
"WestAfrica","B",5,42000,339.569748156432,135.534707172328,516.95096275463,53.3076527718103,53.3076527718103,53.3076527718103,1.8252936954633
"WestAfrica","B",5,43000,339.569748156432,135.534707172328,516.95096275463,53.3076527718103,53.3076527718103,53.3076527718103,1.86875306916481
"WestAfrica","B",5,44000,339.569748156432,135.534707172328,516.95096275463,53.3076527718103,53.3076527718103,53.3076527718103,1.91221244286632
"WestAfrica","B",5,45000,339.569748156432,135.534707172328,516.95096275463,53.3076527718103,53.3076527718103,53.3076527718103,1.95567181656782
"WestAfrica","B",5,46000,339.569748156432,135.534707172328,516.95096275463,53.3076527718103,53.3076527718103,53.3076527718103,1.99913119026933
"WestAfrica","B",5,47000,339.569748156432,135.534707172328,516.95096275463,53.3076527718103,53.3076527718103,53.3076527718103,2.04259056397084
"WestAfrica","B",5,48000,339.569748156432,135.534707172328,516.95096275463,53.3076527718103,53.3076527718103,53.3076527718103,2.08604993767235
"WestAfrica","B",5,49000,339.569748156432,135.534707172328,516.95096275463,53.3076527718103,53.3076527718103,53.3076527718103,2.12950931137385
"WestAfrica","B",5,50000,339.569748156432,135.534707172328,516.95096275463,53.3076527718103,53.3076527718103,53.3076527718103,2.17296868507536
"WestAfrica","B",5,51000,339.569748156432,135.534707172328,516.95096275463,53.3076527718103,53.3076527718103,53.3076527718103,2.21642805877687
"WestAfrica","B",5,52000,339.569748156432,135.534707172328,516.95096275463,53.3076527718103,53.3076527718103,53.3076527718103,2.25988743247837
"WestAfrica","B",5,53000,339.569748156432,135.534707172328,516.95096275463,53.3076527718103,53.3076527718103,53.3076527718103,2.30334680617988
"WestAfrica","B",5,54000,339.569748156432,135.534707172328,516.95096275463,53.3076527718103,53.3076527718103,53.3076527718103,2.34680617988139
"WestAfrica","B",5,55000,339.569748156432,135.534707172328,516.95096275463,53.3076527718103,53.3076527718103,53.3076527718103,2.3902655535829
"WestAfrica","B",5,56000,339.569748156432,135.534707172328,516.95096275463,53.3076527718103,53.3076527718103,53.3076527718103,2.4337249272844
"WestAfrica","B",5,57000,339.569748156432,135.534707172328,516.95096275463,53.3076527718103,53.3076527718103,53.3076527718103,2.47718430098591
"WestAfrica","B",5,58000,339.569748156432,135.534707172328,516.95096275463,53.3076527718103,53.3076527718103,53.3076527718103,2.52064367468742
"WestAfrica","B",5,59000,339.569748156432,135.534707172328,516.95096275463,53.3076527718103,53.3076527718103,53.3076527718103,2.56410304838892
"WestAfrica","B",5,60000,339.569748156432,135.534707172328,516.95096275463,53.3076527718103,53.3076527718103,53.3076527718103,2.60756242209043
"WestAfrica","B",5,61000,339.569748156432,135.534707172328,516.95096275463,53.3076527718103,53.3076527718103,53.3076527718103,2.65102179579194
"WestAfrica","B",5,62000,339.569748156432,135.534707172328,516.95096275463,53.3076527718103,53.3076527718103,53.3076527718103,2.69448116949345
"WestAfrica","B",5,63000,339.569748156432,135.534707172328,516.95096275463,53.3076527718103,53.3076527718103,53.3076527718103,2.73794054319495
"WestAfrica","B",5,64000,339.569748156432,135.534707172328,516.95096275463,53.3076527718103,53.3076527718103,53.3076527718103,2.78139991689646
"WestAfrica","B",5,65000,339.569748156432,135.534707172328,516.95096275463,53.3076527718103,53.3076527718103,53.3076527718103,2.82485929059797
"WestAfrica","B",5,66000,339.569748156432,135.534707172328,516.95096275463,53.3076527718103,53.3076527718103,53.3076527718103,2.86831866429947
"WestAfrica","B",5,67000,339.569748156432,135.534707172328,516.95096275463,53.3076527718103,53.3076527718103,53.3076527718103,2.91177803800098
"WestAfrica","B",5,68000,339.569748156432,135.534707172328,516.95096275463,53.3076527718103,53.3076527718103,53.3076527718103,2.95523741170249
"WestAfrica","B",5,69000,339.569748156432,135.534707172328,516.95096275463,53.3076527718103,53.3076527718103,53.3076527718103,2.998696785404
"WestAfrica","B",5,70000,339.569748156432,135.534707172328,516.95096275463,53.3076527718103,53.3076527718103,53.3076527718103,3.0421561591055
"WestAfrica","B",5,71000,339.569748156432,135.534707172328,516.95096275463,53.3076527718103,53.3076527718103,53.3076527718103,3.08561553280701
"WestAfrica","B",5,72000,339.569748156432,135.534707172328,516.95096275463,53.3076527718103,53.3076527718103,53.3076527718103,3.12907490650852
"WestAfrica","B",5,73000,339.569748156432,135.534707172328,516.95096275463,53.3076527718103,53.3076527718103,53.3076527718103,3.17253428021003
"WestAfrica","B",5,74000,339.569748156432,135.534707172328,516.95096275463,53.3076527718103,53.3076527718103,53.3076527718103,3.21599365391153
"WestAfrica","B",5,75000,339.569748156432,135.534707172328,516.95096275463,53.3076527718103,53.3076527718103,53.3076527718103,3.25945302761304
"WestAfrica","B",5,76000,339.569748156432,135.534707172328,516.95096275463,53.3076527718103,53.3076527718103,53.3076527718103,3.30291240131455
"WestAfrica","B",5,77000,339.569748156432,135.534707172328,516.95096275463,53.3076527718103,53.3076527718103,53.3076527718103,3.34637177501605
"WestAfrica","B",5,78000,339.569748156432,135.534707172328,516.95096275463,53.3076527718103,53.3076527718103,53.3076527718103,3.38983114871756
"WestAfrica","B",5,79000,339.569748156432,135.534707172328,516.95096275463,53.3076527718103,53.3076527718103,53.3076527718103,3.43329052241907
"WestAfrica","B",5,80000,339.569748156432,135.534707172328,516.95096275463,53.3076527718103,53.3076527718103,53.3076527718103,3.47674989612058
"WestAfrica","B",5,81000,339.569748156432,135.534707172328,516.95096275463,53.3076527718103,53.3076527718103,53.3076527718103,3.52020926982208
"WestAfrica","B",5,82000,339.569748156432,135.534707172328,516.95096275463,53.3076527718103,53.3076527718103,53.3076527718103,3.56366864352359
"WestAfrica","B",5,83000,339.569748156432,135.534707172328,516.95096275463,53.3076527718103,53.3076527718103,53.3076527718103,3.6071280172251
"WestAfrica","B",5,84000,339.569748156432,135.534707172328,516.95096275463,53.3076527718103,53.3076527718103,53.3076527718103,3.6505873909266
"WestAfrica","B",5,85000,339.569748156432,135.534707172328,516.95096275463,53.3076527718103,53.3076527718103,53.3076527718103,3.69404676462811
"WestAfrica","B",5,86000,339.569748156432,135.534707172328,516.95096275463,53.3076527718103,53.3076527718103,53.3076527718103,3.73750613832962
"WestAfrica","B",5,87000,339.569748156432,135.534707172328,516.95096275463,53.3076527718103,53.3076527718103,53.3076527718103,3.78096551203113
"WestAfrica","B",5,88000,339.569748156432,135.534707172328,516.95096275463,53.3076527718103,53.3076527718103,53.3076527718103,3.82442488573263
"WestAfrica","B",5,89000,339.569748156432,135.534707172328,516.95096275463,53.3076527718103,53.3076527718103,53.3076527718103,3.86788425943414
"WestAfrica","B",5,90000,339.569748156432,135.534707172328,516.95096275463,53.3076527718103,53.3076527718103,53.3076527718103,3.91134363313565
"WestAfrica","B",5,91000,339.569748156432,135.534707172328,516.95096275463,53.3076527718103,53.3076527718103,53.3076527718103,3.95480300683715
"WestAfrica","B",5,92000,339.569748156432,135.534707172328,516.95096275463,53.3076527718103,53.3076527718103,53.3076527718103,3.99826238053866
"WestAfrica","B",5,93000,339.569748156432,135.534707172328,516.95096275463,53.3076527718103,53.3076527718103,53.3076527718103,4.04172175424017
"WestAfrica","B",5,94000,339.569748156432,135.534707172328,516.95096275463,53.3076527718103,53.3076527718103,53.3076527718103,4.08518112794168
"WestAfrica","B",5,95000,339.569748156432,135.534707172328,516.95096275463,53.3076527718103,53.3076527718103,53.3076527718103,4.12864050164318
"WestAfrica","B",5,96000,339.569748156432,135.534707172328,516.95096275463,53.3076527718103,53.3076527718103,53.3076527718103,4.17209987534469
"WestAfrica","B",5,97000,339.569748156432,135.534707172328,516.95096275463,53.3076527718103,53.3076527718103,53.3076527718103,4.2155592490462
"WestAfrica","B",5,98000,339.569748156432,135.534707172328,516.95096275463,53.3076527718103,53.3076527718103,53.3076527718103,4.25901862274771
"WestAfrica","B",5,99000,339.569748156432,135.534707172328,516.95096275463,53.3076527718103,53.3076527718103,53.3076527718103,4.30247799644921
"WestAfrica","B",5,1e+05,339.569748156432,135.534707172328,516.95096275463,53.3076527718103,53.3076527718103,53.3076527718103,4.34593737015072
