"scenario","policy","dpc","supply_ratio","pct_averted_med","pct_averted_lo","pct_averted_hi"
"DRC","A",0,0,12.8943325725663,9.64076000374616,18.2396265118618
"DRC","A",0,0.05,12.8943325725663,9.64076000374616,18.2396265118618
"DRC","A",0,0.1,12.8943325725663,9.64076000374616,18.2396265118618
"DRC","A",0,0.15,12.8943325725663,9.64076000374616,18.2396265118618
"DRC","A",0,0.2,12.8943325725663,9.64076000374616,18.2396265118618
"DRC","A",0,0.25,12.8943325725663,9.75450783393803,18.2396265118618
"DRC","A",0,0.3,13.405133056144,9.99040833748474,18.2396265118618
"DRC","A",0,0.35,13.7053263638323,10.731228264896,18.2396265118618
"DRC","A",0,0.4,14.1296553652271,11.5462261318636,18.5227421175437
"DRC","A",0,0.45,14.8396624048316,12.2515087787044,19.5325634914288
"DRC","A",0,0.5,16.0126111804202,12.9706022093608,20.5352447418092
"DRC","A",0,0.55,17.0820765242296,13.5812353556018,21.6751360103648
"DRC","A",0,0.6,18.2337495142758,13.9238603988619,22.9857777503084
"DRC","A",0,0.65,19.4643553134678,14.6606006758153,24.4475209260238
"DRC","A",0,0.7,20.4030174147852,15.5055616074549,25.2532450989772
"DRC","A",0,0.75,21.414847287188,15.914224329825,26.7740424662515
"DRC","A",0,0.8,22.5289757171891,16.7675533400953,27.9169141073407
"DRC","A",0,0.85,23.6120827485098,17.5318882183882,29.2358554187541
"DRC","A",0,0.9,24.4552299026635,18.2569538701059,30.3153515030964
"DRC","A",0,0.95,25.3053485278106,19.024028266698,31.6269967817405
"DRC","A",0,1,26.2434558454244,19.7173063497495,32.6979426533673
"DRC","A",0,1.05,27.2616273200867,20.6349383428478,33.5076848972347
"DRC","A",0,1.1,28.2650434272041,21.4385497588764,34.4542703249359
"DRC","A",0,1.15,29.1812720909662,22.3662842772659,35.4500233951621
"DRC","A",0,1.2,30.1552556091433,23.1248119403928,36.7064773443702
"DRC","A",0,1.25,30.9903314611907,23.7495149284348,37.7418186325368
"DRC","A",0,1.3,31.8254073132382,24.47041443607,38.5546846771147
"DRC","A",0,1.35,32.6604831652856,25.2097873989647,39.2761655283011
"DRC","A",0,1.4,33.4637851493912,25.9557618408481,40.0421129884391
"DRC","A",0,1.45,34.3199027030237,26.5940062922187,40.8715682624737
"DRC","A",0,1.5,35.1639033429621,27.3073557172654,41.7320201960011
"DRC","A",0,1.55,35.9368875571764,28.0581491768887,42.9657082247666
"DRC","A",0,1.6,36.6294521315806,28.5961176682224,44.1993962535321
"DRC","A",0,1.65,37.3107088251876,29.3104730781354,44.9599133180201
"DRC","A",0,1.7,37.9640459111616,29.9420281509543,45.9239000541714
"DRC","A",0,1.75,38.6194596715845,30.4904475052626,47.0152303827484
"DRC","A",0,1.8,39.2554459062924,31.0759419938841,48.0525261716163
"DRC","A",0,1.85,40.0102525099179,31.7572766762526,48.8119777949658
"DRC","A",0,1.9,40.6259029783273,32.3383706524213,49.5858240670892
"DRC","A",0,1.95,41.3337027242494,33.0262499290241,50.6179972263217
"DRC","A",0,2,41.8696542375612,33.6398726305409,51.5701338933529
"DRC","A",0,2.05,42.5841648159356,34.2216397132179,52.0556421810407
"DRC","A",0,2.1,43.2926771763071,34.8034067958948,53.0665345488201
"DRC","A",0,2.15,43.9034324673451,35.3851738785717,53.9051956979988
"DRC","A",0,2.2,44.7102392667767,35.9669409612487,54.5416450910806
"DRC","A",0,2.25,45.5170460662083,36.5487080439256,55.1310937668942
"DRC","A",0,2.3,46.2894542418873,37.1304751266026,55.8016027585626
"DRC","A",0,2.35,46.8265413150411,37.7122422092795,56.4953679386751
"DRC","A",0,2.4,47.2580346776508,38.2407274286304,57.2985557195913
"DRC","A",0,2.45,47.7487185695007,38.800022392223,58.0770609373556
"DRC","A",0,2.5,48.1679758076912,39.3593173558156,58.8132247565646
"DRC","A",0,2.55,48.6548044745666,39.9186123194081,59.541562028783
"DRC","A",0,2.6,49.3256121368181,40.4377891036235,60.4258124955047
"DRC","A",0,2.65,49.9206857638304,40.8926765825991,60.970997260066
"DRC","A",0,2.7,50.4903488466866,41.3845374883099,61.4789222111279
"DRC","A",0,2.75,51.1112910051401,42.0240497737403,61.9034191875843
"DRC","A",0,2.8,51.8055131733941,42.691395658054,62.3279161640407
"DRC","A",0,2.85,52.4574395559233,43.2064187649353,62.7859612159272
"DRC","A",0,2.9,53.101108541413,43.6036534826216,63.4788763197074
"DRC","A",0,2.95,53.6289203353358,43.9980862735746,64.0686016285397
"DRC","A",0,3,54.0905673965263,44.3979492878982,64.6740607926441
"DRC","A",0,3.05,54.5977702224676,44.8934925650236,65.2966820427369
"DRC","A",0,3.1,55.1074485105701,45.384608981878,66.1034719573451
"DRC","A",0,3.15,55.574410930043,45.8404554084555,66.9102618719534
"DRC","A",0,3.2,55.8958068026777,46.2963018350329,67.6311034378056
"DRC","A",0,3.25,56.3044225580707,46.7415646214012,68.0502872616405
"DRC","A",0,3.3,56.9069225548641,47.1996286751859,68.3639491536177
"DRC","A",0,3.35,57.4128974970771,47.6612376649491,68.7814973224974
"DRC","A",0,3.4,57.8149706092124,48.1485793279625,69.4648925170332
"DRC","A",0,3.45,58.1203201419856,48.6556549153874,70.0629503000234
"DRC","A",0,3.5,58.4569335662296,49.1092887794425,70.5014972754521
"DRC","A",5,0,8.34766939419435,6.24133717407507,11.8081623176485
"DRC","A",5,0.05,8.34766939419435,6.24133717407507,11.8081623176485
"DRC","A",5,0.1,8.34766939419435,6.24133717407507,11.8081623176485
"DRC","A",5,0.15,8.34766939419435,6.24133717407507,11.8081623176485
"DRC","A",5,0.2,8.34766939419435,6.24133717407507,11.8081623176485
"DRC","A",5,0.25,8.34766939419435,6.31497644740736,11.8081623176485
"DRC","A",5,0.3,8.67835681359391,6.46769621033031,11.8081623176485
"DRC","A",5,0.35,8.87269913203723,6.9472960500163,11.8081623176485
"DRC","A",5,0.4,9.14740572875929,7.4749179887348,11.9914486927493
"DRC","A",5,0.45,9.6070575952529,7.93151132787479,12.6451975338734
"DRC","A",5,0.5,10.3664135789639,8.39704563830725,13.2943239263274
"DRC","A",5,0.55,11.0587753641457,8.79236378271448,14.0322787915119
"DRC","A",5,0.6,11.8043576047949,9.01417600689986,14.8807759027588
"DRC","A",5,0.65,12.6010402022399,9.49113471932511,15.8270946595787
"DRC","A",5,0.7,13.2087212008926,10.0381544637472,16.3487128961856
"DRC","A",5,0.75,13.8637703250295,10.3027188590641,17.3332627801072
"DRC","A",5,0.8,14.5850465713169,10.8551560187328,18.0731471103836
"DRC","A",5,0.85,15.2862398564373,11.3499792160199,18.9270172859869
"DRC","A",5,0.9,15.8320853784076,11.8193798860866,19.6258728780622
"DRC","A",5,0.95,16.3824441650014,12.3159766217041,20.4750196708068
"DRC","A",5,1,16.9897660019125,12.7647983193751,21.1683399357453
"DRC","A",5,1.05,17.6489206195904,13.3588646241498,21.6925594335966
"DRC","A",5,1.1,18.2985227513709,13.8791150818338,22.3053699190826
"DRC","A",5,1.15,18.891680553958,14.4797216662781,22.9500110729944
"DRC","A",5,1.2,19.5222283050246,14.9707853271926,23.7634275191728
"DRC","A",5,1.25,20.0628485420734,15.3752121545908,24.4336977123088
"DRC","A",5,1.3,20.6034687791222,15.8419157022393,24.9599395293021
"DRC","A",5,1.35,21.144089016171,16.3205787907331,25.4270194332872
"DRC","A",5,1.4,21.6641391505441,16.8035156145133,25.9228866008643
"DRC","A",5,1.45,22.2183815869068,17.2167090576588,26.4598681286746
"DRC","A",5,1.5,22.764779647531,17.6785247529897,27.0169166017351
"DRC","A",5,1.55,23.2652023433843,18.1645813634415,27.8155946055598
"DRC","A",5,1.6,23.7135621222811,18.512857095037,28.6142726093846
"DRC","A",5,1.65,24.1546012857127,18.9753240554902,29.1066241899926
"DRC","A",5,1.7,24.5775655582707,19.3841868580005,29.7307001185832
"DRC","A",5,1.75,25.0018742502969,19.7392283797993,30.4372170888528
"DRC","A",5,1.8,25.4136057452558,20.1182719941647,31.1087526073241
"DRC","A",5,1.85,25.9022604273156,20.5593616467855,31.6004144313796
"DRC","A",5,1.9,26.3008267388125,20.9355564108584,32.1013952153993
"DRC","A",5,1.95,26.7590496241772,21.3808829721117,32.7696143917191
"DRC","A",5,2,27.1060195832089,21.7781365264316,33.3860186972337
"DRC","A",5,2.05,27.5685869982617,22.1547670533148,33.7003321873621
"DRC","A",5,2.1,28.0272712235054,22.5313975801979,34.3547743798405
"DRC","A",5,2.15,28.4226684433032,22.9080281070811,34.8977157044651
"DRC","A",5,2.2,28.9449875620897,23.2846586339642,35.3097470437906
"DRC","A",5,2.25,29.4673066808762,23.6612891608473,35.6913505616808
"DRC","A",5,2.3,29.9673564548102,24.0379196877305,36.1254317641612
"DRC","A",5,2.35,30.3150615645824,24.4145502146136,36.5745688038793
"DRC","A",5,2.4,30.5944063012396,24.7566865652958,37.0945450041838
"DRC","A",5,2.45,30.9120704287288,25.1187688540559,37.5985419457066
"DRC","A",5,2.5,31.1834936137476,25.480851142816,38.0751274648205
"DRC","A",5,2.55,31.498661904919,25.8429334315761,38.5466461511684
"DRC","A",5,2.6,31.9329364639204,26.1790435890721,39.1191015703468
"DRC","A",5,2.65,32.3181815222084,26.4735334562038,39.4720490492254
"DRC","A",5,2.7,32.6869760336729,26.7919595713745,39.8008748759726
"DRC","A",5,2.75,33.0889681354368,27.2059737983425,40.0756902181666
"DRC","A",5,2.8,33.5384010249711,27.63800723493,40.3505055603606
"DRC","A",5,2.85,33.9604520214131,27.9714283408632,40.6470396104386
"DRC","A",5,2.9,34.3771572568277,28.2285943536428,41.09562631875
"DRC","A",5,2.95,34.7188576382339,28.48394642546,41.4774089262496
"DRC","A",5,3,35.0177235951907,28.7428139727142,41.8693774833801
"DRC","A",5,3.05,35.3460819249399,29.0636240204369,42.2724566132478
"DRC","A",5,3.1,35.6760428455642,29.381568160538,42.7947648009588
"DRC","A",5,3.15,35.9783499153822,29.6766788413102,43.3170729886697
"DRC","A",5,3.2,36.1864185745637,29.9717895220825,43.783739025354
"DRC","A",5,3.25,36.4509525639023,30.2600484539211,44.0551146826107
"DRC","A",5,3.3,36.8410053840021,30.5565948056489,44.2581764355978
"DRC","A",5,3.35,37.1685687933969,30.8554361155224,44.5284931852507
"DRC","A",5,3.4,37.4288671371469,31.1709365155593,44.9709167940308
"DRC","A",5,3.45,37.6265475471191,31.4992124722921,45.3580937667768
"DRC","A",5,3.5,37.8444679058056,31.792890760938,45.6420049459015
"DRC","B",0,0,26.9398825456349,21.5892793863998,34.3491088669451
"DRC","B",0,0.05,26.9398825456349,21.5892793863998,34.3491088669451
"DRC","B",0,0.1,26.9398825456349,21.5892793863998,34.3491088669451
"DRC","B",0,0.15,26.9398825456349,21.5892793863998,34.3491088669451
"DRC","B",0,0.2,26.9398825456349,21.5892793863998,34.3491088669451
"DRC","B",0,0.25,26.9398825456349,21.5892793863998,34.3491088669451
"DRC","B",0,0.3,26.9398825456349,22.4538609595072,34.3491088669451
"DRC","B",0,0.35,26.9749593024572,24.0194584045284,34.3491088669451
"DRC","B",0,0.4,28.2934809122512,25.3118509857586,34.3491088669451
"DRC","B",0,0.45,30.3222842294412,27.2049447819722,34.3491088669451
"DRC","B",0,0.5,31.9380423292658,28.7914175545401,36.2323294141029
"DRC","B",0,0.55,33.8199198077597,30.5755751707677,37.4352107485113
"DRC","B",0,0.6,35.905010995388,32.2876324737767,39.5251460753876
"DRC","B",0,0.65,37.6481340644808,34.1396512393836,41.1475622508532
"DRC","B",0,0.7,39.2563014277792,35.8068443206652,43.1849342640814
"DRC","B",0,0.75,40.881624419354,37.4422447334999,45.2879221388445
"DRC","B",0,0.8,42.7593158571076,39.0953580225955,47.3573828789295
"DRC","B",0,0.85,44.5378297582479,40.6879884196836,49.0479742985416
"DRC","B",0,0.9,46.1521842910124,42.0980158166191,50.8649097033601
"DRC","B",0,0.95,47.5541036409241,43.6077086943052,52.5376594481904
"DRC","B",0,1,49.1419919446064,45.2119187244897,54.1479703924329
"DRC","B",0,1.05,50.7116671687621,46.5993179562588,55.5688006098463
"DRC","B",0,1.1,52.0579755513551,47.9542316011516,57.1342871957126
"DRC","B",0,1.15,53.4491091916068,49.0686243495039,58.7824444748853
"DRC","B",0,1.2,55.1424427303931,50.1832678904022,60.0342331664859
"DRC","B",0,1.25,56.3936281691693,51.3034238566088,61.4130090198821
"DRC","B",0,1.3,57.6685686181955,52.1951493109319,62.8812484675493
"DRC","B",0,1.35,58.877902444552,53.2774806939261,64.254815582409
"DRC","B",0,1.4,60.2843269169483,54.4516562645433,65.3037995309965
"DRC","B",0,1.45,61.5610194460271,55.6475941623291,66.2256607699632
"DRC","B",0,1.5,62.6166008449553,56.8528031308314,67.7417545331465
"DRC","B",0,1.55,63.646119563264,57.7805678872946,69.2929435202568
"DRC","B",0,1.6,64.7619865539524,58.6794964125212,70.502321551333
"DRC","B",0,1.65,66.0676219261673,59.5795242333927,71.6469605365918
"DRC","B",0,1.7,67.1319826218752,60.5177209677935,72.6841903471136
"DRC","B",0,1.75,68.0652019231649,61.5508363021896,73.6807692256715
"DRC","B",0,1.8,68.9102918516288,62.415441264058,74.4634395292147
"DRC","B",0,1.85,69.8678364129645,63.1908103403627,75.3927035412425
"DRC","B",0,1.9,70.7517192725159,64.2761288497613,76.5870475133755
"DRC","B",0,1.95,71.6150747914474,65.0192699494725,77.3928540108786
"DRC","B",0,2,72.2897593088617,65.977585648859,78.2735248791802
"DRC","B",0,2.05,73.255774866928,66.8100971652965,79.1802561749373
"DRC","B",0,2.1,74.0937171260167,67.5672053437452,79.9416694180063
"DRC","B",0,2.15,75.0639377410186,68.3894287171447,80.4397891433259
"DRC","B",0,2.2,76.0767134686316,69.236635996465,81.09980797183
"DRC","B",0,2.25,76.9086952558247,70.0852898121228,81.3866183024027
"DRC","B",0,2.3,77.5186771861505,70.6403111172073,81.5872643189482
"DRC","B",0,2.35,78.026235287612,71.4218032626893,81.8174070347235
"DRC","B",0,2.4,78.5570887262773,72.4960724004901,82.0091116607595
"DRC","B",0,2.45,79.0143657005272,73.2743429391953,82.1548066644713
"DRC","B",0,2.5,79.4859173469145,74.0101717190669,82.278035354612
"DRC","B",0,2.55,80.2785781264984,74.5505769520439,82.3423366503537
"DRC","B",0,2.6,80.8058797134731,75.0839335281488,82.3423366503537
"DRC","B",0,2.65,81.1110369527174,75.6148913631616,82.3423366503537
"DRC","B",0,2.7,81.313950310935,76.2045639482078,82.3423366503537
"DRC","B",0,2.75,81.6056959441874,76.6367748566301,82.3423366503537
"DRC","B",0,2.8,81.7843427910679,77.3411534668111,82.3423366503537
"DRC","B",0,2.85,81.9025534158383,77.8176006077256,82.3423366503537
"DRC","B",0,2.9,82.2104964560214,78.3318481071924,82.3423366503537
"DRC","B",0,2.95,82.2533619139271,78.946188451805,82.3423366503537
"DRC","B",0,3,82.3423366503537,79.3337779200628,82.3423366503537
"DRC","B",0,3.05,82.3423366503537,79.7782549244941,82.3423366503537
"DRC","B",0,3.1,82.3423366503537,80.174212747135,82.3423366503537
"DRC","B",0,3.15,82.3423366503537,80.5085879335388,82.3423366503537
"DRC","B",0,3.2,82.3423366503537,80.8429631199425,82.3423366503537
"DRC","B",0,3.25,82.3423366503537,81.2176175120648,82.3423366503537
"DRC","B",0,3.3,82.3423366503537,81.4812800023578,82.3423366503537
"DRC","B",0,3.35,82.3423366503537,81.6233950938906,82.3423366503537
"DRC","B",0,3.4,82.3423366503537,81.7839196795445,82.3423366503537
"DRC","B",0,3.45,82.3423366503537,82.0417059378613,82.3423366503537
"DRC","B",0,3.5,82.3423366503537,82.1728728612101,82.3423366503537
"DRC","B",5,0,17.4406260846605,13.9766960222504,22.2372893821972
"DRC","B",5,0.05,17.4406260846605,13.9766960222504,22.2372893821972
"DRC","B",5,0.1,17.4406260846605,13.9766960222504,22.2372893821972
"DRC","B",5,0.15,17.4406260846605,13.9766960222504,22.2372893821972
"DRC","B",5,0.2,17.4406260846605,13.9766960222504,22.2372893821972
"DRC","B",5,0.25,17.4406260846605,13.9766960222504,22.2372893821972
"DRC","B",5,0.3,17.4406260846605,14.5364179850582,22.2372893821972
"DRC","B",5,0.35,17.4633344464718,15.5499710171273,22.2372893821972
"DRC","B",5,0.4,18.3169329112019,16.3866537949992,22.2372893821972
"DRC","B",5,0.45,19.6303610597653,17.6122248785785,22.2372893821972
"DRC","B",5,0.5,20.6763876270515,18.639292400977,23.4564686173811
"DRC","B",5,0.55,21.8946973722391,19.7943392282233,24.2352026575944
"DRC","B",5,0.6,23.24456575768,20.902708992149,25.5882070931344
"DRC","B",5,0.65,24.3730472058116,22.1016884879954,26.6385440358464
"DRC","B",5,0.7,25.4141596018041,23.1810135775651,27.9575194774755
"DRC","B",5,0.75,26.4663783898719,24.2397563931893,29.3189740095132
"DRC","B",5,0.8,27.6819781317326,25.3099663579826,30.6587233905124
"DRC","B",5,0.85,28.8333712710165,26.3410202684674,31.7531963438166
"DRC","B",5,0.9,29.8784891822148,27.2538587174629,32.9294632025062
"DRC","B",5,0.95,30.7860785579756,28.2312196594713,34.0123856236926
"DRC","B",5,1,31.8140624818779,29.2697701152989,35.0548857537877
"DRC","B",5,1.05,32.8302554297306,30.1679593034085,35.9747178469573
"DRC","B",5,1.1,33.7018427893145,31.0451176287111,36.9881991098543
"DRC","B",5,1.15,34.6024495982834,31.7665649922082,38.0552006005278
"DRC","B",5,1.2,35.6986977736999,32.4881747164361,38.8655968028954
"DRC","B",5,1.25,36.5087034358739,33.2133531328609,39.7582032971112
"DRC","B",5,1.3,37.3340878678219,33.7906477885699,40.7087276791731
"DRC","B",5,1.35,38.1169991905156,34.4913389262732,41.5979620851463
"DRC","B",5,1.4,39.0275051401177,35.2514891255248,42.2770644080734
"DRC","B",5,1.45,39.8540238521805,36.025728050302,42.8738686867678
"DRC","B",5,1.5,40.5373973022853,36.8059689788926,43.8553735017266
"DRC","B",5,1.55,41.2038980185659,37.4065951391808,44.8595986339263
"DRC","B",5,1.6,41.9262997926585,37.9885529951127,45.642538574339
"DRC","B",5,1.65,42.7715558286168,38.5712225246854,46.3835670665757
"DRC","B",5,1.7,43.4606129127227,39.1786022491819,47.0550598712874
"DRC","B",5,1.75,44.0647702939292,39.8474313808238,47.7002356457309
"DRC","B",5,1.8,44.6118735496797,40.407168485295,48.2069290245362
"DRC","B",5,1.85,45.2317788750042,40.9091351183912,48.8085257887483
"DRC","B",5,1.9,45.8039963087649,41.6117600935787,49.5817328210787
"DRC","B",5,1.95,46.3629245356532,42.0928626383374,50.1034043538233
"DRC","B",5,2,46.7997089341523,42.7132671911691,50.673542374718
"DRC","B",5,2.05,47.4250983029315,43.2522273015097,51.2605516707597
"DRC","B",5,2.1,47.9675742248865,43.7423720014205,51.7534834289357
"DRC","B",5,2.15,48.5956859078982,44.2746716649115,52.0759614449395
"DRC","B",5,2.2,49.2513473697846,44.8231456736529,52.5032514146444
"DRC","B",5,2.25,49.7899645384045,45.3725561563874,52.6889297198212
"DRC","B",5,2.3,50.1848610917652,45.7318717189034,52.8188260600899
"DRC","B",5,2.35,50.5134494235381,46.2378023692825,52.9678182854697
"DRC","B",5,2.4,50.8571189370868,46.9332740854245,53.0919260537842
"DRC","B",5,2.45,51.153155740941,47.437119097936,53.1862476261903
"DRC","B",5,2.5,51.4584338330157,47.9134877157403,53.266024718908
"DRC","B",5,2.55,51.9715949518617,48.2633409709124,53.3076527718103
"DRC","B",5,2.6,52.3129650300978,48.6086309920505,53.3076527718103
"DRC","B",5,2.65,52.5105209510515,48.9523680908108,53.3076527718103
"DRC","B",5,2.7,52.6418851469517,49.3341165654281,53.3076527718103
"DRC","B",5,2.75,52.8307585205742,49.6139258344825,53.3076527718103
"DRC","B",5,2.8,52.9464128057171,50.0699339088083,53.3076527718103
"DRC","B",5,2.85,53.0229412502031,50.3783812979059,53.3076527718103
"DRC","B",5,2.9,53.2223006724319,50.7113002829081,53.3076527718103
"DRC","B",5,2.95,53.2500513659255,51.1090184326053,53.3076527718103
"DRC","B",5,3,53.3076527718103,51.3599402017996,53.3076527718103
"DRC","B",5,3.05,53.3076527718103,51.6476904258173,53.3076527718103
"DRC","B",5,3.1,53.3076527718103,51.9040297887777,53.3076527718103
"DRC","B",5,3.15,53.3076527718103,52.120501133379,53.3076527718103
"DRC","B",5,3.2,53.3076527718103,52.3369724779804,53.3076527718103
"DRC","B",5,3.25,53.3076527718103,52.5795202007818,53.3076527718103
"DRC","B",5,3.3,53.3076527718103,52.7502128123016,53.3076527718103
"DRC","B",5,3.35,53.3076527718103,52.8422167832993,53.3076527718103
"DRC","B",5,3.4,53.3076527718103,52.9461388873041,53.3076527718103
"DRC","B",5,3.45,53.3076527718103,53.1130272816188,53.3076527718103
"DRC","B",5,3.5,53.3076527718103,53.1979435117073,53.3076527718103
"WestAfrica","A",0,0,1.92466644081936,1.1435670257054,2.63438939058742
"WestAfrica","A",0,0.05,2.17922723758147,1.34929640417446,2.87574656266453
"WestAfrica","A",0,0.1,3.62601269063496,2.47073432110224,4.8863790934634
"WestAfrica","A",0,0.15,5.32406991182791,3.67003219972688,6.8063087701613
"WestAfrica","A",0,0.2,7.0009844764147,4.85786950640836,9.06658594367053
"WestAfrica","A",0,0.25,8.60467871058614,6.08651356864178,11.1685824947307
"WestAfrica","A",0,0.3,10.2794072501099,7.16488697913282,13.3105405583224
"WestAfrica","A",0,0.35,11.8198517790072,8.25479898934118,15.4134563321251
"WestAfrica","A",0,0.4,13.4215619604812,9.44899149473433,17.3255632490462
"WestAfrica","A",0,0.45,14.8268701248047,10.6508734331684,19.3320718780578
"WestAfrica","A",0,0.5,16.2453510774117,11.8072503028476,21.2415106328981
"WestAfrica","A",0,0.55,17.8439069652098,13.0106496622432,23.13233111303
"WestAfrica","A",0,0.6,19.3609202841022,14.1196501249704,25.0022277246561
"WestAfrica","A",0,0.65,20.6620571713588,15.1954591395286,26.8413766546004
"WestAfrica","A",0,0.7,22.0257020447446,16.2722665723479,28.6722728923985
"WestAfrica","A",0,0.75,23.438543166462,17.3018332162044,30.4757148216684
"WestAfrica","A",0,0.8,24.7890462280503,18.4053640617847,32.1029107392589
"WestAfrica","A",0,0.85,26.0147320843083,19.4373472557768,33.7898377352615
"WestAfrica","A",0,0.9,27.3889588890774,20.4695941443532,35.5729436020546
"WestAfrica","A",0,0.95,28.7462927202104,21.5251097062522,37.3365950309014
"WestAfrica","A",0,1,29.9779047266865,22.5646881255731,39.1300044420161
"WestAfrica","A",0,1.05,31.2890682412096,23.5611856678112,40.5871118427253
"WestAfrica","A",0,1.1,32.5721322476348,24.4456325527802,41.9232956514187
"WestAfrica","A",0,1.15,33.7833008509323,25.5179323901431,43.4956025112438
"WestAfrica","A",0,1.2,34.9186767752185,26.4559614328673,45.019809175602
"WestAfrica","A",0,1.25,36.0847430790714,27.3250463210463,46.5317069014097
"WestAfrica","A",0,1.3,37.3024279328238,28.1601911852397,48.0514265716727
"WestAfrica","A",0,1.35,38.3059908101534,29.1260982037405,49.55157613791
"WestAfrica","A",0,1.4,39.3987389043659,30.0315882979839,51.0179460365887
"WestAfrica","A",0,1.45,40.4007274659576,30.8759259900757,52.547434200606
"WestAfrica","A",0,1.5,41.3466848783279,31.6823295901132,54.0818122705174
"WestAfrica","A",0,1.55,42.3386081253467,32.5996572245822,55.4720279328224
"WestAfrica","A",0,1.6,43.4352630821183,33.4882019497347,56.8503976970546
"WestAfrica","A",0,1.65,44.5469994822526,34.3127110265329,58.2043788433379
"WestAfrica","A",0,1.7,45.5728725178729,35.0638415760722,59.4745492137405
"WestAfrica","A",0,1.75,46.6121688375881,35.8997380466479,60.5520105066696
"WestAfrica","A",0,1.8,47.6316816369937,36.8456868389521,61.6859278562497
"WestAfrica","A",0,1.85,48.707085213836,37.715576177857,62.7659688958743
"WestAfrica","A",0,1.9,49.7770770972654,38.5641909048613,64.028310661961
"WestAfrica","A",0,1.95,50.7269647128637,39.4851781781177,65.0996445220551
"WestAfrica","A",0,2,51.5999358106283,40.3906094184493,65.9481470804776
"WestAfrica","A",0,2.05,52.6017855010271,41.3009500546632,67.1432244632842
"WestAfrica","A",0,2.1,53.4533295969942,42.2337388275969,68.1653040476692
"WestAfrica","A",0,2.15,54.4968776239714,43.1863659943888,68.9753972446759
"WestAfrica","A",0,2.2,55.2953347012369,43.9308848005594,69.6933536580886
"WestAfrica","A",0,2.25,56.1160479083083,44.6734685184729,70.3245215756648
"WestAfrica","A",0,2.3,56.8685866035948,45.3898182399278,71.3401816120935
"WestAfrica","A",0,2.35,57.632356898173,46.2866837368431,72.3342232986067
"WestAfrica","A",0,2.4,58.6611051487258,47.2660589380916,73.264178536499
"WestAfrica","A",0,2.45,59.5716740104516,47.895961329106,74.2125939428518
"WestAfrica","A",0,2.5,60.464923380236,48.5872851188885,75.0689079996053
"WestAfrica","A",0,2.55,61.3341910980802,49.3058477955472,75.6180144327527
"WestAfrica","A",0,2.6,62.1031267213914,49.981336862833,76.401452317119
"WestAfrica","A",0,2.65,62.8952318629198,50.6445421053506,77.1697216322999
"WestAfrica","A",0,2.7,63.6582380600556,51.4280744373001,77.5845281230237
"WestAfrica","A",0,2.75,64.2086115620476,52.1885057956499,78.1598623789397
"WestAfrica","A",0,2.8,64.7198673168033,52.9189009667675,78.8504001359088
"WestAfrica","A",0,2.85,65.4035323395125,53.5858952108752,79.6352318176993
"WestAfrica","A",0,2.9,66.0326490591442,54.2746869438645,80.3021994625445
"WestAfrica","A",0,2.95,66.7842407905427,54.8985669569097,80.562981822826
"WestAfrica","A",0,3,67.5357736721871,55.5241655301903,80.8237048519897
"WestAfrica","A",0,3.05,68.2467846849048,56.1868448474298,81.2465518498738
"WestAfrica","A",0,3.1,68.9492312220002,56.5507218778955,81.5895531577465
"WestAfrica","A",0,3.15,69.5390219417377,57.2714554139008,81.8191396601886
"WestAfrica","A",0,3.2,70.0711948887251,57.9111662171604,81.9883634196536
"WestAfrica","A",0,3.25,70.3755666688424,58.6341739780694,82.2261165642667
"WestAfrica","A",0,3.3,70.6632384835,59.4206547833967,82.3423366503537
"WestAfrica","A",0,3.35,70.9349902902107,60.082160347883,82.3423366503537
"WestAfrica","A",0,3.4,71.4195201916581,60.6640348812357,82.3423366503537
"WestAfrica","A",0,3.45,72.0096850714415,61.0022508010452,82.3423366503537
"WestAfrica","A",0,3.5,72.6856930088035,61.3563298888552,82.3423366503537
"WestAfrica","A",5,0,1.24601091616355,0.740334515723675,1.70547886557421
"WestAfrica","A",5,0.05,1.41081117706374,0.873521776597234,1.86173122428132
"WestAfrica","A",5,0.1,2.34744644519043,1.59953011583801,3.16339577697254
"WestAfrica","A",5,0.15,3.44675268808206,2.3759442605466,4.40634015668205
"WestAfrica","A",5,0.2,4.5323713743305,3.14493893898103,5.86962229846908
"WestAfrica","A",5,0.25,5.57058790867995,3.94035152640612,7.23043505688356
"WestAfrica","A",5,0.3,6.65479138290321,4.63848031000996,8.61711852192257
"WestAfrica","A",5,0.35,7.65206065410914,5.34407907433362,9.97852637647798
"WestAfrica","A",5,0.4,8.6889927314395,6.11718804852404,11.2164063752279
"WestAfrica","A",5,0.45,9.59877599371503,6.89527508920167,12.5154011527648
"WestAfrica","A",5,0.5,10.5170871949879,7.64390257719686,13.7515538085278
"WestAfrica","A",5,0.55,11.5519772123179,8.42297198190513,14.9756531686989
"WestAfrica","A",5,0.6,12.5340773389771,9.14092843050423,16.1862066135813
"WestAfrica","A",5,0.65,13.3764210981661,9.83739704834744,17.3768542991021
"WestAfrica","A",5,0.7,14.259231938514,10.534512032764,18.5621592694989
"WestAfrica","A",5,0.75,15.1738919664175,11.2010437755926,19.7296905792779
"WestAfrica","A",5,0.8,16.0481949216531,11.9154592455953,20.7831218819983
"WestAfrica","A",5,0.85,16.8416923944072,12.5835554402086,21.8752225219904
"WestAfrica","A",5,0.9,17.7313538774109,13.2518223482109,23.0295884565643
"WestAfrica","A",5,0.95,18.6100790084782,13.9351531760435,24.171359771346
"WestAfrica","A",5,1,19.4074130150368,14.608166447959,25.3323961234154
"WestAfrica","A",5,1.05,20.2562479182295,15.2532895660356,26.2757137231827
"WestAfrica","A",5,1.1,21.086891464683,15.8258721445363,27.1407465290356
"WestAfrica","A",5,1.15,21.8709906046778,16.520068954133,28.1586431730208
"WestAfrica","A",5,1.2,22.6060222785338,17.1273401166183,29.1454002037461
"WestAfrica","A",5,1.25,23.360922614902,17.6899774831653,30.1241885436505
"WestAfrica","A",5,1.3,24.1492403140336,18.230642398027,31.108040736683
"WestAfrica","A",5,1.35,24.7989374634663,18.8559614993143,32.0792234287935
"WestAfrica","A",5,1.4,25.5063722818477,19.4421672531928,33.0285374824585
"WestAfrica","A",5,1.45,26.1550502341076,19.9887835182049,34.0187137062915
"WestAfrica","A",5,1.5,26.7674541483867,20.5108416095033,35.0120556091189
"WestAfrica","A",5,1.55,27.4096159108454,21.1047108753696,35.912068127816
"WestAfrica","A",5,1.6,28.1195799952302,21.679946356988,36.8044117237338
"WestAfrica","A",5,1.65,28.8393076639237,22.2137257633194,37.6809663582243
"WestAfrica","A",5,1.7,29.503448199588,22.7000006026061,38.5032626862235
"WestAfrica","A",5,1.75,30.1762788428772,23.2411521003568,39.2008009735134
"WestAfrica","A",5,1.8,30.8363018215535,23.8535504340862,39.9348883798499
"WestAfrica","A",5,1.85,31.5325079628402,24.4167085944521,40.6340967708394
"WestAfrica","A",5,1.9,32.2252106248099,24.9660937715607,41.4513249341796
"WestAfrica","A",5,1.95,32.8401589156214,25.5623322530903,42.1448963791955
"WestAfrica","A",5,2,33.4053121776312,26.148499905501,42.6942089394214
"WestAfrica","A",5,2.05,34.0539002259897,26.7378458545408,43.4678907749103
"WestAfrica","A",5,2.1,34.605181848959,27.3417245157469,44.1295754659935
"WestAfrica","A",5,2.15,35.2807650074626,27.9584463661841,44.6540221675998
"WestAfrica","A",5,2.2,35.7976785948047,28.4404408251215,45.1188203837837
"WestAfrica","A",5,2.25,36.3290005908463,28.921182526157,45.5274325456383
"WestAfrica","A",5,2.3,36.8161870504197,29.3849405851086,46.1849612818709
"WestAfrica","A",5,2.35,37.3106447415305,29.9655628559532,46.8284945020947
"WestAfrica","A",5,2.4,37.9766466642466,30.5996011318302,47.4305387594175
"WestAfrica","A",5,2.45,38.5661403643321,31.0073940037147,48.0445339558371
"WestAfrica","A",5,2.5,39.1444215885497,31.4549505103403,48.5989036064686
"WestAfrica","A",5,2.55,39.7071773172989,31.9201412156363,48.9543899366329
"WestAfrica","A",5,2.6,40.2049789935545,32.3574464721404,49.4615802400296
"WestAfrica","A",5,2.65,40.7177803975596,32.7867992962494,49.9589505546808
"WestAfrica","A",5,2.7,41.2117434191868,33.2940507441214,50.2274923677324
"WestAfrica","A",5,2.75,41.5680500377806,33.7863468393833,50.599958343192
"WestAfrica","A",5,2.8,41.8990321954503,34.2591977900853,51.0470059795816
"WestAfrica","A",5,2.85,42.3416304884472,34.6910035781171,51.5550986142959
"WestAfrica","A",5,2.9,42.7489147240825,35.1369208550363,51.9868871822158
"WestAfrica","A",5,2.95,43.2354881281588,35.5408148961771,52.1557152247078
"WestAfrica","A",5,3,43.7220234334588,35.9458215170189,52.3245048567933
"WestAfrica","A",5,3.05,44.1823252626846,36.3748338620592,52.5982520184087
"WestAfrica","A",5,3.1,44.6370825311023,36.6104044224875,52.8203078327584
"WestAfrica","A",5,3.15,45.0189074850055,37.0770005216669,52.9689399708679
"WestAfrica","A",5,3.2,45.3634312358072,37.4911432672067,53.078493838019
"WestAfrica","A",5,3.25,45.560478657924,37.959211678157,53.2324129833094
"WestAfrica","A",5,3.3,45.746714679779,38.4683719399079,53.3076527718103
"WestAfrica","A",5,3.35,45.9226442385157,38.896624408477,53.3076527718103
"WestAfrica","A",5,3.4,46.2363243306121,39.273324497915,53.3076527718103
"WestAfrica","A",5,3.45,46.618391512203,39.4922822971291,53.3076527718103
"WestAfrica","A",5,3.5,47.0560326803047,39.7215097618157,53.3076527718103
"WestAfrica","B",0,0,4.38426190034068,3.52434646082552,6.11451461503295
"WestAfrica","B",0,0.05,4.63645023526353,4.45194821313377,6.11451461503295
"WestAfrica","B",0,0.1,8.7902761435838,8.44107639585897,9.00486944973133
"WestAfrica","B",0,0.15,12.8991608550544,12.2416683382281,13.2849096647883
"WestAfrica","B",0,0.2,16.8169835650855,15.9451345510957,17.4382124705338
"WestAfrica","B",0,0.25,20.5471143498738,19.5721806363468,21.5476759357665
"WestAfrica","B",0,0.3,24.2244152946575,22.9834159394498,25.537426539328
"WestAfrica","B",0,0.35,27.649987879677,26.1645417976177,29.4070382389356
"WestAfrica","B",0,0.4,30.9967344415638,29.2474285579049,33.0609275483378
"WestAfrica","B",0,0.45,34.2286516813812,32.3427620480685,36.4966601002743
"WestAfrica","B",0,0.5,37.3729552354922,35.2194005822092,40.0209298550535
"WestAfrica","B",0,0.55,40.4713839488555,38.0161490901615,43.3168441671039
"WestAfrica","B",0,0.6,43.4918159672094,40.6107139175592,46.626993381485
"WestAfrica","B",0,0.65,46.3743522870132,43.1096640911933,49.9979065488986
"WestAfrica","B",0,0.7,49.2502239817767,45.7493447738446,53.2359194472504
"WestAfrica","B",0,0.75,51.9270327013367,48.029028986304,56.2444781758896
"WestAfrica","B",0,0.8,54.3845644126931,50.3542467415911,58.9154047944298
"WestAfrica","B",0,0.85,56.9030065349609,52.6475348889739,61.6350379195142
"WestAfrica","B",0,0.9,59.2952763181895,54.6779582527343,64.1373772805242
"WestAfrica","B",0,0.95,61.6166370421354,56.4326869640747,66.337101343679
"WestAfrica","B",0,1,63.6224768440436,58.4428558564555,68.4605216810174
"WestAfrica","B",0,1.05,65.4808913682797,60.5809889779382,70.7240359299331
"WestAfrica","B",0,1.1,67.452820004987,62.4670648625968,72.8685200589711
"WestAfrica","B",0,1.15,69.4397344897993,64.0312162074197,75.1269264916298
"WestAfrica","B",0,1.2,71.2020808128319,65.7838076817592,76.9847649772492
"WestAfrica","B",0,1.25,72.6563485879584,67.2287546341348,78.8836160272571
"WestAfrica","B",0,1.3,74.0970196496683,69.0457451433928,80.1253227077699
"WestAfrica","B",0,1.35,75.3968016970308,70.1614177274406,81.096686155136
"WestAfrica","B",0,1.4,76.8178101989965,71.054157119796,81.777440394119
"WestAfrica","B",0,1.45,78.0630358180671,72.2153518671145,82.2853120955189
"WestAfrica","B",0,1.5,79.1230068541318,73.6779826924202,82.3423366503537
"WestAfrica","B",0,1.55,80.0909333394493,74.8215633848376,82.3423366503537
"WestAfrica","B",0,1.6,80.9539645260285,75.7398712118402,82.3423366503537
"WestAfrica","B",0,1.65,81.6882388739895,76.6337877347222,82.3423366503537
"WestAfrica","B",0,1.7,82.1521327256279,77.2266545484249,82.3423366503537
"WestAfrica","B",0,1.75,82.3365542883637,78.1344950329756,82.3423366503537
"WestAfrica","B",0,1.8,82.3423366503537,79.0070072691062,82.3423366503537
"WestAfrica","B",0,1.85,82.3423366503537,79.6836981653235,82.3423366503537
"WestAfrica","B",0,1.9,82.3423366503537,80.0294244047523,82.3423366503537
"WestAfrica","B",0,1.95,82.3423366503537,80.5679321794454,82.3423366503537
"WestAfrica","B",0,2,82.3423366503537,81.0493608724656,82.3423366503537
"WestAfrica","B",0,2.05,82.3423366503537,81.4192165604402,82.3423366503537
"WestAfrica","B",0,2.1,82.3423366503537,81.9307773019546,82.3423366503537
"WestAfrica","B",0,2.15,82.3423366503537,82.24504835502,82.3423366503537
"WestAfrica","B",0,2.2,82.3423366503537,82.3423366503537,82.3423366503537
"WestAfrica","B",0,2.25,82.3423366503537,82.3423366503537,82.3423366503537
"WestAfrica","B",0,2.3,82.3423366503537,82.3423366503537,82.3423366503537
"WestAfrica","B",0,2.35,82.3423366503537,82.3423366503537,82.3423366503537
"WestAfrica","B",0,2.4,82.3423366503537,82.3423366503537,82.3423366503537
"WestAfrica","B",0,2.45,82.3423366503537,82.3423366503537,82.3423366503537
"WestAfrica","B",0,2.5,82.3423366503537,82.3423366503537,82.3423366503537
"WestAfrica","B",0,2.55,82.3423366503537,82.3423366503537,82.3423366503537
"WestAfrica","B",0,2.6,82.3423366503537,82.3423366503537,82.3423366503537
"WestAfrica","B",0,2.65,82.3423366503537,82.3423366503537,82.3423366503537
"WestAfrica","B",0,2.7,82.3423366503537,82.3423366503537,82.3423366503537
"WestAfrica","B",0,2.75,82.3423366503537,82.3423366503537,82.3423366503537
"WestAfrica","B",0,2.8,82.3423366503537,82.3423366503537,82.3423366503537
"WestAfrica","B",0,2.85,82.3423366503537,82.3423366503537,82.3423366503537
"WestAfrica","B",0,2.9,82.3423366503537,82.3423366503537,82.3423366503537
"WestAfrica","B",0,2.95,82.3423366503537,82.3423366503537,82.3423366503537
"WestAfrica","B",0,3,82.3423366503537,82.3423366503537,82.3423366503537
"WestAfrica","B",0,3.05,82.3423366503537,82.3423366503537,82.3423366503537
"WestAfrica","B",0,3.1,82.3423366503537,82.3423366503537,82.3423366503537
"WestAfrica","B",0,3.15,82.3423366503537,82.3423366503537,82.3423366503537
"WestAfrica","B",0,3.2,82.3423366503537,82.3423366503537,82.3423366503537
"WestAfrica","B",0,3.25,82.3423366503537,82.3423366503537,82.3423366503537
"WestAfrica","B",0,3.3,82.3423366503537,82.3423366503537,82.3423366503537
"WestAfrica","B",0,3.35,82.3423366503537,82.3423366503537,82.3423366503537
"WestAfrica","B",0,3.4,82.3423366503537,82.3423366503537,82.3423366503537
"WestAfrica","B",0,3.45,82.3423366503537,82.3423366503537,82.3423366503537
"WestAfrica","B",0,3.5,82.3423366503537,82.3423366503537,82.3423366503537
"WestAfrica","B",5,0,2.83832983798419,2.28162868609144,3.95847913996421
"WestAfrica","B",5,0.05,3.00159418944719,2.88214931902588,3.95847913996421
"WestAfrica","B",5,0.1,5.69074193777424,5.46467331187693,5.82966762189518
"WestAfrica","B",5,0.15,8.35079517877651,7.92514071944451,8.60052532298839
"WestAfrica","B",5,0.2,10.8871566805721,10.3227298450238,11.2893344196381
"WestAfrica","B",5,0.25,13.3020081987319,12.6708453001502,13.949762340372
"WestAfrica","B",5,0.3,15.6826581763293,14.8792468886662,16.5326892826069
"WestAfrica","B",5,0.35,17.9003415860467,16.9386777910307,19.037839430584
"WestAfrica","B",5,0.4,20.0669937712267,18.9345096272104,21.4033329360613
"WestAfrica","B",5,0.45,22.1593065354245,20.9383993590169,23.6275938126156
"WestAfrica","B",5,0.5,24.1948990251477,22.8007080372262,25.9091728399355
"WestAfrica","B",5,0.55,26.200792575285,24.6112966653466,28.042916705603
"WestAfrica","B",5,0.6,28.1561918000965,26.2909934840095,30.1858761128929
"WestAfrica","B",5,0.65,30.0223186491646,27.9087902768768,32.3681735307502
"WestAfrica","B",5,0.7,31.8841308827876,29.6176946750693,34.4644325668392
"WestAfrica","B",5,0.75,33.6170716221885,31.0935407509851,36.4121451357806
"WestAfrica","B",5,0.8,35.2080544928954,32.5988648134297,38.1412778584128
"WestAfrica","B",5,0.85,36.8384701896204,34.0835179486145,39.9019427143826
"WestAfrica","B",5,0.9,38.3872031030712,35.3979949000607,41.5219336352181
"WestAfrica","B",5,0.95,39.8900301597733,36.5339897316144,42.9460142640006
"WestAfrica","B",5,1,41.1885919449463,37.835354129163,44.3206965797586
"WestAfrica","B",5,1.05,42.391711994657,39.2195613627261,45.7860743736583
"WestAfrica","B",5,1.1,43.6683200110501,40.4405891164998,47.1743931896622
"WestAfrica","B",5,1.15,44.9546297242832,41.4532059569284,48.6364642314521
"WestAfrica","B",5,1.2,46.0955561258597,42.5878171613885,49.8392113591908
"WestAfrica","B",5,1.25,47.0370353787848,43.5232622015019,51.0685096346214
"WestAfrica","B",5,1.3,47.9697122475763,44.6995647342864,51.8723788380214
"WestAfrica","B",5,1.35,48.8111788961856,45.4218406513519,52.5012303799359
"WestAfrica","B",5,1.4,49.7311264090942,45.9997917209879,52.941944258979
"WestAfrica","B",5,1.45,50.5372737401548,46.7515382575642,53.2707356123968
"WestAfrica","B",5,1.5,51.2234889999749,47.6984316703638,53.3076527718103
"WestAfrica","B",5,1.55,51.8501154850483,48.438775033788,53.3076527718103
"WestAfrica","B",5,1.6,52.4088337422282,49.0332788670634,53.3076527718103
"WestAfrica","B",5,1.65,52.8841960354622,49.6119919999093,53.3076527718103
"WestAfrica","B",5,1.7,53.1845165433817,49.9958083880571,53.3076527718103
"WestAfrica","B",5,1.75,53.3039093251496,50.5835357624711,53.3076527718103
"WestAfrica","B",5,1.8,53.3076527718103,51.1483919617833,53.3076527718103
"WestAfrica","B",5,1.85,53.3076527718103,51.5864752710118,53.3076527718103
"WestAfrica","B",5,1.9,53.3076527718103,51.8102951803718,53.3076527718103
"WestAfrica","B",5,1.95,53.3076527718103,52.1589200389322,53.3076527718103
"WestAfrica","B",5,2,53.3076527718103,52.4705924379179,53.3076527718103
"WestAfrica","B",5,2.05,53.3076527718103,52.710033524876,53.3076527718103
"WestAfrica","B",5,2.1,53.3076527718103,53.0412131280993,53.3076527718103
"WestAfrica","B",5,2.15,53.3076527718103,53.2446692462342,53.3076527718103
"WestAfrica","B",5,2.2,53.3076527718103,53.3076527718103,53.3076527718103
"WestAfrica","B",5,2.25,53.3076527718103,53.3076527718103,53.3076527718103
"WestAfrica","B",5,2.3,53.3076527718103,53.3076527718103,53.3076527718103
"WestAfrica","B",5,2.35,53.3076527718103,53.3076527718103,53.3076527718103
"WestAfrica","B",5,2.4,53.3076527718103,53.3076527718103,53.3076527718103
"WestAfrica","B",5,2.45,53.3076527718103,53.3076527718103,53.3076527718103
"WestAfrica","B",5,2.5,53.3076527718103,53.3076527718103,53.3076527718103
"WestAfrica","B",5,2.55,53.3076527718103,53.3076527718103,53.3076527718103
"WestAfrica","B",5,2.6,53.3076527718103,53.3076527718103,53.3076527718103
"WestAfrica","B",5,2.65,53.3076527718103,53.3076527718103,53.3076527718103
"WestAfrica","B",5,2.7,53.3076527718103,53.3076527718103,53.3076527718103
"WestAfrica","B",5,2.75,53.3076527718103,53.3076527718103,53.3076527718103
"WestAfrica","B",5,2.8,53.3076527718103,53.3076527718103,53.3076527718103
"WestAfrica","B",5,2.85,53.3076527718103,53.3076527718103,53.3076527718103
"WestAfrica","B",5,2.9,53.3076527718103,53.3076527718103,53.3076527718103
"WestAfrica","B",5,2.95,53.3076527718103,53.3076527718103,53.3076527718103
"WestAfrica","B",5,3,53.3076527718103,53.3076527718103,53.3076527718103
"WestAfrica","B",5,3.05,53.3076527718103,53.3076527718103,53.3076527718103
"WestAfrica","B",5,3.1,53.3076527718103,53.3076527718103,53.3076527718103
"WestAfrica","B",5,3.15,53.3076527718103,53.3076527718103,53.3076527718103
"WestAfrica","B",5,3.2,53.3076527718103,53.3076527718103,53.3076527718103
"WestAfrica","B",5,3.25,53.3076527718103,53.3076527718103,53.3076527718103
"WestAfrica","B",5,3.3,53.3076527718103,53.3076527718103,53.3076527718103
"WestAfrica","B",5,3.35,53.3076527718103,53.3076527718103,53.3076527718103
"WestAfrica","B",5,3.4,53.3076527718103,53.3076527718103,53.3076527718103
"WestAfrica","B",5,3.45,53.3076527718103,53.3076527718103,53.3076527718103
"WestAfrica","B",5,3.5,53.3076527718103,53.3076527718103,53.3076527718103
