parameter,param_id,grid_id,tau,relative_day,mean,median,sd,q5,q95
delay_hosp,1,1,0,0,5.3,5.3,0,5.3,5.3
delay_hosp,1,2,0.010101010101010102,3.6060606060606064,5.287469985766666,5.28806785,0.005647332350630741,5.277018435,5.295854705
delay_hosp,1,3,0.020202020202020204,7.212121212121213,5.27464446945,5.2757967,0.011293793863739994,5.25378026,5.291497135
delay_hosp,1,4,0.030303030303030304,10.818181818181818,5.2615167988166665,5.2631765,0.0169364882467153,5.230361415,5.286918855
delay_hosp,1,5,0.04040404040404041,14.424242424242426,5.248080222783333,5.250219700000001,0.02257238785470521,5.206619955,5.282076385
delay_hosp,1,6,0.05050505050505051,18.03030303030303,5.2343279056,5.236921949999999,0.028198316230911166,5.1825882750000005,5.27701733
delay_hosp,1,7,0.06060606060606061,21.636363636363637,5.22025292525,5.2231733,0.033810956523455615,5.158411925,5.271710479999999
delay_hosp,1,8,0.07070707070707072,25.242424242424246,5.205848280666666,5.20906005,0.03940684589353804,5.13399785,5.26610371
delay_hosp,1,9,0.08080808080808081,28.84848484848485,5.19110689735,5.19448115,0.0449823681377927,5.1092763,5.26020191
delay_hosp,1,10,0.09090909090909091,32.45454545454545,5.176021631683334,5.1796070499999995,0.050533756218496526,5.084497595,5.25398981
delay_hosp,1,11,0.10101010101010102,36.06060606060606,5.160585280733334,5.16437825,0.05605708891282795,5.059435519999999,5.247365145
delay_hosp,1,12,0.11111111111111112,39.66666666666667,5.144790587,5.14879075,0.06154829172720353,5.034163469999999,5.2403687350000006
delay_hosp,1,13,0.12121212121212122,43.27272727272727,5.128630248933334,5.1327152,0.06700313064427844,5.00883948,5.23299628
delay_hosp,1,14,0.13131313131313133,46.87878787878788,5.112096929383333,5.11620395,0.07241721297693568,4.98302243,5.22569173
delay_hosp,1,15,0.14141414141414144,50.48484848484849,5.095183264916667,5.09928615,0.07778599420245964,4.957186815,5.217845035000001
delay_hosp,1,16,0.15151515151515152,54.09090909090909,5.077881878916667,5.08171855,0.08310476767888399,4.9309728,5.209422614999999
delay_hosp,1,17,0.16161616161616163,57.6969696969697,5.060185391033333,5.0639994999999995,0.08836867355743408,4.90465752,5.200256309999999
delay_hosp,1,18,0.17171717171717174,61.30303030303031,5.04208643345,5.045636099999999,0.09357269668855268,4.878132605,5.1910398099999995
delay_hosp,1,19,0.18181818181818182,64.9090909090909,5.023577661,5.02694785,0.09871167483042764,4.85082647,5.18139412
delay_hosp,1,20,0.19191919191919193,68.51515151515152,5.00465177165,5.007661799999999,0.10378029693159446,4.823889009999999,5.17112283
delay_hosp,1,21,0.20202020202020204,72.12121212121212,4.9853015141,4.98799885,0.10877311127263112,4.796411589999999,5.16027254
delay_hosp,1,22,0.21212121212121213,75.72727272727273,4.96551971855,4.9679088,0.11368452812458528,4.76893301,5.1493003999999996
delay_hosp,1,23,0.22222222222222224,79.33333333333334,4.945299303616666,4.94737705,0.11850883212524395,4.741227735,5.137616960000001
delay_hosp,1,24,0.23232323232323235,82.93939393939395,4.924633302933334,4.92640755,0.12324018850521684,4.71334467,5.125322135
delay_hosp,1,25,0.24242424242424243,86.54545454545455,4.90351488485,4.90510375,0.1278726521410391,4.68545025,5.112823225
delay_hosp,1,26,0.25252525252525254,90.15151515151516,4.8819373753,4.8832244,0.13240018005416979,4.65759923,5.099634215
delay_hosp,1,27,0.26262626262626265,93.75757575757576,4.859894283266667,4.86092305,0.1368166434911178,4.62847826,5.085667855
delay_hosp,1,28,0.27272727272727276,97.36363636363637,4.837379327783333,4.837877,0.14111584555439213,4.59936887,5.0710018550000004
delay_hosp,1,29,0.2828282828282829,100.96969696969698,4.814386461183333,4.8144191,0.14529153531852151,4.57022894,5.055801055
delay_hosp,1,30,0.29292929292929293,104.57575757575758,4.790909901883333,4.790437799999999,0.14933742984831738,4.54112751,5.03963316
delay_hosp,1,31,0.30303030303030304,108.18181818181819,4.766944162883333,4.76573985,0.15324722613134786,4.511850265,5.022134885000001
delay_hosp,1,32,0.31313131313131315,111.7878787878788,4.742484083433333,4.74082165,0.1570146335493514,4.48241301,5.0046663449999995
delay_hosp,1,33,0.32323232323232326,115.3939393939394,4.717524864783333,4.7151206000000006,0.16063339286399508,4.45273518,4.9876764399999995
delay_hosp,1,34,0.33333333333333337,119.00000000000001,4.692062097883333,4.68919265,0.164097302203784,4.422777709999999,4.96831267
delay_hosp,1,35,0.3434343434343435,122.60606060606062,4.666091808066667,4.66250265,0.16740024665137132,4.392504444999999,4.94901846
delay_hosp,1,36,0.3535353535353536,126.21212121212123,4.63961048725,4.63489115,0.170536229912702,4.362592275,4.92826557
delay_hosp,1,37,0.36363636363636365,129.8181818181818,4.612615129616667,4.60687275,0.1734994019062998,4.33205112,4.907792215
delay_hosp,1,38,0.37373737373737376,133.42424242424244,4.585103276333333,4.5785166,0.17628409555057173,4.30162949,4.885494695
delay_hosp,1,39,0.38383838383838387,137.03030303030303,4.557073049933333,4.5498036,0.17888485886295594,4.271348515000001,4.86366606
delay_hosp,1,40,0.393939393939394,140.63636363636365,4.528523197716667,4.5206423000000004,0.18129649459772865,4.24054414,4.8376409449999995
delay_hosp,1,41,0.4040404040404041,144.24242424242425,4.49945313115,4.49060125,0.1835140946530138,4.209176964999999,4.8138415100000005
delay_hosp,1,42,0.4141414141414142,147.84848484848487,4.469862969916667,4.4601650500000005,0.185533077715042,4.177921609999999,4.788936575
delay_hosp,1,43,0.42424242424242425,151.45454545454547,4.43975357395,4.4288031,0.18734922675881419,4.146338585,4.76147161
delay_hosp,1,44,0.43434343434343436,155.06060606060606,4.4091265931,4.3976941499999995,0.18895872850977755,4.11458951,4.7343225349999996
delay_hosp,1,45,0.4444444444444445,158.66666666666669,4.377984500816667,4.3658158,0.19035820316377133,4.082518215,4.706105239999999
delay_hosp,1,46,0.4545454545454546,162.27272727272728,4.34633063175,4.33347985,0.1915447482280779,4.0505370450000004,4.67889342
delay_hosp,1,47,0.4646464646464647,165.8787878787879,4.314169222716667,4.30052085,0.19251596292097561,4.01856559,4.650471225
delay_hosp,1,48,0.4747474747474748,169.4848484848485,4.281505439583333,4.26711875,0.19326997715095773,3.98549083,4.618497085
delay_hosp,1,49,0.48484848484848486,173.0909090909091,4.248345413816667,4.23342555,0.19380548380256712,3.9529696499999996,4.58713071
delay_hosp,1,50,0.494949494949495,176.69696969696972,4.214696269866667,4.19931535,0.19412174762318724,3.919838645,4.554573035000001
delay_hosp,1,51,0.5050505050505051,180.3030303030303,4.180566148033333,4.1649446,0.19421862909629078,3.887403115,4.520746965000001
delay_hosp,1,52,0.5151515151515152,183.90909090909093,4.145964227283334,4.12997985,0.19409658514595843,3.85459476,4.48661541
delay_hosp,1,53,0.5252525252525253,187.51515151515153,4.110900739416667,4.09448655,0.19375667521000872,3.821798855,4.451635850000001
delay_hosp,1,54,0.5353535353535354,191.12121212121212,4.075386981683334,4.0577172,0.1932005517557258,3.7884606450000002,4.413905789999999
delay_hosp,1,55,0.5454545454545455,194.72727272727275,4.0394353225,4.0211588,0.19243044452443642,3.754977035,4.37800247
delay_hosp,1,56,0.5555555555555556,198.33333333333334,4.003059198766667,3.9843632500000004,0.19144913806303643,3.72112535,4.341031054999999
delay_hosp,1,57,0.5656565656565657,201.93939393939397,3.96627311245,3.9466425999999997,0.1902599409241757,3.68789614,4.302137300000001
delay_hosp,1,58,0.5757575757575758,205.54545454545456,3.9290926137333333,3.9090796,0.18886664485138688,3.65366757,4.262830405000001
delay_hosp,1,59,0.5858585858585859,209.15151515151516,3.8915342862833335,3.8710448499999996,0.18727347822046253,3.619396445,4.223310874999999
delay_hosp,1,60,0.595959595959596,212.75757575757578,3.8536157151833335,3.83281665,0.18548505226161557,3.58495156,4.182200875
delay_hosp,1,61,0.6060606060606061,216.36363636363637,3.8153554555,3.7934607,0.1835063013842232,3.550739885,4.14178531
delay_hosp,1,62,0.6161616161616162,219.969696969697,3.7767729967833334,3.7539591000000003,0.18134241613767552,3.51625706,4.098875325000001
delay_hosp,1,63,0.6262626262626263,223.5757575757576,3.7378887012,3.71492495,0.17899878048316797,3.4828942200000004,4.057847655000001
delay_hosp,1,64,0.6363636363636365,227.18181818181822,3.698723768,3.6762424,0.17648090006216088,3.4491021550000003,4.01411516
delay_hosp,1,65,0.6464646464646465,230.7878787878788,3.6593001613166667,3.63650175,0.17379433392086102,3.414743085,3.969864415
delay_hosp,1,66,0.6565656565656566,234.3939393939394,3.6196405492833335,3.5972114,0.17094462437441735,3.380565695,3.9266763750000004
delay_hosp,1,67,0.6666666666666667,238.00000000000003,3.579768231616667,3.5569973,0.16793723590576218,3.3462528949999997,3.8825383149999997
delay_hosp,1,68,0.6767676767676768,241.60606060606062,3.53970706545,3.5174719000000003,0.16477749054556415,3.311843105,3.83726501
delay_hosp,1,69,0.686868686868687,245.21212121212125,3.499481385566667,3.4768594,0.16147051247926603,3.27824662,3.789799645
delay_hosp,1,70,0.696969696969697,248.81818181818184,3.459115923716667,3.4371902,0.15802118010224156,3.24362976,3.742874985
delay_hosp,1,71,0.7070707070707072,252.42424242424246,3.4186357214166665,3.39739495,0.15443407586672458,3.2091125149999997,3.696166345
delay_hosp,1,72,0.7171717171717172,256.03030303030306,3.378066045583333,3.3575171,0.15071345720894122,3.1740350400000006,3.64885819
delay_hosp,1,73,0.7272727272727273,259.6363636363636,3.3374323003,3.31688915,0.14686322136206376,3.1397819100000004,3.6018807250000004
delay_hosp,1,74,0.7373737373737375,263.24242424242425,3.2967599405666665,3.2766620499999997,0.1428868818721735,3.10598202,3.5518580300000004
delay_hosp,1,75,0.7474747474747475,266.8484848484849,3.2560743859,3.2367762,0.1387875621689448,3.07136771,3.50574478
delay_hosp,1,76,0.7575757575757577,270.4545454545455,3.2154009334333336,3.1967867,0.13456798241652532,3.03592401,3.4578724149999998
delay_hosp,1,77,0.7676767676767677,274.06060606060606,3.1747646790166666,3.15708015,0.13023046196627328,3.001713835,3.408168995
delay_hosp,1,78,0.7777777777777778,277.6666666666667,3.1341904351166665,3.11720185,0.1257769396900076,2.9684949,3.3598653700000005
delay_hosp,1,79,0.787878787878788,281.2727272727273,3.0937026518333335,3.07723045,0.12120898007411889,2.9345453399999997,3.3113263500000003
delay_hosp,1,80,0.797979797979798,284.8787878787879,3.053325350466667,3.0374267,0.11652781545478073,2.8993021999999997,3.2625855749999997
delay_hosp,1,81,0.8080808080808082,288.4848484848485,3.01308205395,2.99802895,0.11173437324825161,2.8634745550000003,3.2142841950000003
delay_hosp,1,82,0.8181818181818182,292.0909090909091,2.972995720466667,2.9592644999999997,0.10682932188313095,2.828526345,3.163956515
delay_hosp,1,83,0.8282828282828284,295.69696969696975,2.93308869255,2.9206198,0.10181312562555238,2.7934630950000003,3.115073845
delay_hosp,1,84,0.8383838383838385,299.3030303030303,2.8933826396833333,2.8817060999999997,0.0966860856088587,2.75863673,3.06579159
delay_hosp,1,85,0.8484848484848485,302.90909090909093,2.85389851755,2.84391325,0.09144841238855698,2.725071755,3.0163309849999997
delay_hosp,1,86,0.8585858585858587,306.51515151515156,2.8146565221333333,2.80548075,0.08610026234319046,2.692245965,2.9673974850000002
delay_hosp,1,87,0.8686868686868687,310.1212121212121,2.775676059583333,2.76687025,0.08064181197151096,2.66038472,2.9192593600000003
delay_hosp,1,88,0.8787878787878789,313.72727272727275,2.736975714783333,2.7290655,0.07507329943734939,2.6287133149999997,2.870306415
delay_hosp,1,89,0.888888888888889,317.33333333333337,2.6985732287666666,2.6913711,0.06939507710877915,2.597813675,2.82088984
delay_hosp,1,90,0.8989898989898991,320.939393939394,2.6604854786333334,2.65400925,0.06360764465690058,2.56643772,2.7718944899999998
delay_hosp,1,91,0.9090909090909092,324.54545454545456,2.6227284641833335,2.6171546,0.05771169850897428,2.5365029,2.723757865
delay_hosp,1,92,0.9191919191919192,328.1515151515152,2.5853173033166668,2.5804176500000002,0.05170815299457233,2.507197345,2.6756331350000004
delay_hosp,1,93,0.9292929292929294,331.7575757575758,2.548266218683333,2.5441492,0.04559816342037844,2.478553925,2.627824925
delay_hosp,1,94,0.9393939393939394,335.3636363636364,2.5115885443333332,2.50825455,0.03938314262769174,2.45073661,2.579818615
delay_hosp,1,95,0.9494949494949496,338.969696969697,2.4752967267166666,2.4726993,0.03306476748242514,2.4235293,2.53226082
delay_hosp,1,96,0.9595959595959597,342.5757575757576,2.4394023302833334,2.4374135499999996,0.02664498887832042,2.39742688,2.485134015
delay_hosp,1,97,0.9696969696969697,346.1818181818182,2.4039160472666667,2.4024612000000003,0.020126021291627688,2.3720804899999997,2.43841516
delay_hosp,1,98,0.9797979797979799,349.7878787878788,2.3688477112,2.3679802,0.013510342912588508,2.34737971,2.3918654349999997
delay_hosp,1,99,0.98989898989899,353.39393939393943,2.3342063085,2.33378275,0.006800680614505762,2.32334048,2.345725475
delay_hosp,1,100,1,357,2.3,2.3,0,2.3,2.3
latent_IPC,4,1,0,0,0.05,0.05,0,0.05,0.05
latent_IPC,4,2,0.010101010101010102,3.6060606060606064,0.0505312512155,0.0502507185,7.194471990021398e-4,0.05000134999999999,0.051996289450000004
latent_IPC,4,3,0.020202020202020204,7.212121212121213,0.051088721914333335,0.050521183,0.0014600028734039045,0.0500029499,0.0540632014
latent_IPC,4,4,0.030303030303030304,10.818181818181818,0.05167386227233333,0.050812643000000005,0.0022222903960703614,0.05000482715,0.0562046932
latent_IPC,4,5,0.04040404040404041,14.424242424242426,0.05228821181066667,0.0511275955,0.003006942970477417,0.05000707765000001,0.0584119388
latent_IPC,4,6,0.05050505050505051,18.03030303030303,0.052933405497,0.051468823,0.003814602676773529,0.05000982695,0.06070811475
latent_IPC,4,7,0.06060606060606061,21.636363636363637,0.05361118030083333,0.051830535999999996,0.004645919264407054,0.0500130411,0.06310106115
latent_IPC,4,8,0.07070707070707072,25.242424242424246,0.054323382227166664,0.052220528,0.005501548693896413,0.050017057399999995,0.0655848858
latent_IPC,4,9,0.08080808080808081,28.84848484848485,0.0550719738705,0.0526451655,0.0063821515197902065,0.0500216101,0.0681642213
latent_IPC,4,10,0.09090909090909091,32.45454545454545,0.05585904258233333,0.053103801000000006,0.007288390925550039,0.05002685195,0.07083638865000001
latent_IPC,4,11,0.10101010101010102,36.06060606060606,0.056686809224,0.053601326000000005,0.008220930539859696,0.0500330001,0.07361273370000002
latent_IPC,4,12,0.11111111111111112,39.66666666666667,0.05755763757216667,0.054141458,0.00918043170572585,0.0500402728,0.0764871446
latent_IPC,4,13,0.12121212121212122,43.27272727272727,0.0584740444785,0.0547157235,0.010167550759458315,0.0500488283,0.0794584754
latent_IPC,4,14,0.13131313131313133,46.87878787878788,0.059438710824,0.0553407775,0.011182935422786285,0.05005887825,0.08247403055000001
latent_IPC,4,15,0.14141414141414144,50.48484848484849,0.06045449318833333,0.056007931,0.01222722091481852,0.0500721775,0.08559198609999999
latent_IPC,4,16,0.15151515151515152,54.09090909090909,0.0615244366505,0.05672927949999999,0.01330102578449963,0.0500863879,0.08884118505000001
latent_IPC,4,17,0.16161616161616163,57.6969696969697,0.06265178831316667,0.057515566000000004,0.014404946281619703,0.0501026937,0.09219666900000001
latent_IPC,4,18,0.17171717171717174,61.30303030303031,0.063840012104,0.058366121,0.015539551339941225,0.0501229585,0.09566536745
latent_IPC,4,19,0.18181818181818182,64.9090909090909,0.065092804495,0.059270927,0.016705375311359696,0.050147557450000005,0.09930317660000001
latent_IPC,4,20,0.19191919191919193,68.51515151515152,0.06641411172883334,0.060273483,0.017902911241910097,0.0501752599,0.10301779400000002
latent_IPC,4,21,0.20202020202020204,72.12121212121212,0.06780814810116667,0.061336953,0.01913260210393146,0.05020991005,0.10688941200000002
latent_IPC,4,22,0.21212121212121213,75.72727272727273,0.0692794156435,0.062466196,0.020394831173621845,0.05025460505,0.11078650900000003
latent_IPC,4,23,0.22222222222222224,79.33333333333334,0.07083272574566667,0.06368278299999999,0.021689911944186888,0.05030213905000001,0.1148680495
latent_IPC,4,24,0.23232323232323235,82.93939393939395,0.07247322188366667,0.06501587549999999,0.023018075649638276,0.0503576773,0.11916411700000001
latent_IPC,4,25,0.24242424242424243,86.54545454545455,0.07420640434933333,0.066492675,0.02437945767730081,0.0504262394,0.1235446495
latent_IPC,4,26,0.25252525252525254,90.15151515151516,0.07603815696216666,0.0680945515,0.025774082469619725,0.050503298099999996,0.127992977
latent_IPC,4,27,0.26262626262626265,93.75757575757576,0.07797477547866667,0.069772116,0.02720184628468215,0.05059181174999999,0.132659506
latent_IPC,4,28,0.27272727272727276,97.36363636363637,0.08002299842383333,0.071546287,0.028662497885076504,0.0507048407,0.13747757700000002
latent_IPC,4,29,0.2828282828282829,100.96969696969698,0.082190040086,0.07342305199999999,0.03015561711308872,0.05084375545,0.142352154
latent_IPC,4,30,0.29292929292929293,104.57575757575758,0.084483625686,0.0755108605,0.031680590274948066,0.0510027398,0.14742639000000002
latent_IPC,4,31,0.30303030303030304,108.18181818181819,0.08691202946966667,0.077772908,0.03323658333264854,0.0511971175,0.15261638750000003
latent_IPC,4,32,0.31313131313131315,111.7878787878788,0.08948411490783334,0.08015857100000001,0.0348225114580515,0.051413127,0.15811829200000002
latent_IPC,4,33,0.32323232323232326,115.3939393939394,0.09220937827733333,0.082682745,0.03643700557923229,0.05167408445,0.16398593050000002
latent_IPC,4,34,0.33333333333333337,119.00000000000001,0.09509799413416667,0.08547018749999999,0.03807837395962161,0.051978486500000004,0.17008873100000002
latent_IPC,4,35,0.3434343434343435,122.60606060606062,0.09816086489183333,0.088353196,0.039744561442785174,0.052358293550000004,0.1760497490000001
latent_IPC,4,36,0.3535353535353536,126.21212121212123,0.10140967193666667,0.0914168615,0.04143310243171827,0.0528048714,0.1823881775
latent_IPC,4,37,0.36363636363636365,129.8181818181818,0.1048569309585,0.0948591765,0.043141070239834385,0.0533315186,0.188634471
latent_IPC,4,38,0.37373737373737376,133.42424242424244,0.10851604857216667,0.0984365025,0.044865020643828656,0.05394050125,0.1950184715
latent_IPC,4,39,0.38383838383838387,137.03030303030303,0.11240138309166667,0.102432425,0.04660093090993275,0.0546656697,0.20209279650000003
latent_IPC,4,40,0.393939393939394,140.63636363636365,0.11652830655783333,0.10660692,0.0483441328124413,0.0555577884,0.20892384600000005
latent_IPC,4,41,0.4040404040404041,144.24242424242425,0.12091326909633333,0.111169075,0.05008924132934414,0.056504691,0.21611340300000004
latent_IPC,4,42,0.4141414141414142,147.84848484848487,0.12557386438166668,0.11595393500000001,0.05183007809955939,0.05764009605,0.22321583700000003
latent_IPC,4,43,0.42424242424242425,151.45454545454547,0.13052889580033333,0.12105437,0.053559591993170445,0.05896448535,0.23091327650000001
latent_IPC,4,44,0.43434343434343436,155.06060606060606,0.13579844254966666,0.12660679,0.0552697778932075,0.0604431265,0.23869608350000002
latent_IPC,4,45,0.4444444444444445,158.66666666666669,0.14140392220983333,0.132393205,0.05695159723689914,0.06228791305,0.24725824450000003
latent_IPC,4,46,0.4545454545454546,162.27272727272728,0.14736815197966666,0.13891644,0.05859490687824045,0.06447231825000001,0.2555565225
latent_IPC,4,47,0.4646464646464647,165.8787878787879,0.15371540111066667,0.14558914,0.06018840215691044,0.0671500473,0.263769025
latent_IPC,4,48,0.4747474747474748,169.4848484848485,0.16047143654116666,0.15281054,0.061719593832026,0.07026788165,0.272980277
latent_IPC,4,49,0.48484848484848486,173.0909090909091,0.16766355270783334,0.16037705,0.06317483689969193,0.0738759084,0.2813673475
latent_IPC,4,50,0.494949494949495,176.69696969696972,0.17532058406516668,0.168583015,0.06453945552833211,0.07813513670000001,0.2903266285
latent_IPC,4,51,0.5050505050505051,180.3030303030303,0.18347288903383333,0.17709806,0.06579802210347184,0.0829257715,0.2997139205
latent_IPC,4,52,0.5151515151515152,183.90909090909093,0.19215229572416667,0.18635294000000002,0.06693489693073988,0.0882018493,0.3089996820000001
latent_IPC,4,53,0.5252525252525253,187.51515151515153,0.20139198802216668,0.19618384,0.06793519787363865,0.0952844336,0.31909642750000006
latent_IPC,4,54,0.5353535353535354,191.12121212121212,0.2112262982295,0.2065783,0.06878650563755558,0.101995733,0.3291546695
latent_IPC,4,55,0.5454545454545455,194.72727272727275,0.22169032760716667,0.21796719,0.0694818827677204,0.11062448350000001,0.33917825549999997
latent_IPC,4,56,0.5555555555555556,198.33333333333334,0.23281922412633332,0.230277995,0.07002533554962136,0.119330344,0.350501936
latent_IPC,4,57,0.5656565656565657,201.93939393939397,0.24464672879366667,0.24302259999999998,0.07044159869829306,0.129800352,0.36192415800000016
latent_IPC,4,58,0.5757575757575758,205.54545454545456,0.257202252406,0.25626175500000004,0.07079159915644818,0.14098239699999998,0.37351360200000006
latent_IPC,4,59,0.5858585858585859,209.15151515151516,0.2705055742961667,0.27090512,0.07118817835646002,0.1525796355,0.385588114
latent_IPC,4,60,0.595959595959596,212.75757575757578,0.2845593239755,0.28569458999999997,0.07178972361794743,0.1648190085,0.399315947
latent_IPC,4,61,0.6060606060606061,216.36363636363637,0.29934267532366665,0.30078202,0.07274207699616098,0.17739011699999999,0.413128288
latent_IPC,4,62,0.6161616161616162,219.969696969697,0.3148124601628333,0.316835645,0.0740890375837062,0.1912031925,0.429364702
latent_IPC,4,63,0.6262626262626263,223.5757575757576,0.33091259536533335,0.33287022,0.0757553088818045,0.2068839205,0.4460254575
latent_IPC,4,64,0.6363636363636365,227.18181818181822,0.347581019098,0.34981614,0.07763726200462306,0.2225127595,0.46474368850000003
latent_IPC,4,65,0.6464646464646465,230.7878787878788,0.364749172942,0.36638272,0.07964140986845693,0.23799939599999997,0.48400138
latent_IPC,4,66,0.6565656565656566,234.3939393939394,0.3823459293418333,0.38357589999999997,0.0816524955477691,0.2560335955,0.5040159755
latent_IPC,4,67,0.6666666666666667,238.00000000000003,0.40030326506683334,0.40110317500000003,0.08356488411695324,0.272344691,0.5253056405
latent_IPC,4,68,0.6767676767676768,241.60606060606062,0.41855539299533334,0.41850503,0.08529929562407038,0.28981979850000006,0.5466720880000001
latent_IPC,4,69,0.686868686868687,245.21212121212125,0.43703717143666665,0.43558996,0.08679160765647931,0.308435646,0.5693660025
latent_IPC,4,70,0.696969696969697,248.81818181818184,0.455684046527,0.45369634,0.08799073428601177,0.326649439,0.592974907
latent_IPC,4,71,0.7070707070707072,252.42424242424246,0.4744323805228333,0.47147225,0.08885791801786136,0.34612116049999997,0.6176520744999999
latent_IPC,4,72,0.7171717171717172,256.03030303030306,0.493219875791,0.489241885,0.0893654354413248,0.36545086,0.6432531310000001
latent_IPC,4,73,0.7272727272727273,259.6363636363636,0.5119859156536667,0.5071654800000001,0.08949709879690124,0.3847305195,0.6652891205000001
latent_IPC,4,74,0.7373737373737375,263.24242424242425,0.5306715972595,0.5248191799999999,0.08925027783871992,0.404469667,0.687944725
latent_IPC,4,75,0.7474747474747475,266.8484848484849,0.5492195290358334,0.542392245,0.08863607384465748,0.424450286,0.7077577960000001
latent_IPC,4,76,0.7575757575757577,270.4545454545455,0.5675739956255,0.560062445,0.08767310210394158,0.445054463,0.726903545
latent_IPC,4,77,0.7676767676767677,274.06060606060606,0.5856821390038334,0.57735698,0.08637749489959627,0.463370689,0.7452094555
latent_IPC,4,78,0.7777777777777778,277.6666666666667,0.6034957290511667,0.5943150100000001,0.08475984833923252,0.483937681,0.7629907834999999
latent_IPC,4,79,0.787878787878788,281.2727272727273,0.6209722477903333,0.611290375,0.08283164109768822,0.5032778585,0.779194542
latent_IPC,4,80,0.797979797979798,284.8787878787879,0.6380748662388334,0.628190445,0.08061120261349253,0.5238820780000001,0.79328207
latent_IPC,4,81,0.8080808080808082,288.4848484848485,0.6547721827043333,0.6454487449999999,0.07812053195825201,0.5450000675,0.8055696015
latent_IPC,4,82,0.8181818181818182,292.0909090909091,0.6710388493916667,0.66136068,0.07537149332119317,0.5650109914999999,0.816870697
latent_IPC,4,83,0.8282828282828284,295.69696969696975,0.68685705372,0.677329785,0.07235415090516152,0.5843715515000001,0.826738729
latent_IPC,4,84,0.8383838383838385,299.3030303030303,0.702214906795,0.69281277,0.0690740693425069,0.6035048445000001,0.834973549
latent_IPC,4,85,0.8484848484848485,302.90909090909093,0.7170967025466667,0.7081808549999999,0.065625236921007,0.6230006610000001,0.8422634355
latent_IPC,4,86,0.8585858585858587,306.51515151515156,0.731482569485,0.722946705,0.062075624917661866,0.641622059,0.8491075634999999
latent_IPC,4,87,0.8686868686868687,310.1212121212121,0.745366638,0.737692125,0.05838076310788966,0.6607369994999999,0.8550394985
latent_IPC,4,88,0.8787878787878789,313.72727272727275,0.758756789565,0.7520715200000001,0.054512284800688614,0.6786909219999999,0.860024832
latent_IPC,4,89,0.888888888888889,317.33333333333337,0.7716637838233333,0.76570676,0.05047896351641518,0.697216069,0.8641093900000001
latent_IPC,4,90,0.8989898989898991,320.939393939394,0.7840980925433333,0.77905167,0.04629824933364162,0.7152127885,0.8677014734999999
latent_IPC,4,91,0.9090909090909092,324.54545454545456,0.7960703049366666,0.7920115249999999,0.041987720778350376,0.7329639375,0.8708669125
latent_IPC,4,92,0.9191919191919192,328.1515151515152,0.8075915395233333,0.804275085,0.03756443563978988,0.7507055495000001,0.8737281419999999
latent_IPC,4,93,0.9292929292929294,331.7575757575758,0.8186735031333333,0.81617185,0.033045059240957006,0.7684238205,0.8760569075
latent_IPC,4,94,0.9393939393939394,335.3636363636364,0.829328388915,0.8275019100000001,0.028445829651919715,0.7860512614999999,0.878035793
latent_IPC,4,95,0.9494949494949496,338.969696969697,0.8395687352616666,0.8382595150000001,0.02378243610380834,0.8032184125,0.8796838594999999
latent_IPC,4,96,0.9595959595959597,342.5757575757576,0.8494072906766666,0.8486089,0.019069892944764452,0.8200268884999999,0.8810671210000001
latent_IPC,4,97,0.9696969696969697,346.1818181818182,0.8588568976933333,0.85843074,0.01432243758974246,0.8367519935,0.8822904065
latent_IPC,4,98,0.9797979797979799,349.7878787878788,0.867930398105,0.867799385,0.009553458640965008,0.8530412840000001,0.883341013
latent_IPC,4,99,0.98989898989899,353.39393939393943,0.87664055654,0.8766264100000001,0.004775451816909366,0.8691599515,0.8842365864999999
latent_IPC,4,100,1,357,0.885,0.885,0,0.885,0.885
p_ETU,3,1,0,0,0,0,0,0,0
p_ETU,3,2,0.010101010101010102,3.6060606060606064,0.0010186081320643484,7.59408245e-4,9.895980462307635e-4,1.4118525149999998e-5,0.00290994522
p_ETU,3,3,0.020202020202020204,7.212121212121213,0.002081600920700203,0.0015658319,0.002003549046297801,3.0455628049999996e-5,0.0059072384300000004
p_ETU,3,4,0.030303030303030304,10.818181818181818,0.003191132864664196,0.0024208841,0.0030422523605339942,4.937035215e-5,0.008988983380000001
p_ETU,3,5,0.04040404040404041,14.424242424242426,0.004349476190492354,0.00332207535,0.00410608692340871,7.12654862e-5,0.012160665350000004
p_ETU,3,6,0.05050505050505051,18.03030303030303,0.005559028157161399,0.00428048755,0.0051954072285182755,9.70523613e-5,0.015434352000000002
p_ETU,3,7,0.06060606060606061,21.636363636363637,0.006822318894913775,0.00529608475,0.006310538851791041,1.2715822149999997e-4,0.018809281500000004
p_ETU,3,8,0.07070707070707072,25.242424242424246,0.00814201978090676,0.0063771209999999995,0.0074517734210393545,1.6177238699999997e-4,0.022281189150000002
p_ETU,3,9,0.08080808080808081,28.84848484848485,0.009520952442743605,0.00752377475,0.008619363010571484,2.010363175e-4,0.02583538775
p_ETU,3,10,0.09090909090909091,32.45454545454545,0.010962098352325868,0.0087409953,0.009813513780085742,2.47748383e-4,0.02948756735
p_ETU,3,11,0.10101010101010102,36.06060606060606,0.012468609197980228,0.010031611499999999,0.011034379023234595,2.99733857e-4,0.03323340615
p_ETU,3,12,0.11111111111111112,39.66666666666667,0.014043817895333485,0.0114174985,0.012282051195382183,3.607708385e-4,0.0371136185
p_ETU,3,13,0.12121212121212122,43.27272727272727,0.015691250476173955,0.0128412895,0.01355655319583825,4.308997685e-4,0.04109752855
p_ETU,3,14,0.13131313131313133,46.87878787878788,0.01741463885153211,0.014369564000000001,0.014857828540162666,5.10625035e-4,0.045179232900000005
p_ETU,3,15,0.14141414141414144,50.48484848484849,0.019217934415744653,0.016010618,0.016185730329300135,6.01333004e-4,0.04941684475
p_ETU,3,16,0.15151515151515152,54.09090909090909,0.021105322748439778,0.017744167499999998,0.017540009223798062,7.067777334999999e-4,0.053812549300000005
p_ETU,3,17,0.16161616161616163,57.6969696969697,0.023081239302321924,0.019610301,0.018920299608785118,8.370767834999999e-4,0.058218643900000006
p_ETU,3,18,0.17171717171717174,61.30303030303031,0.02515038624560026,0.021556519,0.02032610461590962,9.833356049999999e-4,0.0627189269
p_ETU,3,19,0.18181818181818182,64.9090909090909,0.027317750558389045,0.0236417935,0.02175677918169475,0.00115188503,0.06742124875
p_ETU,3,20,0.19191919191919193,68.51515151515152,0.029588623367078615,0.025805797999999998,0.023211511359225657,0.0013462522399999997,0.0723278079
p_ETU,3,21,0.20202020202020204,72.12121212121212,0.03196862065412129,0.028138311,0.02468930147068963,0.00156151481,0.07728463960000001
p_ETU,3,22,0.21212121212121213,75.72727272727273,0.03446370543071548,0.030558893,0.026188939041740543,0.00182527434,0.08230734165000002
p_ETU,3,23,0.22222222222222224,79.33333333333334,0.037080211339332654,0.033125565,0.027708977062541655,0.002130069585,0.0875940893
p_ETU,3,24,0.23232323232323235,82.93939393939395,0.03982486798008564,0.03584737,0.029247703959122733,0.002481821855,0.0929514452
p_ETU,3,25,0.24242424242424243,86.54545454545455,0.04270482767537606,0.038749689000000004,0.03080311203847755,0.0028857482550000003,0.09847042475000001
p_ETU,3,26,0.25252525252525254,90.15151515151516,0.04572769395577538,0.041867708000000003,0.032372863056090447,0.0033710644899999998,0.10417821400000002
p_ETU,3,27,0.26262626262626265,93.75757575757576,0.048901551792377394,0.045055218999999994,0.03395425043260358,0.0039023956949999997,0.10987887600000001
p_ETU,3,28,0.27272727272727276,97.36363636363637,0.052234999304636556,0.048401251,0.035544157577128435,0.0045342338499999996,0.11577116150000001
p_ETU,3,29,0.2828282828282829,100.96969696969698,0.055737181066486285,0.0519413195,0.03713901222490337,0.005282229405000001,0.121829612
p_ETU,3,30,0.29292929292929293,104.57575757575758,0.05941782303794012,0.055787861,0.038734737470965605,0.006116413459999999,0.12803397349999998
p_ETU,3,31,0.30303030303030304,108.18181818181819,0.0632872682268096,0.05983841,0.040326697648399044,0.00707320736,0.13432104800000003
p_ETU,3,32,0.31313131313131315,111.7878787878788,0.06735651398800009,0.0640524885,0.04190964120803353,0.008198347705,0.14089714900000003
p_ETU,3,33,0.32323232323232326,115.3939393939394,0.07163724904534932,0.06854879350000001,0.04347763906437295,0.009453974115,0.1475482575
p_ETU,3,34,0.33333333333333337,119.00000000000001,0.07614189095262008,0.073338396,0.04502401983334764,0.01094358885,0.154332664
p_ETU,3,35,0.3434343434343435,122.60606060606062,0.0808836223045315,0.0782038075,0.04654130216894448,0.012758145999999998,0.1614399925
p_ETU,3,36,0.3535353535353536,126.21212121212123,0.0858764252651409,0.0833640675,0.0480211262282289,0.014666951899999999,0.16864642450000003
p_ETU,3,37,0.36363636363636365,129.8181818181818,0.09113511232045866,0.088900193,0.04945418438144049,0.01696208285,0.1761196735
p_ETU,3,38,0.37373737373737376,133.42424242424244,0.0966753527107585,0.094536304,0.05083015641229382,0.0195796598,0.1836152495
p_ETU,3,39,0.38383838383838387,137.03030303030303,0.102513690675039,0.10066389,0.05213765002374786,0.02247692385,0.19127638400000002
p_ETU,3,40,0.393939393939394,140.63636363636365,0.10866755427341283,0.107235275,0.053364154661140445,0.02581474465,0.19927890200000004
p_ETU,3,41,0.4040404040404041,144.24242424242425,0.11515525025081967,0.11387726000000001,0.054496014299671054,0.0296870068,0.2075085875
p_ETU,3,42,0.4141414141414142,147.84848484848487,0.12199594154859167,0.120950825,0.055518430845124846,0.0342593098,0.21595638100000003
p_ETU,3,43,0.42424242424242425,151.45454545454547,0.12920960144523333,0.128338085,0.05641551180522625,0.039357467949999995,0.2241332705
p_ETU,3,44,0.43434343434343436,155.06060606060606,0.13681693792917166,0.136372755,0.057170382388547006,0.044822075149999994,0.2325235465
p_ETU,3,45,0.4444444444444445,158.66666666666669,0.14483928199218835,0.14465345000000002,0.0577653904387414,0.05108671375,0.24115449900000002
p_ETU,3,46,0.4545454545454546,162.27272727272728,0.15329842899733334,0.15313484,0.05818244298694067,0.0581590685,0.24988586299999999
p_ETU,3,47,0.4646464646464647,165.8787878787879,0.1622164230396,0.1618435,0.0584035313166326,0.06676442330000001,0.25857917600000013
p_ETU,3,48,0.4747474747474748,169.4848484848485,0.17161527093003334,0.171369845,0.058411528607059816,0.07659360960000001,0.26836036250000006
p_ETU,3,49,0.48484848484848486,173.0909090909091,0.18151656897218332,0.181227625,0.058191389662253276,0.08692721210000001,0.2776480615
p_ETU,3,50,0.494949494949495,176.69696969696972,0.19194101961461665,0.191400905,0.057731955687962404,0.09796991235,0.28743953250000004
p_ETU,3,51,0.5050505050505051,180.3030303030303,0.2029078080175,0.20218953499999998,0.05702869316682228,0.110248683,0.297609293
p_ETU,3,52,0.5151515151515152,183.90909090909093,0.21443379082233333,0.213528805,0.05608788011654346,0.123021612,0.307655372
p_ETU,3,53,0.5252525252525253,187.51515151515153,0.2265324275715,0.225518025,0.05493297142766858,0.13779830049999997,0.318145612
p_ETU,3,54,0.5353535353535354,191.12121212121212,0.23921235709416666,0.23847229,0.05361392821580004,0.1529539005,0.328934792
p_ETU,3,55,0.5454545454545455,194.72727272727275,0.2524755027578333,0.25157008999999997,0.05221956095890608,0.16775734900000003,0.3402383375
p_ETU,3,56,0.5555555555555556,198.33333333333334,0.26631465264183335,0.26474269,0.05089002245322101,0.18532676350000002,0.351764305
p_ETU,3,57,0.5656565656565657,201.93939393939397,0.2807107036445,0.27940054999999997,0.04981988105589089,0.2010381695,0.364208033
p_ETU,3,58,0.5757575757575758,205.54545454545456,0.29563031412266666,0.29425546,0.049234481449806945,0.2159099955,0.3775345975
p_ETU,3,59,0.5858585858585859,209.15151515151516,0.31102532026333335,0.3099932,0.04932915081862293,0.23157944849999998,0.3930942805
p_ETU,3,60,0.595959595959596,212.75757575757578,0.3268350175033333,0.32524531,0.05019702995283575,0.247241089,0.4102681365
p_ETU,3,61,0.6060606060606061,216.36363636363637,0.34299073752166664,0.341193215,0.05180009543544244,0.2624004835,0.428612865
p_ETU,3,62,0.6161616161616162,219.969696969697,0.359420658115,0.357312565,0.054002170671175846,0.27728010000000003,0.44807232750000003
p_ETU,3,63,0.6262626262626263,223.5757575757576,0.3760532475,0.37293984999999996,0.05662652921512456,0.291774235,0.469667064
p_ETU,3,64,0.6363636363636365,227.18181818181822,0.39281920894666666,0.38898948499999997,0.059498994509110496,0.30624485949999997,0.491834916
p_ETU,3,65,0.6464646464646465,230.7878787878788,0.40965251107833334,0.40425287,0.0624675822751035,0.32070777549999996,0.5154093430000001
p_ETU,3,66,0.6565656565656566,234.3939393939394,0.42649103472166666,0.41991525500000004,0.06540671315422672,0.334736855,0.5379615445000001
p_ETU,3,67,0.6666666666666667,238.00000000000003,0.4432770927933333,0.43526937499999996,0.06821494291981213,0.34917275999999997,0.563516024
p_ETU,3,68,0.6767676767676768,241.60606060606062,0.4599578951266667,0.450928035,0.07081128856987555,0.3636273525,0.5885324955000001
p_ETU,3,69,0.686868686868687,245.21212121212125,0.4764859337683333,0.46648776000000003,0.07313205778765706,0.378179599,0.6118264605
p_ETU,3,70,0.696969696969697,248.81818181818184,0.49281924156333334,0.481485995,0.07512848168079918,0.39237719199999993,0.6336655825
p_ETU,3,71,0.7070707070707072,252.42424242424246,0.5089214899466666,0.496268745,0.07676489783473228,0.40722249000000005,0.6545613540000002
p_ETU,3,72,0.7171717171717172,256.03030303030306,0.5247619179066667,0.510841205,0.07801719358996352,0.421875127,0.6752549720000002
p_ETU,3,73,0.7272727272727273,259.6363636363636,0.5403151072516666,0.52569602,0.07887132992251601,0.43648254699999994,0.6940863355
p_ETU,3,74,0.7373737373737375,263.24242424242425,0.5555606363016666,0.540434925,0.07932188599441499,0.4511921345,0.7104922385000001
p_ETU,3,75,0.7474747474747475,266.8484848484849,0.57048264843,0.55443602,0.07937063471111927,0.46630939,0.7254271315
p_ETU,3,76,0.7575757575757577,270.4545454545455,0.5850693727983334,0.568530465,0.07902518912584822,0.48140493800000006,0.7391677590000001
p_ETU,3,77,0.7676767676767677,274.06060606060606,0.599312628055,0.582780015,0.07829775963508864,0.496698227,0.7515312755000001
p_ETU,3,78,0.7777777777777778,277.6666666666667,0.6132073336466667,0.596700455,0.07720405046793123,0.5115660535,0.7622899135000001
p_ETU,3,79,0.787878787878788,281.2727272727273,0.6267510455583334,0.61047226,0.07576230892144155,0.5266627250000001,0.771855535
p_ETU,3,80,0.797979797979798,284.8787878787879,0.6399435281683333,0.624135755,0.07399252526218163,0.5416375795,0.7806153849999999
p_ETU,3,81,0.8080808080808082,288.4848484848485,0.6527863681733334,0.6374619699999999,0.07191577594303102,0.5564432755000001,0.7884248865
p_ETU,3,82,0.8181818181818182,292.0909090909091,0.6652826326116666,0.650434755,0.06955369301900846,0.571579993,0.7952904365
p_ETU,3,83,0.8282828282828284,295.69696969696975,0.6774365708416666,0.6633484249999999,0.06692804365631223,0.5868536215,0.8010646145
p_ETU,3,84,0.8383838383838385,299.3030303030303,0.689253358945,0.67571637,0.06406040276031501,0.602167385,0.8060792735
p_ETU,3,85,0.8484848484848485,302.90909090909093,0.7007388826816666,0.68820725,0.06097190370542807,0.6174488124999999,0.810692551
p_ETU,3,86,0.8585858585858587,306.51515151515156,0.711899556105,0.700506965,0.05768305239244975,0.6326320009999999,0.8146281285
p_ETU,3,87,0.8686868686868687,310.1212121212121,0.7227421705433333,0.71226309,0.05421359284868586,0.647726704,0.818132387
p_ETU,3,88,0.8787878787878789,313.72727272727275,0.7332737718283333,0.7236069,0.05058241458352596,0.6628329195000001,0.8212343440000001
p_ETU,3,89,0.888888888888889,317.33333333333337,0.7435015610183333,0.7347404900000001,0.04680749389631873,0.67789438,0.8240065999999999
p_ETU,3,90,0.8989898989898991,320.939393939394,0.753432814205,0.74567956,0.04290586009491751,0.6931546245,0.8263320909999999
p_ETU,3,91,0.9090909090909092,324.54545454545456,0.763074820665,0.75635203,0.03889358269059232,0.7080343705,0.82835685
p_ETU,3,92,0.9191919191919192,328.1515151515152,0.7724348335566666,0.766712855,0.03478577442096013,0.722676449,0.8301329239999999
p_ETU,3,93,0.9292929292929294,331.7575757575758,0.7815200336083333,0.776870205,0.030596605995594002,0.7373561635,0.8316764605
p_ETU,3,94,0.9393939393939394,335.3636363636364,0.790337501795,0.786585535,0.02633932939910298,0.752003156,0.833019669
p_ETU,3,95,0.9494949494949496,338.969696969697,0.7988941987566667,0.796014765,0.022026307768399145,0.766586077,0.8341762165000001
p_ETU,3,96,0.9595959595959597,342.5757575757576,0.8071969518933333,0.80505169,0.01766904922666751,0.781128714,0.8351668295
p_ETU,3,97,0.9696969696969697,346.1818181818182,0.8152524461366667,0.8137814,0.013278244399283316,0.79550561,0.836026024
p_ETU,3,98,0.9797979797979799,349.7878787878788,0.8230672188983333,0.82217134,0.008863804255655146,0.8097967825,0.8367754734999999
p_ETU,3,99,0.98989898989899,353.39393939393943,0.8306476576066667,0.830247055,0.004434899621368915,0.8239784445,0.837431881
p_ETU,3,100,1,357,0.838,0.838,0,0.838,0.838
p_hosp,2,1,0,0,0.35,0.35,0,0.35,0.35
p_hosp,2,2,0.010101010101010102,3.6060606060606064,0.351173478875,0.35103433,8.862305742326893e-4,0.35007142399999996,0.35282267650000004
p_hosp,2,3,0.020202020202020204,7.212121212121213,0.3523887844383333,0.352117105,0.001785291313459264,0.350150407,0.3557021825
p_hosp,2,4,0.030303030303030304,10.818181818181818,0.35364757314666667,0.35325198,0.0026970528728161025,0.350237762,0.3586405775
p_hosp,2,5,0.04040404040404041,14.424242424242426,0.354951573345,0.35444513,0.003621350029988841,0.35033500149999997,0.36163508699999997
p_hosp,2,6,0.05050505050505051,18.03030303030303,0.356302587685,0.35569274,0.004557978458009585,0.350444288,0.36469851049999996
p_hosp,2,7,0.06060606060606061,21.636363636363637,0.3577024972933333,0.356992675,0.005506690883996306,0.35056632000000004,0.3678117415
p_hosp,2,8,0.07070707070707072,25.242424242424246,0.35915326465333336,0.35834784500000005,0.006467193299736453,0.35070362050000004,0.37098008550000006
p_hosp,2,9,0.08080808080808081,28.84848484848485,0.36065693759666667,0.3597654,0.00743914002362302,0.350854273,0.374232733
p_hosp,2,10,0.09090909090909091,32.45454545454545,0.3622156529116667,0.361244235,0.008422130052320141,0.351020326,0.3775376445
p_hosp,2,11,0.10101010101010102,36.06060606060606,0.36383164014,0.362822365,0.00941570111015189,0.351204332,0.380908006
p_hosp,2,12,0.11111111111111112,39.66666666666667,0.36550722591333334,0.36445052499999997,0.01041932458833172,0.3514085605,0.384367787
p_hosp,2,13,0.12121212121212122,43.27272727272727,0.36724483775,0.366140015,0.011432399843155515,0.35164156,0.38789725950000004
p_hosp,2,14,0.13131313131313133,46.87878787878788,0.36904700857833334,0.36790678,0.01245424734515387,0.3519022315,0.391437457
p_hosp,2,15,0.14141414141414144,50.48484848484849,0.37091638078333333,0.369771215,0.013484102459547613,0.35219276299999996,0.39507227899999997
p_hosp,2,16,0.15151515151515152,54.09090909090909,0.372855710995,0.371695715,0.014521107895148183,0.3525103465,0.39879221800000003
p_hosp,2,17,0.16161616161616163,57.6969696969697,0.374867874505,0.37374016,0.015564305406930299,0.3528572895,0.40254653799999995
p_hosp,2,18,0.17171717171717174,61.30303030303031,0.3769558699866667,0.375864535,0.016612628559862105,0.35324039349999997,0.406382305
p_hosp,2,19,0.18181818181818182,64.9090909090909,0.37912282334333336,0.378055085,0.017664892615888026,0.35366888599999996,0.4102501085
p_hosp,2,20,0.19191919191919193,68.51515151515152,0.3813719932733333,0.380344735,0.01871978544090536,0.35414815750000006,0.4141824765
p_hosp,2,21,0.20202020202020204,72.12121212121212,0.383706775425,0.38274837,0.01977585734179396,0.35469127650000004,0.418215331
p_hosp,2,22,0.21212121212121213,75.72727272727273,0.3861307063266667,0.385235,0.02083151014052134,0.355291782,0.42232688700000004
p_hosp,2,23,0.22222222222222224,79.33333333333334,0.3886474682616667,0.3878714,0.021884985999227155,0.3559595535,0.42651086
p_hosp,2,24,0.23232323232323235,82.93939393939395,0.3912608928833333,0.39055310499999996,0.022934355325208787,0.356701871,0.4308464045
p_hosp,2,25,0.24242424242424243,86.54545454545455,0.39397496490833334,0.393378595,0.02397750394557799,0.3575272965,0.435242059
p_hosp,2,26,0.25252525252525254,90.15151515151516,0.39679382515333333,0.396333145,0.025012120537502826,0.3584412655,0.4397635525
p_hosp,2,27,0.26262626262626265,93.75757575757576,0.39972177303666667,0.39940977,0.026035683209402284,0.3594610995,0.44433135700000004
p_hosp,2,28,0.27272727272727276,97.36363636363637,0.4027632687866667,0.402601345,0.027045445086501533,0.36059101250000003,0.448908823
p_hosp,2,29,0.2828282828282829,100.96969696969698,0.40592293351,0.40593039,0.02803842135798541,0.3618305735,0.45354942950000005
p_hosp,2,30,0.29292929292929293,104.57575757575758,0.4092055493583333,0.409286135,0.029011375219826566,0.3631753095,0.4581856525
p_hosp,2,31,0.30303030303030304,108.18181818181819,0.41261605811,0.412795095,0.029960804761865138,0.3647260655,0.46301790249999997
p_hosp,2,32,0.31313131313131315,111.7878787878788,0.41615955683666667,0.416522,0.030882930282232764,0.36642101899999996,0.46779225500000005
p_hosp,2,33,0.32323232323232326,115.3939393939394,0.41984129320833335,0.42033604,0.031773683525479914,0.368240987,0.47267879649999994
p_hosp,2,34,0.33333333333333337,119.00000000000001,0.423666656815,0.42427989499999996,0.03262869889748495,0.370264923,0.47767883
p_hosp,2,35,0.3434343434343435,122.60606060606062,0.42764116891,0.42836173,0.033443306640436134,0.37241124950000004,0.4828360745
p_hosp,2,36,0.3535353535353536,126.21212121212123,0.4317704679616667,0.43264851000000004,0.034212530863391516,0.37479214699999996,0.4879686525
p_hosp,2,37,0.36363636363636365,129.8181818181818,0.43606029092666665,0.437134,0.034931092761071605,0.37738792,0.493183865
p_hosp,2,38,0.37373737373737376,133.42424242424244,0.4405164502866667,0.441722975,0.03559341979920455,0.38035691199999994,0.4985515015
p_hosp,2,39,0.38383838383838387,137.03030303030303,0.44514480596833333,0.446438735,0.036193663968630836,0.3836252635,0.504006638
p_hosp,2,40,0.393939393939394,140.63636363636365,0.4499512298966667,0.451406205,0.036725731796558685,0.387270966,0.50949587
p_hosp,2,41,0.4040404040404041,144.24242424242425,0.45494156473833336,0.45648825000000004,0.03718332763613363,0.39128192500000003,0.5149757380000001
p_hosp,2,42,0.4141414141414142,147.84848484848487,0.460121573275,0.46186060500000004,0.037560014751944065,0.39565138850000003,0.5205466755
p_hosp,2,43,0.42424242424242425,151.45454545454547,0.4654968790983333,0.46730426,0.03784929819721725,0.400435117,0.526194367
p_hosp,2,44,0.43434343434343436,155.06060606060606,0.47107289779,0.47293931,0.038044734091398566,0.405334613,0.531884628
p_hosp,2,45,0.4444444444444445,158.66666666666669,0.47685475570833336,0.47875195000000004,0.0381400709299671,0.4108947025,0.537816816
p_hosp,2,46,0.4545454545454546,162.27272727272728,0.4828471980233333,0.48472795,0.038129430076396055,0.416948769,0.5435386050000001
p_hosp,2,47,0.4646464646464647,165.8787878787879,0.4890544836183333,0.4908452,0.03800753250692601,0.423562592,0.5494466635
p_hosp,2,48,0.4747474747474748,169.4848484848485,0.4954802657833333,0.49718514999999996,0.03776998013297352,0.43050511850000006,0.5554148819999999
p_hosp,2,49,0.48484848484848486,173.0909090909091,0.5021274618516667,0.503709425,0.03741360369282805,0.4376540884999999,0.5615122399999999
p_hosp,2,50,0.494949494949495,176.69696969696972,0.5089981080083333,0.510501565,0.03693688555913253,0.445429167,0.5677315255000001
p_hosp,2,51,0.5050505050505051,180.3030303030303,0.516093203285,0.5175265149999999,0.03634047374801691,0.453662299,0.5742099709999999
p_hosp,2,52,0.5151515151515152,183.90909090909093,0.5234125436466667,0.5247593349999999,0.035627796715608326,0.4625903245,0.5807894685
p_hosp,2,53,0.5252525252525253,187.51515151515153,0.53095454889,0.53216584,0.0348057889945279,0.4718979935,0.5871604535
p_hosp,2,54,0.5353535353535354,191.12121212121212,0.53871608676,0.539764865,0.033885723699950666,0.481606875,0.593437898
p_hosp,2,55,0.5454545454545455,194.72727272727275,0.5466922997166667,0.54756167,0.032884114856736445,0.4917268575,0.600055032
p_hosp,2,56,0.5555555555555556,198.33333333333334,0.5548764448916667,0.5555244500000001,0.03182360194444043,0.5015370650000001,0.6065688345
p_hosp,2,57,0.5656565656565657,201.93939393939397,0.5632597573866667,0.56370875,0.030733632806960506,0.5125383910000001,0.613776138
p_hosp,2,58,0.5757575757575758,205.54545454545456,0.5718313544966667,0.57190679,0.029650646976914264,0.5238244415,0.6207623765
p_hosp,2,59,0.5858585858585859,209.15151515151516,0.580578200995,0.580474675,0.028617333625958415,0.5341674344999999,0.6278849180000001
p_hosp,2,60,0.595959595959596,212.75757575757578,0.589485156105,0.589235285,0.027680476521112704,0.5442050435000001,0.6356993504999999
p_hosp,2,61,0.6060606060606061,216.36363636363637,0.59853512142,0.598150935,0.026887040174685753,0.55477174,0.6431706110000001
p_hosp,2,62,0.6161616161616162,219.969696969697,0.6077092976966667,0.60725681,0.02627865691213509,0.5652586485,0.6510433395
p_hosp,2,63,0.6262626262626263,223.5757575757576,0.6169875414366667,0.6166081299999999,0.02588553039995671,0.5755357855000001,0.659333181
p_hosp,2,64,0.6363636363636365,227.18181818181822,0.6263487886733333,0.625759505,0.025721515223900895,0.584989751,0.6683873755
p_hosp,2,65,0.6464646464646465,230.7878787878788,0.6357714998766667,0.6349074299999999,0.025782050297552293,0.5947052995,0.6775460945
p_hosp,2,66,0.6565656565656566,234.3939393939394,0.64523408278,0.6442539,0.026045530886642715,0.6041729349999999,0.6877448639999999
p_hosp,2,67,0.6666666666666667,238.00000000000003,0.6547152641133334,0.6537384150000001,0.026477326193628754,0.61360294,0.6984502245
p_hosp,2,68,0.6767676767676768,241.60606060606062,0.6641944049333334,0.6629158500000001,0.02703492915767966,0.6225208044999999,0.7088294495
p_hosp,2,69,0.686868686868687,245.21212121212125,0.6736517628166667,0.672001275,0.027672864769245797,0.6319703785,0.719993365
p_hosp,2,70,0.696969696969697,248.81818181818184,0.68306870383,0.681006195,0.028346579245530072,0.6410249610000001,0.7321634760000001
p_hosp,2,71,0.7070707070707072,252.42424242424246,0.692427869085,0.6897255,0.02901508477222713,0.6500833575,0.7433378185
p_hosp,2,72,0.7171717171717172,256.03030303030306,0.7017132951666667,0.69850039,0.02964247644388917,0.659153233,0.754756287
p_hosp,2,73,0.7272727272727273,259.6363636363636,0.7109104886316666,0.7071698200000001,0.030198574611833243,0.668266155,0.7661093375
p_hosp,2,74,0.7373737373737375,263.24242424242425,0.7200064590916667,0.71591972,0.030658963481020728,0.677153013,0.7773923340000001
p_hosp,2,75,0.7474747474747475,266.8484848484849,0.7289897138116667,0.724478515,0.031004655861702868,0.6859486674999999,0.7878360050000001
p_hosp,2,76,0.7575757575757577,270.4545454545455,0.7378502212833333,0.73307656,0.03122155659940942,0.6949930425,0.7978172985
p_hosp,2,77,0.7676767676767677,274.06060606060606,0.746579350495,0.741540705,0.0312998437987469,0.7037341225,0.807506795
p_hosp,2,78,0.7777777777777778,277.6666666666667,0.7551697908783334,0.74990303,0.03123333931825715,0.7126609075,0.816518058
p_hosp,2,79,0.787878787878788,281.2727272727273,0.7636154611033333,0.758175625,0.03101891323279459,0.7216338760000001,0.8247042315
p_hosp,2,80,0.797979797979798,284.8787878787879,0.7719114108716667,0.7662705949999999,0.030655941956359404,0.7306612215,0.8323226765
p_hosp,2,81,0.8080808080808082,288.4848484848485,0.7800537187816666,0.7742754999999999,0.030145831064150478,0.7394548725,0.839813637
p_hosp,2,82,0.8181818181818182,292.0909090909091,0.7880393920316666,0.78228675,0.029491600073964393,0.748341242,0.846547588
p_hosp,2,83,0.8282828282828284,295.69696969696975,0.7958662680083334,0.790096505,0.028697528718991668,0.7573331280000001,0.8524189550000001
p_hosp,2,84,0.8383838383838385,299.3030303030303,0.8035329211966666,0.7978134750000001,0.027768858388570173,0.766317184,0.858030769
p_hosp,2,85,0.8484848484848485,302.90909090909093,0.8110385755433334,0.805303045,0.02671154172754726,0.7752847894999999,0.863401972
p_hosp,2,86,0.8585858585858587,306.51515151515156,0.8183830237033334,0.81290376,0.025532035665385,0.7841391579999999,0.868201102
p_hosp,2,87,0.8686868686868687,310.1212121212121,0.825566552555,0.820377135,0.02423713082194938,0.793075043,0.8727553825000001
p_hosp,2,88,0.8787878787878789,313.72727272727275,0.8325898768533333,0.8277490750000001,0.022833812796670783,0.801916288,0.8769099985
p_hosp,2,89,0.888888888888889,317.33333333333337,0.8394540778466667,0.834966665,0.021329149854630032,0.810700875,0.880504759
p_hosp,2,90,0.8989898989898991,320.939393939394,0.84616055015,0.84200097,0.01973020276302845,0.819448253,0.884039504
p_hosp,2,91,0.9090909090909092,324.54545454545456,0.8527109533833334,0.848900055,0.018043954362400555,0.8281441924999999,0.8871546305
p_hosp,2,92,0.9191919191919192,328.1515151515152,0.8591071700083334,0.855728595,0.016277253738002845,0.8369600355,0.889975089
p_hosp,2,93,0.9292929292929294,331.7575757575758,0.8653512676516667,0.8623130299999999,0.014436773841287822,0.845557082,0.8925214545
p_hosp,2,94,0.9393939393939394,335.3636363636364,0.87144546733,0.86876411,0.012528979810180606,0.8542349810000001,0.8948629105
p_hosp,2,95,0.9494949494949496,338.969696969697,0.8773921141983333,0.8751532200000001,0.010560105882059422,0.8628075300000001,0.8970072025
p_hosp,2,96,0.9595959595959597,342.5757575757576,0.8831936533866667,0.88142444,0.008536139273300639,0.8713817915000001,0.898932947
p_hosp,2,97,0.9696969696969697,346.1818181818182,0.8888526079383333,0.8875297,0.006462810121668968,0.879881302,0.9006732114999999
p_hosp,2,98,0.9797979797979799,349.7878787878788,0.8943715609,0.893506315,0.004345585954201679,0.888301632,0.9022629364999999
p_hosp,2,99,0.98989898989899,353.39393939393943,0.8997531393183333,0.89933362,0.0021896695161056716,0.8966870870000001,0.9036998075
p_hosp,2,100,1,357,0.905,0.905,0,0.905,0.905
p_unsafe_funeral_comm,5,1,0,0,1,1,0,1,1
p_unsafe_funeral_comm,5,2,0.010101010101010102,3.0404040404040407,0.996782590325,0.997407165,0.002567413753742826,0.9916479639999999,0.9998198045000001
p_unsafe_funeral_comm,5,3,0.020202020202020204,6.080808080808081,0.9934824103666666,0.994716645,0.0051560960554474095,0.9832060015,0.999624252
p_unsafe_funeral_comm,5,4,0.030303030303030304,9.121212121212121,0.990096950045,0.99192781,0.007765822992165807,0.9747039220000001,0.999409172
p_unsafe_funeral_comm,5,5,0.04040404040404041,12.161616161616163,0.98662362055,0.989019255,0.010396340665112304,0.9661524100000001,0.999170118
p_unsafe_funeral_comm,5,6,0.05050505050505051,15.202020202020204,0.983059751965,0.98598973,0.013047365832445965,0.957527664,0.998897947
p_unsafe_funeral_comm,5,7,0.06060606060606061,18.242424242424242,0.9794025925933333,0.9828559450000001,0.015718588348843925,0.9488355835,0.998599985
p_unsafe_funeral_comm,5,8,0.07070707070707072,21.282828282828287,0.9756493070533333,0.9796194,0.018409673752545572,0.9401109034999999,0.998291854
p_unsafe_funeral_comm,5,9,0.08080808080808081,24.323232323232325,0.9717969753633333,0.9762296850000001,0.021120265610861708,0.9313312109999999,0.99796339
p_unsafe_funeral_comm,5,10,0.09090909090909091,27.363636363636363,0.9678425921116667,0.972730655,0.023849989397708275,0.9223735135000001,0.9976142765
p_unsafe_funeral_comm,5,11,0.10101010101010102,30.40404040404041,0.96378306645,0.969098655,0.026598454858995077,0.913343322,0.9972314925
p_unsafe_funeral_comm,5,12,0.11111111111111112,33.44444444444445,0.95961522236,0.965366485,0.029365257918657947,0.9042539205,0.9968043645
p_unsafe_funeral_comm,5,13,0.12121212121212122,36.484848484848484,0.955335800175,0.9615098799999999,0.03214998031987514,0.8951703209999999,0.996325516
p_unsafe_funeral_comm,5,14,0.13131313131313133,39.525252525252526,0.9509414572633333,0.957527615,0.0349521840523526,0.8860139925000001,0.995812578
p_unsafe_funeral_comm,5,15,0.14141414141414144,42.565656565656575,0.9464287719916666,0.953307565,0.037771403658101374,0.8765980205,0.99526293749999994
p_unsafe_funeral_comm,5,16,0.15151515151515152,45.60606060606061,0.9417942459833333,0.948972335,0.04060712692909676,0.8671158135,0.994670399
p_unsafe_funeral_comm,5,17,0.16161616161616163,48.64646464646465,0.9370343085116667,0.9445176900000001,0.04345877012898648,0.85773745,0.994002969
p_unsafe_funeral_comm,5,18,0.17171717171717174,51.68686868686869,0.9321453207866667,0.93992221,0.046325639288856184,0.848224906,0.9932985325
p_unsafe_funeral_comm,5,19,0.18181818181818182,54.72727272727273,0.9271235800866666,0.93501053,0.04920688220129518,0.838481012,0.9925233245
p_unsafe_funeral_comm,5,20,0.19191919191919193,57.767676767676775,0.9219653242833333,0.93000613,0.05210142915888793,0.8287344170000001,0.9917099325
p_unsafe_funeral_comm,5,21,0.20202020202020204,60.80808080808082,0.91666673454,0.92491094,0.05500792570132126,0.8191580285,0.9908131735
p_unsafe_funeral_comm,5,22,0.21212121212121213,63.84848484848485,0.9112239368483334,0.9196482349999999,0.0579246637140827,0.809615089,0.989851144
p_unsafe_funeral_comm,5,23,0.22222222222222224,66.8888888888889,0.9056330015716667,0.914184905,0.06084951836577671,0.7996459935000001,0.9886679555000001
p_unsafe_funeral_comm,5,24,0.23232323232323235,69.92929292929294,0.8998899401133333,0.90841718,0.06377990016188982,0.7899966975,0.987495007
p_unsafe_funeral_comm,5,25,0.24242424242424243,72.96969696969697,0.8939906995366667,0.9025894750000001,0.06671273532478013,0.780247254,0.9861078425
p_unsafe_funeral_comm,5,26,0.25252525252525254,76.01010101010101,0.8879311552916667,0.8964865,0.06964448439066608,0.7702547685000001,0.9846779444999999
p_unsafe_funeral_comm,5,27,0.26262626262626265,79.05050505050505,0.88170710316,0.89026348,0.07257121108048653,0.7600076735000001,0.983154833
p_unsafe_funeral_comm,5,28,0.27272727272727276,82.09090909090911,0.875314255805,0.8836708600000001,0.07548870708109572,0.7502275345,0.9814487095
p_unsafe_funeral_comm,5,29,0.2828282828282829,85.13131313131315,0.86874824329,0.87694391,0.07839267418943807,0.7396256075000001,0.979572727
p_unsafe_funeral_comm,5,30,0.29292929292929293,88.17171717171718,0.8620046293583333,0.870250395,0.08127895244235114,0.7296167345,0.9776015805
p_unsafe_funeral_comm,5,31,0.30303030303030304,91.21212121212122,0.855078944435,0.8630365,0.08414376152824564,0.719369982,0.9756707900000001
p_unsafe_funeral_comm,5,32,0.31313131313131315,94.25252525252526,0.84796674569,0.85585553,0.08698388208267165,0.7090378415,0.9733914885
p_unsafe_funeral_comm,5,33,0.32323232323232326,97.2929292929293,0.8406637000483334,0.84844339,0.08979666326004389,0.698423858,0.9710858434999999
p_unsafe_funeral_comm,5,34,0.33333333333333337,100.33333333333334,0.833165682135,0.840767905,0.09257971407618143,0.68817678,0.9685096190000001
p_unsafe_funeral_comm,5,35,0.3434343434343435,103.37373737373738,0.82546885792,0.8326410399999999,0.09533022467868152,0.6778914475,0.9656618605
p_unsafe_funeral_comm,5,36,0.3535353535353536,106.41414141414143,0.8175697203883333,0.824235865,0.09804408979756214,0.667349151,0.9627003985
p_unsafe_funeral_comm,5,37,0.36363636363636365,109.45454545454545,0.8094650532116666,0.8158439200000001,0.10071528854194019,0.6563952649999999,0.9595067389999999
p_unsafe_funeral_comm,5,38,0.37373737373737376,112.4949494949495,0.8011518311833333,0.80705959,0.10333597896409463,0.6455256070000001,0.9559786165
p_unsafe_funeral_comm,5,39,0.38383838383838387,115.53535353535355,0.7926271086833333,0.79818906,0.10589734430501523,0.6348590275,0.95215906
p_unsafe_funeral_comm,5,40,0.393939393939394,118.57575757575759,0.7838879458493333,0.7886440100000001,0.10839068109905456,0.624126203,0.948361263
p_unsafe_funeral_comm,5,41,0.4040404040404041,121.61616161616163,0.7749313963586667,0.7788264650000001,0.11080807850468805,0.6133103369999999,0.9443343584999999
p_unsafe_funeral_comm,5,42,0.4141414141414142,124.65656565656568,0.7657545386045,0.7690825299999999,0.11314241184908212,0.602209788,0.939576663
p_unsafe_funeral_comm,5,43,0.42424242424242425,127.6969696969697,0.7563545123681666,0.75932142,0.11538682731772099,0.5911509575,0.934578173
p_unsafe_funeral_comm,5,44,0.43434343434343436,130.73737373737373,0.7467285339406666,0.7493394250000001,0.11753408642223703,0.5795144565000001,0.9289625875
p_unsafe_funeral_comm,5,45,0.4444444444444445,133.7777777777778,0.7368738811676666,0.739114045,0.11957610850580903,0.5683184164999999,0.9230361284999999
p_unsafe_funeral_comm,5,46,0.4545454545454546,136.81818181818184,0.7267878692451667,0.72883341,0.12150397565676316,0.5573500604999999,0.9165801000000001
p_unsafe_funeral_comm,5,47,0.4646464646464647,139.85858585858588,0.7164678682161667,0.7183095,0.12330862547335825,0.546838621,0.909803647
p_unsafe_funeral_comm,5,48,0.4747474747474748,142.89898989898992,0.705911442086,0.707367435,0.12498232476704002,0.5358122740000001,0.9021420200000001
p_unsafe_funeral_comm,5,49,0.48484848484848486,145.93939393939394,0.6951166991736667,0.69623194,0.12652063386113543,0.524182083,0.894458497
p_unsafe_funeral_comm,5,50,0.494949494949495,148.97979797979798,0.6840828925398333,0.684701985,0.1279238452486848,0.5133805,0.8865334625
p_unsafe_funeral_comm,5,51,0.5050505050505051,152.02020202020202,0.6728111508151666,0.67300274,0.12919622977318587,0.5025966964999999,0.878210748
p_unsafe_funeral_comm,5,52,0.5151515151515152,155.0606060606061,0.6613050025212167,0.661074815,0.13034190425744605,0.4913126895,0.8692358170000001
p_unsafe_funeral_comm,5,53,0.5252525252525253,158.1010101010101,0.6495702738829333,0.6483986500000001,0.13135854864172225,0.480608923,0.8597423535000001
p_unsafe_funeral_comm,5,54,0.5353535353535354,161.14141414141415,0.6376141980571667,0.63586478,0.13223299131447852,0.4695635365,0.8497486825000001
p_unsafe_funeral_comm,5,55,0.5454545454545455,164.18181818181822,0.62544410142745,0.62322521,0.1329424510028187,0.458800647,0.8388050265
p_unsafe_funeral_comm,5,56,0.5555555555555556,167.22222222222223,0.61306637075565,0.6103954300000001,0.13346109207783424,0.447814084,0.827573085
p_unsafe_funeral_comm,5,57,0.5656565656565657,170.2626262626263,0.6004861917999333,0.5974440400000001,0.13376733013284944,0.43645186450000006,0.8158422795
p_unsafe_funeral_comm,5,58,0.5757575757575758,173.3030303030303,0.5877079699572867,0.584106825,0.13384719390944694,0.424812062,0.803257789
p_unsafe_funeral_comm,5,59,0.5858585858585859,176.34343434343435,0.5747359104064184,0.5705969399999999,0.13369275681999113,0.41333132300000003,0.790686603
p_unsafe_funeral_comm,5,60,0.595959595959596,179.3838383838384,0.5615743214950233,0.55709933,0.13329856838264853,0.4013512115,0.7769491150000001
p_unsafe_funeral_comm,5,61,0.6060606060606061,182.42424242424244,0.54822761303496,0.543458415,0.13265963743672485,0.3878944015,0.763304277
p_unsafe_funeral_comm,5,62,0.6161616161616162,185.46464646464648,0.534700254773175,0.5298644800000001,0.13177178613072033,0.37589537749999996,0.7491498474999999
p_unsafe_funeral_comm,5,63,0.6262626262626263,188.50505050505052,0.5209968877919783,0.5161085249999999,0.13063278715200594,0.364314531,0.7330389700000001
p_unsafe_funeral_comm,5,64,0.6363636363636365,191.5454545454546,0.507122576631825,0.50164385,0.12924291916681502,0.35211999949999995,0.71733944
p_unsafe_funeral_comm,5,65,0.6464646464646465,194.5858585858586,0.49308308917450416,0.487375245,0.12760481118826494,0.3395436825,0.700315963
p_unsafe_funeral_comm,5,66,0.6565656565656566,197.62626262626262,0.4788851267382798,0.473102175,0.1257229693669491,0.327239894,0.6836316785
p_unsafe_funeral_comm,5,67,0.6666666666666667,200.66666666666669,0.46453647905439915,0.45866186,0.12360329200912254,0.31369716249999996,0.665727071
p_unsafe_funeral_comm,5,68,0.6767676767676768,203.70707070707073,0.4500461069462438,0.443979495,0.12125270728183878,0.300884842,0.6472351575000002
p_unsafe_funeral_comm,5,69,0.686868686868687,206.74747474747477,0.43542417225968333,0.42893042000000003,0.1186789712566647,0.2881892035,0.6268290375000001
p_unsafe_funeral_comm,5,70,0.696969696969697,209.7878787878788,0.42068202851285835,0.41407162,0.11589061652189274,0.2760647525,0.6077810404999999
p_unsafe_funeral_comm,5,71,0.7070707070707072,212.82828282828285,0.40583218740363936,0.39919947499999997,0.11289702267539135,0.263844873,0.587828318
p_unsafe_funeral_comm,5,72,0.7171717171717172,215.8686868686869,0.3908882696391247,0.38389374,0.10970857487322208,0.2511439525,0.5688372605
p_unsafe_funeral_comm,5,73,0.7272727272727273,218.9090909090909,0.37586494513153274,0.369008985,0.10633688421475801,0.238516087,0.5489156500000001
p_unsafe_funeral_comm,5,74,0.7373737373737375,221.94949494949498,0.36077786348450613,0.35399167,0.10279504430630709,0.226992175,0.5290815960000002
p_unsafe_funeral_comm,5,75,0.7474747474747475,224.989898989899,0.34564357757744096,0.33920926,0.09909789738266972,0.21414749649999998,0.5065089465
p_unsafe_funeral_comm,5,76,0.7575757575757577,228.03030303030306,0.33047945315663046,0.324423275,0.0952622646292328,0.20086824150000002,0.48605066300000005
p_unsafe_funeral_comm,5,77,0.7676767676767677,231.0707070707071,0.31530356188058856,0.309713195,0.09130707411054417,0.1893130685,0.46443931050000026
p_unsafe_funeral_comm,5,78,0.7777777777777778,234.11111111111111,0.3001345502001504,0.29514681,0.08725328897907898,0.1780387935,0.44307653
p_unsafe_funeral_comm,5,79,0.787878787878788,237.15151515151518,0.28499147433390193,0.28052604999999997,0.08312353512837897,0.1665913845,0.4208476535000001
p_unsafe_funeral_comm,5,80,0.797979797979798,240.1919191919192,0.2698935953843779,0.26529522,0.07894135136488697,0.15521140700000002,0.39950958400000003
p_unsafe_funeral_comm,5,81,0.8080808080808082,243.23232323232327,0.2548601325592797,0.250571345,0.07473007134430179,0.14419807149999997,0.3767953915000001
p_unsafe_funeral_comm,5,82,0.8181818181818182,246.27272727272728,0.23990998191382523,0.236260205,0.07051146899184116,0.132678265,0.354812846
p_unsafe_funeral_comm,5,83,0.8282828282828284,249.31313131313135,0.2250614195331306,0.221733205,0.06630441874499633,0.12252783199999999,0.3321923890000001
p_unsafe_funeral_comm,5,84,0.8383838383838385,252.35353535353536,0.21033181758337963,0.207435895,0.06212386515864142,0.113304379,0.31037890450000005
p_unsafe_funeral_comm,5,85,0.8484848484848485,255.3939393939394,0.1957374011411105,0.19318687,0.057980324107136536,0.1033098035,0.28930250600000007
p_unsafe_funeral_comm,5,86,0.8585858585858587,258.4343434343435,0.1812930695948569,0.17915888,0.05387997632638106,0.09436786544999999,0.26733780700000004
p_unsafe_funeral_comm,5,87,0.8686868686868687,261.47474747474746,0.16701229243194557,0.16518801,0.04982524352882308,0.0849477016,0.24643741800000002
p_unsafe_funeral_comm,5,88,0.8787878787878789,264.51515151515156,0.1529070760788254,0.151466975,0.045815642426115716,0.0757991848,0.22527090300000005
p_unsafe_funeral_comm,5,89,0.888888888888889,267.5555555555556,0.13898798897177597,0.137871785,0.041848700178168226,0.06767379519999998,0.204667769
p_unsafe_funeral_comm,5,90,0.8989898989898991,270.59595959595964,0.1252642269308221,0.124323605,0.03792077925902272,0.05997835574999999,0.18471040550000004
p_unsafe_funeral_comm,5,91,0.9090909090909092,273.6363636363637,0.11174370298526859,0.11101656,0.03402773150132636,0.052571715699999993,0.16483149600000002
p_unsafe_funeral_comm,5,92,0.9191919191919192,276.67676767676767,0.0984331471525217,0.09782754099999999,0.03016536630079587,0.0451220578,0.145140342
p_unsafe_funeral_comm,5,93,0.9292929292929294,279.71717171717177,0.08533820837157774,0.084839367,0.02632975323772052,0.0380713898,0.12619254900000004
p_unsafe_funeral_comm,5,94,0.9393939393939394,282.75757575757575,0.07246355193688983,0.0720513075,0.02251739478314803,0.03174949159999999,0.1073578765
p_unsafe_funeral_comm,5,95,0.9494949494949496,285.79797979797985,0.05981294971054895,0.0595885995,0.018725305791538725,0.0254389312,0.0887553155
p_unsafe_funeral_comm,5,96,0.9595959595959597,288.83838383838383,0.047389362882260984,0.047211782,0.014951031790875449,0.01979704275,0.07060688
p_unsafe_funeral_comm,5,97,0.9696969696969697,291.8787878787879,0.03519501647875441,0.035108227500000005,0.011192629556728543,0.0144199565,0.052522813950000004
p_unsafe_funeral_comm,5,98,0.9797979797979799,294.919191919192,0.02323146683949277,0.0231700325,0.007448627495175648,0.009318441145,0.03470189245000001
p_unsafe_funeral_comm,5,99,0.98989898989899,297.95959595959596,0.01149966256808099,0.0114913825,0.0037179767307470818,0.00447169388,0.0172005394
p_unsafe_funeral_comm,5,100,1,301,0,0,0,0,0
p_unsafe_funeral_comm,5,100,1,357,0,0,0,0,0
p_unsafe_funeral_hosp,6,1,0,0,0.029,0.029,0,0.029,0.029
p_unsafe_funeral_hosp,6,2,0.010101010101010102,2.474747474747475,0.028977342753666667,0.028993827,3.8880505295066e-5,0.02889405625,0.028999996
p_unsafe_funeral_hosp,6,3,0.020202020202020204,4.94949494949495,0.028953782713,0.028987169,7.860044191066225e-5,0.0287852189,0.02899999005
p_unsafe_funeral_hosp,6,4,0.030303030303030304,7.424242424242425,0.02892927741766667,0.028979992500000003,1.1917971965954296e-4,0.028673425599999997,0.028999984049999997
p_unsafe_funeral_hosp,6,5,0.04040404040404041,9.8989898989899,0.028903782087,0.028972240500000003,1.60638595269563e-4,0.0285587228,0.0289999761
p_unsafe_funeral_hosp,6,6,0.05050505050505051,12.373737373737375,0.0288772495385,0.028963837,2.0299769529129257e-4,0.0284407905,0.028999966149999997
p_unsafe_funeral_hosp,6,7,0.06060606060606061,14.84848484848485,0.0288496300235,0.028954745,2.4627798347056187e-4,0.028318875599999998,0.0289999552
p_unsafe_funeral_hosp,6,8,0.07070707070707072,17.323232323232325,0.028820871050333333,0.028944907,2.905007195127143e-4,0.02819170965,0.02899994125
p_unsafe_funeral_hosp,6,9,0.08080808080808081,19.7979797979798,0.028790917239666668,0.0289343845,3.3568748733962513e-4,0.028061427899999998,0.0289999253
p_unsafe_funeral_hosp,6,10,0.09090909090909091,22.272727272727273,0.028759710146666666,0.028923127,3.818601435239393e-4,0.027928778199999997,0.028999906399999997
p_unsafe_funeral_hosp,6,11,0.10101010101010102,24.74747474747475,0.028727188060666667,0.028910914,4.2904077336306353e-4,0.02779429135,0.0289998825
p_unsafe_funeral_hosp,6,12,0.11111111111111112,27.222222222222225,0.028693285821,0.0288976715,4.772516644484614e-4,0.02765384515,0.028999854599999996
p_unsafe_funeral_hosp,6,13,0.12121212121212122,29.6969696969697,0.028657934585166668,0.0288833355,5.265153013844527e-4,0.0275084697,0.028999821699999997
p_unsafe_funeral_hosp,6,14,0.13131313131313133,32.17171717171718,0.028621061607166667,0.0288677045,5.768542509804776e-4,0.02735847005,0.028999783600000002
p_unsafe_funeral_hosp,6,15,0.14141414141414144,34.64646464646465,0.028582590011,0.0288512975,6.28291191008648e-4,0.0272058563,0.0289997384
p_unsafe_funeral_hosp,6,16,0.15151515151515152,37.121212121212125,0.028542438474,0.028833432,6.808487544118344e-4,0.027044994450000002,0.028999685100000002
p_unsafe_funeral_hosp,6,17,0.16161616161616163,39.5959595959596,0.028500521051833334,0.028814114000000002,7.345495318630731e-4,0.026880660350000002,0.0289996144
p_unsafe_funeral_hosp,6,18,0.17171717171717174,42.07070707070708,0.028456746744166667,0.028793499,7.894159812582449e-4,0.026712202950000003,0.02899952545
p_unsafe_funeral_hosp,6,19,0.18181818181818182,44.54545454545455,0.028411019322166668,0.0287711945,8.454702754811905e-4,0.026544708849999998,0.0289994185
p_unsafe_funeral_hosp,6,20,0.19191919191919193,47.02020202020202,0.028363236886666667,0.028747587499999998,9.027342593661964e-4,0.026371091349999997,0.028999297049999997
p_unsafe_funeral_hosp,6,21,0.20202020202020204,49.4949494949495,0.0283132915445,0.0287217335,9.612293204095258e-4,0.026190061299999998,0.028999139650000002
p_unsafe_funeral_hosp,6,22,0.21212121212121213,51.96969696969697,0.028261069038333333,0.0286943765,0.0010209762571367165,0.026004796,0.028998945699999997
p_unsafe_funeral_hosp,6,23,0.22222222222222224,54.44444444444445,0.028206448336,0.02866421,0.001081995072782395,0.025820081050000002,0.02899871015
p_unsafe_funeral_hosp,6,24,0.23232323232323235,56.919191919191924,0.0281493011835,0.028630203,0.0011443048554395001,0.02562362435,0.028998423000000002
p_unsafe_funeral_hosp,6,25,0.24242424242424243,59.3939393939394,0.028089491617666665,0.0285955525,0.001207923588224563,0.025423814450000002,0.02899807095
p_unsafe_funeral_hosp,6,26,0.25252525252525254,61.86868686868687,0.0280268755255,0.028557990499999998,0.0012728678986005416,0.02521471995,0.0289976861
p_unsafe_funeral_hosp,6,27,0.26262626262626265,64.34343434343435,0.027961300092166668,0.028517867,0.0013391528047453107,0.025002034200000002,0.028997303
p_unsafe_funeral_hosp,6,28,0.27272727272727276,66.81818181818183,0.027892603221833335,0.0284738155,0.0014067914933092094,0.024782531450000003,0.0289968031
p_unsafe_funeral_hosp,6,29,0.2828282828282829,69.2929292929293,0.027820612975166668,0.028427891,0.0014757949581917088,0.024565195200000004,0.02899612625
p_unsafe_funeral_hosp,6,30,0.29292929292929293,71.76767676767676,0.027745146903333334,0.028377639500000003,0.0015461716276406266,0.0243392728,0.028995305099999997
p_unsafe_funeral_hosp,6,31,0.30303030303030304,74.24242424242425,0.027666011407,0.028324376999999998,0.0016179270634839457,0.02411014665,0.0289942781
p_unsafe_funeral_hosp,6,32,0.31313131313131315,76.71717171717172,0.027583001018833334,0.028265089,0.0016910634174347387,0.02386591905,0.0289930269
p_unsafe_funeral_hosp,6,33,0.32323232323232326,79.1919191919192,0.0274958976055,0.028200471499999998,0.0017655789835695239,0.02362976465,0.028991503800000002
p_unsafe_funeral_hosp,6,34,0.33333333333333337,81.66666666666667,0.027404469621333333,0.028129298,0.0018414676508745058,0.02338042275,0.02898972705
p_unsafe_funeral_hosp,6,35,0.3434343434343435,84.14141414141416,0.027308471231666666,0.028054469999999998,0.0019187182790873774,0.0231281734,0.02898780575
p_unsafe_funeral_hosp,6,36,0.3535353535353536,86.61616161616163,0.027207641427666667,0.027974699,0.0019973139553527246,0.022875663450000003,0.0289853275
p_unsafe_funeral_hosp,6,37,0.36363636363636365,89.0909090909091,0.0271017030805,0.0278878625,0.0020772312599326857,0.022618529600000003,0.028982140200000003
p_unsafe_funeral_hosp,6,38,0.37373737373737376,91.56565656565657,0.026990361947166665,0.027796305,0.002158439352001044,0.02235922195,0.0289784206
p_unsafe_funeral_hosp,6,39,0.38383838383838387,94.04040404040404,0.026873305656666666,0.027694819,0.002240899002799328,0.0220704761,0.02897395425
p_unsafe_funeral_hosp,6,40,0.393939393939394,96.51515151515153,0.026750202602333333,0.0275908345,0.002324561425607336,0.0217862763,0.028968693849999998
p_unsafe_funeral_hosp,6,41,0.4040404040404041,98.989898989899,0.026620700805666666,0.027476255499999998,0.0024093670227264413,0.02149666065,0.02896211535
p_unsafe_funeral_hosp,6,42,0.4141414141414142,101.46464646464648,0.026484426748333335,0.027354599,0.0024952439312551276,0.021209829849999997,0.0289543025
p_unsafe_funeral_hosp,6,43,0.42424242424242425,103.93939393939394,0.0263409841695,0.0272246325,0.0025821063819407995,0.020908884,0.02894541595
p_unsafe_funeral_hosp,6,44,0.43434343434343436,106.41414141414143,0.026189952768166668,0.027084393,0.0026698527741631367,0.0206164862,0.02893404565
p_unsafe_funeral_hosp,6,45,0.4444444444444445,108.8888888888889,0.026030886884666666,0.0269311495,0.0027583635491455114,0.02031644205,0.0289210075
p_unsafe_funeral_hosp,6,46,0.4545454545454546,111.36363636363637,0.0258633142345,0.026774111500000003,0.00284749869001023,0.01999375685,0.0289057555
p_unsafe_funeral_hosp,6,47,0.4646464646464647,113.83838383838385,0.025686734452166668,0.026609039,0.0029370948827612156,0.0196658399,0.02888549515
p_unsafe_funeral_hosp,6,48,0.4747474747474748,116.31313131313132,0.025500617678666668,0.0264272295,0.0030269622174114515,0.0193505228,0.02886431205
p_unsafe_funeral_hosp,6,49,0.48484848484848486,118.7878787878788,0.025304403168,0.02623855,0.003116880456618515,0.0190110803,0.0288347357
p_unsafe_funeral_hosp,6,50,0.494949494949495,121.26262626262627,0.025097497648,0.026030356499999997,0.0032065947091269253,0.0186598998,0.02879870825
p_unsafe_funeral_hosp,6,51,0.5050505050505051,123.73737373737374,0.024879273779833334,0.0258083135,0.0032958104291088432,0.01831642915,0.02875789175
p_unsafe_funeral_hosp,6,52,0.5151515151515152,126.21212121212123,0.024649068378333333,0.025569683500000003,0.003384187804257772,0.017945995000000003,0.0287098539
p_unsafe_funeral_hosp,6,53,0.5252525252525253,128.6868686868687,0.024406180486166665,0.0253188975,0.00347133549144605,0.0175995207,0.0286564384
p_unsafe_funeral_hosp,6,54,0.5353535353535354,131.16161616161617,0.024149869299166668,0.0250395935,0.0035568042285081263,0.017240009400000002,0.0285963056
p_unsafe_funeral_hosp,6,55,0.5454545454545455,133.63636363636365,0.0238793521235,0.024758363,0.0036400816670564247,0.01685626465,0.02852008975
p_unsafe_funeral_hosp,6,56,0.5555555555555556,136.11111111111111,0.023593802871133333,0.024441482,0.0037205917637110537,0.01650540115,0.0284258912
p_unsafe_funeral_hosp,6,57,0.5656565656565657,138.5858585858586,0.02329235295445,0.02411648,0.003797703194335839,0.01611812285,0.0283080053
p_unsafe_funeral_hosp,6,58,0.5757575757575758,141.06060606060606,0.022974097048966666,0.02377233,0.003870747129098679,0.0157429909,0.02816605005
p_unsafe_funeral_hosp,6,59,0.5858585858585859,143.53535353535352,0.022638106388183334,0.0234264045,0.003939024286536074,0.015335738600000001,0.02801168735
p_unsafe_funeral_hosp,6,60,0.595959595959596,146.01010101010104,0.022283446341533335,0.023044468,0.004001751853963598,0.014938499899999999,0.027806982049999998
p_unsafe_funeral_hosp,6,61,0.6060606060606061,148.4848484848485,0.0219091854495,0.022654582,0.004057926953782197,0.014521296,0.02759472545
p_unsafe_funeral_hosp,6,62,0.6161616161616162,150.959595959596,0.02151438357191667,0.0222253185,0.004106212728464789,0.0141274874,0.0273421935
p_unsafe_funeral_hosp,6,63,0.6262626262626263,153.43434343434345,0.021098068389266665,0.021786468500000003,0.004145002143712008,0.01372983055,0.027036999149999998
p_unsafe_funeral_hosp,6,64,0.6363636363636365,155.90909090909093,0.020659228578016667,0.0213198075,0.004172619753918064,0.0132965159,0.026656886650000003
p_unsafe_funeral_hosp,6,65,0.6464646464646465,158.3838383838384,0.020196838090366667,0.0208240435,0.00418747527619115,0.012848552299999998,0.02623661775
p_unsafe_funeral_hosp,6,66,0.6565656565656566,160.85858585858585,0.019709902997316668,0.0203207595,0.004188109129208658,0.0123870895,0.02574132045
p_unsafe_funeral_hosp,6,67,0.6666666666666667,163.33333333333334,0.01919751856785,0.01977479,0.004173209617158831,0.011929248049999999,0.02520996675
p_unsafe_funeral_hosp,6,68,0.6767676767676768,165.8080808080808,0.018658933797481667,0.019214882000000003,0.004141684911458657,0.01146046535,0.02463712975
p_unsafe_funeral_hosp,6,69,0.686868686868687,168.28282828282832,0.01809363240456,0.018605467,0.004092864180900179,0.011020553150000001,0.02403204335
p_unsafe_funeral_hosp,6,70,0.696969696969697,170.75757575757578,0.017501455854281665,0.0180075415,0.00402695674470404,0.010610721399999998,0.023358766899999998
p_unsafe_funeral_hosp,6,71,0.7070707070707072,173.23232323232327,0.016882820225196667,0.017351645,0.003945920089008376,0.01016540045,0.022629589250000002
p_unsafe_funeral_hosp,6,72,0.7171717171717172,175.70707070707073,0.016239074882850167,0.0166739025,0.003854489170570867,0.009701839070000001,0.02185877555
p_unsafe_funeral_hosp,6,73,0.7272727272727273,178.1818181818182,0.015572901730314,0.0159294345,0.0037599875672134696,0.009253327085,0.02112881015
p_unsafe_funeral_hosp,6,74,0.7373737373737375,180.65656565656568,0.014888389616322667,0.0152010385,0.0036695870645427975,0.008787271860000001,0.02036556125
p_unsafe_funeral_hosp,6,75,0.7474747474747475,183.13131313131314,0.014190537064238333,0.014443511499999999,0.003587083784896137,0.008313865115000001,0.01967140675
p_unsafe_funeral_hosp,6,76,0.7575757575757577,185.60606060606062,0.013484516002691833,0.013654253500000001,0.0035123616848848497,0.00779828199,0.018912722750000003
p_unsafe_funeral_hosp,6,77,0.7676767676767677,188.08080808080808,0.012775152999479034,0.0128566945,0.003442835128480686,0.00730353801,0.018168471800000002
p_unsafe_funeral_hosp,6,78,0.7777777777777778,190.55555555555557,0.012066699189183334,0.012102737,0.00337491021133574,0.006771723215,0.017383464150000003
p_unsafe_funeral_hosp,6,79,0.787878787878788,193.03030303030306,0.01136277541294905,0.011383919,0.003304978273258187,0.0062818228399999995,0.016611399000000002
p_unsafe_funeral_hosp,6,80,0.797979797979798,195.50505050505052,0.010666402909085916,0.010664546,0.003229921706213633,0.005734410640000001,0.015806501450000003
p_unsafe_funeral_hosp,6,81,0.8080808080808082,197.979797979798,0.009980058127199364,0.009962086750000002,0.0031471980416858092,0.00514684751,0.015017095450000002
p_unsafe_funeral_hosp,6,82,0.8181818181818182,200.45454545454547,0.009305721952199742,0.0092791856,0.0030547475919126344,0.00460306043,0.0142016176
p_unsafe_funeral_hosp,6,83,0.8282828282828284,202.92929292929296,0.008644926766130717,0.0086167711,0.0029509346440466286,0.0040512350550000005,0.0133867474
p_unsafe_funeral_hosp,6,84,0.8383838383838385,205.40404040404042,0.00799882533591047,0.007971951250000001,0.0028347103974095907,0.003474802845,0.01259009345
p_unsafe_funeral_hosp,6,85,0.8484848484848485,207.87878787878788,0.007368319667322627,0.0073612522,0.002706193622296606,0.00295601501,0.011743935250000002
p_unsafe_funeral_hosp,6,86,0.8585858585858587,210.35353535353536,0.006754224724138344,0.00675542185,0.002566886972535652,0.002486147115,0.010934356200000002
p_unsafe_funeral_hosp,6,87,0.8686868686868687,212.82828282828285,0.006157277770874052,0.00613759545,0.0024181495525143577,0.00211965243,0.01008829475
p_unsafe_funeral_hosp,6,88,0.8787878787878789,215.30303030303034,0.00557796600623057,0.00556641555,0.002260125709593969,0.00176607432,0.0092764319
p_unsafe_funeral_hosp,6,89,0.888888888888889,217.7777777777778,0.005016493951344819,0.0050064097499999995,0.002093003238104365,0.0014625119700000001,0.008440624765000002
p_unsafe_funeral_hosp,6,90,0.8989898989898991,220.2525252525253,0.004472930395706572,0.0044550141,0.0019179703247000387,0.001188046735,0.007626739330000001
p_unsafe_funeral_hosp,6,91,0.9090909090909092,222.72727272727275,0.003947313871848062,0.0039338038999999995,0.0017368659832754723,9.57122544e-4,0.006802354775
p_unsafe_funeral_hosp,6,92,0.9191919191919192,225.2020202020202,0.0034396500548601345,0.0034162429,0.0015513646429233707,7.717169475e-4,0.006004891885
p_unsafe_funeral_hosp,6,93,0.9292929292929294,227.6767676767677,0.002949865170849617,0.0029347023,0.0013625281499463579,6.145592999999999e-4,0.005210092360000002
p_unsafe_funeral_hosp,6,94,0.9393939393939394,230.15151515151516,0.0024777858099071025,0.0024590503,0.0011709937105079359,4.7636313700000004e-4,0.0044335729150000005
p_unsafe_funeral_hosp,6,95,0.9494949494949496,232.62626262626264,0.0020231571212631417,0.0020028406,9.773276697096417e-4,3.57527014e-4,0.0036634949300000004
p_unsafe_funeral_hosp,6,96,0.9595959595959597,235.10101010101013,0.0015856714149458748,0.0015669509,7.821678342954397e-4,2.6128286499999996e-4,0.0029033217650000012
p_unsafe_funeral_hosp,6,97,0.9696969696969697,237.5757575757576,0.0011649876606315214,0.0011508680999999998,5.861996883238136e-4,1.7957861e-4,0.0021618577150000003
p_unsafe_funeral_hosp,6,98,0.9797979797979799,240.05050505050508,7.607407883538199e-4,7.5029609e-4,3.9010120278816767e-4,1.1000742749999999e-4,0.00142777144
p_unsafe_funeral_hosp,6,99,0.98989898989899,242.52525252525254,3.725457578157757e-4,3.6818337500000003e-4,1.945081555103007e-4,5.01257711e-5,7.056466515000001e-4
p_unsafe_funeral_hosp,6,100,1,245,0,0,0,0,0
p_unsafe_funeral_hosp,6,100,1,357,0,0,0,0,0
