scenario_label,scenario,time_index,tau,relative_day,q_value,prob_hosp,delay_hosp,prob_unsafe_funeral_comm,prob_unsafe_funeral_hosp,prob_unsafe_funeral_etu,prop_etu,ipc_helper
Worst_WestAfrica,Worst_WestAfrica,1,0.000000,0.000,0.036712,0.323863,6.316438,0.963288,0.028899,0.000000,0.033041,0.034877
Worst_WestAfrica,Worst_WestAfrica,2,0.010101,3.606,0.038870,0.325265,6.305651,0.961130,0.028834,0.000000,0.034983,0.036926
Worst_WestAfrica,Worst_WestAfrica,3,0.020202,7.212,0.041148,0.326746,6.294258,0.958852,0.028766,0.000000,0.037034,0.039091
Worst_WestAfrica,Worst_WestAfrica,4,0.030303,10.818,0.043555,0.328310,6.282227,0.956445,0.028693,0.000000,0.039199,0.041377
Worst_WestAfrica,Worst_WestAfrica,5,0.040404,14.424,0.046095,0.329962,6.269526,0.953905,0.028617,0.000000,0.041485,0.043790
Worst_WestAfrica,Worst_WestAfrica,6,0.050505,18.030,0.048775,0.331704,6.256123,0.951225,0.028537,0.000000,0.043898,0.046337
Worst_WestAfrica,Worst_WestAfrica,7,0.060606,21.636,0.051604,0.333542,6.241982,0.948396,0.028452,0.000000,0.046443,0.049024
Worst_WestAfrica,Worst_WestAfrica,8,0.070707,25.242,0.054586,0.335481,6.227068,0.945414,0.028362,0.000000,0.049128,0.051857
Worst_WestAfrica,Worst_WestAfrica,9,0.080808,28.848,0.057731,0.337525,6.211344,0.942269,0.028268,0.000000,0.051958,0.054845
Worst_WestAfrica,Worst_WestAfrica,10,0.090909,32.455,0.061045,0.339679,6.194773,0.938955,0.028169,0.000000,0.054941,0.057993
Worst_WestAfrica,Worst_WestAfrica,11,0.101010,36.061,0.064537,0.341949,6.177316,0.935463,0.028064,0.000000,0.058083,0.061310
Worst_WestAfrica,Worst_WestAfrica,12,0.111111,39.667,0.068213,0.344339,6.158934,0.931787,0.027954,0.000000,0.061392,0.064803
Worst_WestAfrica,Worst_WestAfrica,13,0.121212,43.273,0.072083,0.346854,6.139584,0.927917,0.027838,0.000000,0.064875,0.068479
Worst_WestAfrica,Worst_WestAfrica,14,0.131313,46.879,0.076155,0.349501,6.119227,0.923845,0.027715,0.000000,0.068539,0.072347
Worst_WestAfrica,Worst_WestAfrica,15,0.141414,50.485,0.080436,0.352284,6.097819,0.919564,0.027587,0.000000,0.072393,0.076414
Worst_WestAfrica,Worst_WestAfrica,16,0.151515,54.091,0.084936,0.355209,6.075319,0.915064,0.027452,0.000000,0.076443,0.080689
Worst_WestAfrica,Worst_WestAfrica,17,0.161616,57.697,0.089664,0.358281,6.051682,0.910336,0.027310,0.000000,0.080697,0.085180
Worst_WestAfrica,Worst_WestAfrica,18,0.171717,61.303,0.094627,0.361507,6.026866,0.905373,0.027161,0.000000,0.085164,0.089895
Worst_WestAfrica,Worst_WestAfrica,19,0.181818,64.909,0.099835,0.364892,6.000827,0.900165,0.027005,0.000000,0.089851,0.094843
Worst_WestAfrica,Worst_WestAfrica,20,0.191919,68.515,0.105296,0.368442,5.973522,0.894704,0.026841,0.000000,0.094766,0.100031
Worst_WestAfrica,Worst_WestAfrica,21,0.202020,72.121,0.111019,0.372162,5.944907,0.888981,0.026669,0.000000,0.099917,0.105468
Worst_WestAfrica,Worst_WestAfrica,22,0.212121,75.727,0.117012,0.376058,5.914940,0.882988,0.026490,0.000000,0.105311,0.111161
Worst_WestAfrica,Worst_WestAfrica,23,0.222222,79.333,0.123284,0.380135,5.883580,0.876716,0.026301,0.000000,0.110956,0.117120
Worst_WestAfrica,Worst_WestAfrica,24,0.232323,82.939,0.129843,0.384398,5.850786,0.870157,0.026105,0.000000,0.116859,0.123351
Worst_WestAfrica,Worst_WestAfrica,25,0.242424,86.545,0.136696,0.388852,5.816519,0.863304,0.025899,0.000000,0.123027,0.129861
Worst_WestAfrica,Worst_WestAfrica,26,0.252525,90.152,0.143851,0.393503,5.780743,0.856149,0.025684,0.000000,0.129466,0.136659
Worst_WestAfrica,Worst_WestAfrica,27,0.262626,93.758,0.151316,0.398355,5.743422,0.848684,0.025461,0.000000,0.136184,0.143750
Worst_WestAfrica,Worst_WestAfrica,28,0.272727,97.364,0.159095,0.403412,5.704525,0.840905,0.025227,0.000000,0.143185,0.151140
Worst_WestAfrica,Worst_WestAfrica,29,0.282828,100.970,0.167196,0.408677,5.664022,0.832804,0.024984,0.000000,0.150476,0.158836
Worst_WestAfrica,Worst_WestAfrica,30,0.292929,104.576,0.175623,0.414155,5.621887,0.824377,0.024731,0.000000,0.158060,0.166841
Worst_WestAfrica,Worst_WestAfrica,31,0.303030,108.182,0.184380,0.419847,5.578099,0.815620,0.024469,0.000000,0.165942,0.175161
Worst_WestAfrica,Worst_WestAfrica,32,0.313131,111.788,0.193472,0.425757,5.532640,0.806528,0.024196,0.000000,0.174125,0.183798
Worst_WestAfrica,Worst_WestAfrica,33,0.323232,115.394,0.202901,0.431885,5.485497,0.797099,0.023913,0.000000,0.182611,0.192756
Worst_WestAfrica,Worst_WestAfrica,34,0.333333,119.000,0.212668,0.438234,5.436662,0.787332,0.023620,0.000000,0.191401,0.202034
Worst_WestAfrica,Worst_WestAfrica,35,0.343434,122.606,0.222773,0.444803,5.386133,0.777227,0.023317,0.000000,0.200496,0.211635
Worst_WestAfrica,Worst_WestAfrica,36,0.353535,126.212,0.233217,0.451591,5.333914,0.766783,0.023003,0.000000,0.209895,0.221556
Worst_WestAfrica,Worst_WestAfrica,37,0.363636,129.818,0.243997,0.458598,5.280016,0.756003,0.022680,0.000000,0.219597,0.231797
Worst_WestAfrica,Worst_WestAfrica,38,0.373737,133.424,0.255109,0.465821,5.224456,0.744891,0.022347,0.000000,0.229598,0.242353
Worst_WestAfrica,Worst_WestAfrica,39,0.383838,137.030,0.266549,0.473257,5.167257,0.733451,0.022004,0.000000,0.239894,0.253221
Worst_WestAfrica,Worst_WestAfrica,40,0.393939,140.636,0.278310,0.480901,5.108452,0.721690,0.021651,0.000000,0.250479,0.264394
Worst_WestAfrica,Worst_WestAfrica,41,0.404040,144.242,0.290384,0.488750,5.048079,0.709616,0.021288,0.000000,0.261346,0.275865
Worst_WestAfrica,Worst_WestAfrica,42,0.414141,147.848,0.302763,0.496796,4.986186,0.697237,0.020917,0.000000,0.272486,0.287625
Worst_WestAfrica,Worst_WestAfrica,43,0.424242,151.455,0.315435,0.505032,4.922827,0.684565,0.020537,0.000000,0.283891,0.299663
Worst_WestAfrica,Worst_WestAfrica,44,0.434343,155.061,0.328387,0.513451,4.858066,0.671613,0.020148,0.000000,0.295548,0.311967
Worst_WestAfrica,Worst_WestAfrica,45,0.444444,158.667,0.341606,0.522044,4.791972,0.658394,0.019752,0.000000,0.307445,0.324525
Worst_WestAfrica,Worst_WestAfrica,46,0.454545,162.273,0.355075,0.530799,4.724624,0.644925,0.019348,0.000000,0.319568,0.337321
Worst_WestAfrica,Worst_WestAfrica,47,0.464646,165.879,0.368778,0.539706,4.656108,0.631222,0.018937,0.000000,0.331900,0.350339
Worst_WestAfrica,Worst_WestAfrica,48,0.474747,169.485,0.382697,0.548753,4.586517,0.617303,0.018519,0.000000,0.344427,0.363562
Worst_WestAfrica,Worst_WestAfrica,49,0.484848,173.091,0.396810,0.557926,4.515951,0.603190,0.018096,0.000000,0.357129,0.376969
Worst_WestAfrica,Worst_WestAfrica,50,0.494949,176.697,0.411097,0.567213,4.444515,0.588903,0.017667,0.000000,0.369987,0.390542
Worst_WestAfrica,Worst_WestAfrica,51,0.505051,180.303,0.425536,0.576598,4.372322,0.574464,0.017234,0.000000,0.382982,0.404259
Worst_WestAfrica,Worst_WestAfrica,52,0.515152,183.909,0.440102,0.586067,4.299488,0.559898,0.016797,0.000000,0.396092,0.418097
Worst_WestAfrica,Worst_WestAfrica,53,0.525253,187.515,0.454773,0.595602,4.226135,0.545227,0.016357,0.000000,0.409296,0.432034
Worst_WestAfrica,Worst_WestAfrica,54,0.535354,191.121,0.469523,0.605190,4.152387,0.530477,0.015914,0.000000,0.422570,0.446046
Worst_WestAfrica,Worst_WestAfrica,55,0.545455,194.727,0.484326,0.614812,4.078372,0.515674,0.015470,0.000000,0.435893,0.460109
Worst_WestAfrica,Worst_WestAfrica,56,0.555556,198.333,0.499156,0.624452,4.004219,0.500844,0.015025,0.000000,0.449241,0.474198
Worst_WestAfrica,Worst_WestAfrica,57,0.565657,201.939,0.513988,0.634092,3.930058,0.486012,0.014580,0.000000,0.462590,0.488289
Worst_WestAfrica,Worst_WestAfrica,58,0.575758,205.545,0.528796,0.643717,3.856021,0.471204,0.014136,0.000000,0.475916,0.502356
Worst_WestAfrica,Worst_WestAfrica,59,0.585859,209.152,0.543553,0.653309,3.782236,0.456447,0.013693,0.000000,0.489198,0.516375
Worst_WestAfrica,Worst_WestAfrica,60,0.595960,212.758,0.558234,0.662852,3.708831,0.441766,0.013253,0.000000,0.502410,0.530322
Worst_WestAfrica,Worst_WestAfrica,61,0.606061,216.364,0.572814,0.672329,3.635932,0.427186,0.012816,0.000000,0.515532,0.544173
Worst_WestAfrica,Worst_WestAfrica,62,0.616162,219.970,0.587268,0.681724,3.563660,0.412732,0.012382,0.000000,0.528541,0.557905
Worst_WestAfrica,Worst_WestAfrica,63,0.626263,223.576,0.601573,0.691023,3.492133,0.398427,0.011953,0.000000,0.541416,0.571495
Worst_WestAfrica,Worst_WestAfrica,64,0.636364,227.182,0.615708,0.700210,3.421462,0.384292,0.011529,0.000000,0.554137,0.584922
Worst_WestAfrica,Worst_WestAfrica,65,0.646465,230.788,0.629649,0.709272,3.351755,0.370351,0.011111,0.000000,0.566684,0.598167
Worst_WestAfrica,Worst_WestAfrica,66,0.656566,234.394,0.643378,0.718195,3.283112,0.356622,0.010699,0.000000,0.579040,0.611209
Worst_WestAfrica,Worst_WestAfrica,67,0.666667,238.000,0.656875,0.726969,3.215627,0.343125,0.010294,0.000000,0.591187,0.624031
Worst_WestAfrica,Worst_WestAfrica,68,0.676768,241.606,0.670123,0.735580,3.149386,0.329877,0.009896,0.000000,0.603110,0.636617
Worst_WestAfrica,Worst_WestAfrica,69,0.686869,245.212,0.683106,0.744019,3.084469,0.316894,0.009507,0.000000,0.614796,0.648951
Worst_WestAfrica,Worst_WestAfrica,70,0.696970,248.818,0.695810,0.752277,3.020948,0.304190,0.009126,0.000000,0.626229,0.661020
Worst_WestAfrica,Worst_WestAfrica,71,0.707071,252.424,0.708223,0.760345,2.958885,0.291777,0.008753,0.000000,0.637401,0.672812
Worst_WestAfrica,Worst_WestAfrica,72,0.717172,256.030,0.720333,0.768216,2.898337,0.279667,0.008390,0.000000,0.648299,0.684316
Worst_WestAfrica,Worst_WestAfrica,73,0.727273,259.636,0.732130,0.775884,2.839351,0.267870,0.008036,0.000000,0.658917,0.695523
Worst_WestAfrica,Worst_WestAfrica,74,0.737374,263.242,0.743606,0.783344,2.781968,0.256394,0.007692,0.000000,0.669246,0.706426
Worst_WestAfrica,Worst_WestAfrica,75,0.747475,266.848,0.754756,0.790591,2.726220,0.245244,0.007357,0.000000,0.679280,0.717018
Worst_WestAfrica,Worst_WestAfrica,76,0.757576,270.455,0.765574,0.797623,2.672132,0.234426,0.007033,0.000000,0.689016,0.727295
Worst_WestAfrica,Worst_WestAfrica,77,0.767677,274.061,0.776056,0.804436,2.619722,0.223944,0.006718,0.000000,0.698450,0.737253
Worst_WestAfrica,Worst_WestAfrica,78,0.777778,277.667,0.786200,0.811030,2.569000,0.213800,0.006414,0.000000,0.707580,0.746890
Worst_WestAfrica,Worst_WestAfrica,79,0.787879,281.273,0.796005,0.817404,2.519973,0.203995,0.006120,0.000000,0.716405,0.756205
Worst_WestAfrica,Worst_WestAfrica,80,0.797980,284.879,0.805473,0.823557,2.472637,0.194527,0.005836,0.000000,0.724925,0.765199
Worst_WestAfrica,Worst_WestAfrica,81,0.808081,288.485,0.814603,0.829492,2.426987,0.185397,0.005562,0.000000,0.733142,0.773872
Worst_WestAfrica,Worst_WestAfrica,82,0.818182,292.091,0.823398,0.835209,2.383010,0.176602,0.005298,0.000000,0.741058,0.782228
Worst_WestAfrica,Worst_WestAfrica,83,0.828283,295.697,0.831862,0.840711,2.340688,0.168138,0.005044,0.000000,0.748676,0.790269
Worst_WestAfrica,Worst_WestAfrica,84,0.838384,299.303,0.840000,0.846000,2.300000,0.160000,0.004800,0.000000,0.756000,0.798000
Worst_WestAfrica,Worst_WestAfrica,85,0.848485,302.909,0.847816,0.851080,2.260922,0.152184,0.004566,0.000000,0.763034,0.805425
Worst_WestAfrica,Worst_WestAfrica,86,0.858586,306.515,0.855315,0.855955,2.223423,0.144685,0.004341,0.000000,0.769784,0.812550
Worst_WestAfrica,Worst_WestAfrica,87,0.868687,310.121,0.862505,0.860628,2.187473,0.137495,0.004125,0.000000,0.776255,0.819380
Worst_WestAfrica,Worst_WestAfrica,88,0.878788,313.727,0.869393,0.865105,2.153037,0.130607,0.003918,0.000000,0.782453,0.825923
Worst_WestAfrica,Worst_WestAfrica,89,0.888889,317.333,0.875985,0.869390,2.120077,0.124015,0.003720,0.000000,0.788386,0.832185
Worst_WestAfrica,Worst_WestAfrica,90,0.898990,320.939,0.882289,0.873488,2.088556,0.117711,0.003531,0.000000,0.794060,0.838174
Worst_WestAfrica,Worst_WestAfrica,91,0.909091,324.545,0.888313,0.877404,2.058433,0.111687,0.003351,0.000000,0.799482,0.843898
Worst_WestAfrica,Worst_WestAfrica,92,0.919192,328.152,0.894067,0.881143,2.029666,0.105933,0.003178,0.000000,0.804660,0.849363
Worst_WestAfrica,Worst_WestAfrica,93,0.929293,331.758,0.899557,0.884712,2.002214,0.100443,0.003013,0.000000,0.809601,0.854579
Worst_WestAfrica,Worst_WestAfrica,94,0.939394,335.364,0.904793,0.888116,1.976033,0.095207,0.002856,0.000000,0.814314,0.859554
Worst_WestAfrica,Worst_WestAfrica,95,0.949495,338.970,0.909784,0.891360,1.951080,0.090216,0.002706,0.000000,0.818806,0.864295
Worst_WestAfrica,Worst_WestAfrica,96,0.959596,342.576,0.914538,0.894449,1.927312,0.085462,0.002564,0.000000,0.823084,0.868811
Worst_WestAfrica,Worst_WestAfrica,97,0.969697,346.182,0.919063,0.897391,1.904684,0.080937,0.002428,0.000000,0.827157,0.873110
Worst_WestAfrica,Worst_WestAfrica,98,0.979798,349.788,0.923369,0.900190,1.883155,0.076631,0.002299,0.000000,0.831032,0.877201
Worst_WestAfrica,Worst_WestAfrica,99,0.989899,353.394,0.927464,0.902852,1.862680,0.072536,0.002176,0.000000,0.834718,0.881091
Worst_WestAfrica,Worst_WestAfrica,100,1.000000,357.000,0.931356,0.905382,1.843218,0.068644,0.002059,0.000000,0.838221,0.884789
Middle_DRC_NoConflict,Middle_DRC_NoConflict,1,0.000000,0.000,,0.309743,5.780178,0.983582,0.009318,0.000000,0.160525,0.115277
Middle_DRC_NoConflict,Middle_DRC_NoConflict,2,0.010101,1.949,,0.314118,5.731697,0.977015,0.009297,0.000000,0.170826,0.121789
Middle_DRC_NoConflict,Middle_DRC_NoConflict,3,0.020202,3.899,,0.318725,5.680627,0.970160,0.009274,0.000000,0.181764,0.128642
Middle_DRC_NoConflict,Middle_DRC_NoConflict,4,0.030303,5.848,,0.323567,5.626925,0.963008,0.009249,0.000000,0.193341,0.135843
Middle_DRC_NoConflict,Middle_DRC_NoConflict,5,0.040404,7.798,,0.328650,5.570569,0.955549,0.009223,0.000000,0.205552,0.143401
Middle_DRC_NoConflict,Middle_DRC_NoConflict,6,0.050505,9.747,,0.333975,5.511547,0.947776,0.009194,0.000000,0.218384,0.151321
Middle_DRC_NoConflict,Middle_DRC_NoConflict,7,0.060606,11.697,,0.339547,5.449842,0.939679,0.009163,0.000000,0.231818,0.159609
Middle_DRC_NoConflict,Middle_DRC_NoConflict,8,0.070707,13.646,,0.345381,5.385435,0.931252,0.009129,0.000000,0.245829,0.168269
Middle_DRC_NoConflict,Middle_DRC_NoConflict,9,0.080808,15.596,,0.351486,5.318308,0.922486,0.009093,0.000000,0.260382,0.177304
Middle_DRC_NoConflict,Middle_DRC_NoConflict,10,0.090909,17.545,,0.357802,5.248468,0.913376,0.009054,0.000000,0.275444,0.186715
Middle_DRC_NoConflict,Middle_DRC_NoConflict,11,0.101010,19.495,,0.364326,5.175956,0.903916,0.009012,0.000000,0.290970,0.196500
Middle_DRC_NoConflict,Middle_DRC_NoConflict,12,0.111111,21.444,,0.371072,5.100829,0.894101,0.008966,0.000000,0.306893,0.206651
Middle_DRC_NoConflict,Middle_DRC_NoConflict,13,0.121212,23.394,,0.378036,5.023155,0.883928,0.008918,0.000000,0.323129,0.217159
Middle_DRC_NoConflict,Middle_DRC_NoConflict,14,0.131313,25.343,,0.385207,4.943008,0.873395,0.008865,0.000000,0.339614,0.228012
Middle_DRC_NoConflict,Middle_DRC_NoConflict,15,0.141414,27.293,,0.392575,4.860480,0.862500,0.008809,0.000000,0.356282,0.239195
Middle_DRC_NoConflict,Middle_DRC_NoConflict,16,0.151515,29.242,,0.400130,4.775678,0.851243,0.008748,0.000000,0.373071,0.250690
Middle_DRC_NoConflict,Middle_DRC_NoConflict,17,0.161616,31.192,,0.407864,4.688741,0.839626,0.008683,0.000000,0.389920,0.262483
Middle_DRC_NoConflict,Middle_DRC_NoConflict,18,0.171717,33.141,,0.415765,4.599875,0.827650,0.008614,0.000000,0.406765,0.274558
Middle_DRC_NoConflict,Middle_DRC_NoConflict,19,0.181818,35.091,,0.423829,4.509371,0.815320,0.008540,0.000000,0.423523,0.286899
Middle_DRC_NoConflict,Middle_DRC_NoConflict,20,0.191919,37.040,,0.432053,4.417556,0.802645,0.008460,0.000000,0.440114,0.299489
Middle_DRC_NoConflict,Middle_DRC_NoConflict,21,0.202020,38.990,,0.440429,4.324777,0.789633,0.008376,0.000000,0.456455,0.312307
Middle_DRC_NoConflict,Middle_DRC_NoConflict,22,0.212121,40.939,,0.448928,4.231411,0.776297,0.008286,0.000000,0.472453,0.325323
Middle_DRC_NoConflict,Middle_DRC_NoConflict,23,0.222222,42.889,,0.457514,4.137838,0.762654,0.008190,0.000000,0.488069,0.338497
Middle_DRC_NoConflict,Middle_DRC_NoConflict,24,0.232323,44.838,,0.466178,4.044422,0.748724,0.008088,0.000000,0.503291,0.351800
Middle_DRC_NoConflict,Middle_DRC_NoConflict,25,0.242424,46.788,,0.474909,3.951503,0.734531,0.007981,0.000000,0.518113,0.365209
Middle_DRC_NoConflict,Middle_DRC_NoConflict,26,0.252525,48.737,,0.483698,3.859414,0.720102,0.007867,0.000000,0.532538,0.378704
Middle_DRC_NoConflict,Middle_DRC_NoConflict,27,0.262626,50.687,,0.492531,3.768480,0.705468,0.007748,0.000000,0.546572,0.392261
Middle_DRC_NoConflict,Middle_DRC_NoConflict,28,0.272727,52.636,,0.501399,3.678977,0.690664,0.007622,0.000000,0.560221,0.405852
Middle_DRC_NoConflict,Middle_DRC_NoConflict,29,0.282828,54.586,,0.510294,3.591117,0.675723,0.007490,0.000000,0.573491,0.419451
Middle_DRC_NoConflict,Middle_DRC_NoConflict,30,0.292929,56.535,,0.519196,3.505073,0.660685,0.007352,0.000000,0.586387,0.433030
Middle_DRC_NoConflict,Middle_DRC_NoConflict,31,0.303030,58.485,,0.528069,3.420990,0.645591,0.007209,0.000000,0.598913,0.446563
Middle_DRC_NoConflict,Middle_DRC_NoConflict,32,0.313131,60.434,,0.536887,3.338988,0.630483,0.007059,0.000000,0.611076,0.460023
Middle_DRC_NoConflict,Middle_DRC_NoConflict,33,0.323232,62.384,,0.545637,3.259162,0.615406,0.006905,0.000000,0.622880,0.473382
Middle_DRC_NoConflict,Middle_DRC_NoConflict,34,0.333333,64.333,,0.554312,3.181578,0.600406,0.006745,0.000000,0.634330,0.486614
Middle_DRC_NoConflict,Middle_DRC_NoConflict,35,0.343434,66.283,,0.562905,3.106281,0.585529,0.006580,0.000000,0.645433,0.499696
Middle_DRC_NoConflict,Middle_DRC_NoConflict,36,0.353535,68.232,,0.571407,3.033293,0.570820,0.006412,0.000000,0.656192,0.512611
Middle_DRC_NoConflict,Middle_DRC_NoConflict,37,0.363636,70.182,,0.579802,2.962625,0.556324,0.006239,0.000000,0.666610,0.525345
Middle_DRC_NoConflict,Middle_DRC_NoConflict,38,0.373737,72.131,,0.588061,2.894311,0.542082,0.006063,0.000000,0.676691,0.537888
Middle_DRC_NoConflict,Middle_DRC_NoConflict,39,0.383838,74.081,,0.596162,2.828405,0.528129,0.005885,0.000000,0.686437,0.550216
Middle_DRC_NoConflict,Middle_DRC_NoConflict,40,0.393939,76.030,,0.604099,2.764944,0.514501,0.005704,0.000000,0.695849,0.562296
Middle_DRC_NoConflict,Middle_DRC_NoConflict,41,0.404040,77.980,,0.611866,2.703917,0.501225,0.005522,0.000000,0.704930,0.574112
Middle_DRC_NoConflict,Middle_DRC_NoConflict,42,0.414141,79.929,,0.619459,2.645292,0.488326,0.005339,0.000000,0.713682,0.585654
Middle_DRC_NoConflict,Middle_DRC_NoConflict,43,0.424242,81.879,,0.626871,2.589024,0.475823,0.005155,0.000000,0.722107,0.596915
Middle_DRC_NoConflict,Middle_DRC_NoConflict,44,0.434343,83.828,,0.634095,2.535068,0.463731,0.004972,0.000000,0.730212,0.607892
Middle_DRC_NoConflict,Middle_DRC_NoConflict,45,0.444444,85.778,,0.641128,2.483372,0.452062,0.004791,0.000000,0.737999,0.618578
Middle_DRC_NoConflict,Middle_DRC_NoConflict,46,0.454545,87.727,,0.647967,2.433881,0.440822,0.004611,0.000000,0.745476,0.628970
Middle_DRC_NoConflict,Middle_DRC_NoConflict,47,0.464646,89.677,,0.654611,2.386534,0.430017,0.004433,0.000000,0.752649,0.639064
Middle_DRC_NoConflict,Middle_DRC_NoConflict,48,0.474747,91.626,,0.661063,2.341269,0.419645,0.004258,0.000000,0.759524,0.648859
Middle_DRC_NoConflict,Middle_DRC_NoConflict,49,0.484848,93.576,,0.667326,2.298021,0.409706,0.004086,0.000000,0.766110,0.658354
Middle_DRC_NoConflict,Middle_DRC_NoConflict,50,0.494949,95.525,,0.673403,2.256724,0.400192,0.003919,0.000000,0.772413,0.667550
Middle_DRC_NoConflict,Middle_DRC_NoConflict,51,0.505051,97.475,,0.679298,2.217306,0.391095,0.003755,0.000000,0.778442,0.676449
Middle_DRC_NoConflict,Middle_DRC_NoConflict,52,0.515152,99.424,,0.685015,2.179698,0.382411,0.003597,0.000000,0.784205,0.685055
Middle_DRC_NoConflict,Middle_DRC_NoConflict,53,0.525253,101.374,,0.690557,2.143826,0.374138,0.003444,0.000000,0.789710,0.693370
Middle_DRC_NoConflict,Middle_DRC_NoConflict,54,0.535354,103.323,,0.695925,2.109618,0.366272,0.003296,0.000000,0.794965,0.701398
Middle_DRC_NoConflict,Middle_DRC_NoConflict,55,0.545455,105.273,,0.701124,2.077004,0.358804,0.003153,0.000000,0.799979,0.709143
Middle_DRC_NoConflict,Middle_DRC_NoConflict,56,0.555556,107.222,,0.706158,2.045915,0.351717,0.003017,0.000000,0.804761,0.716612
Middle_DRC_NoConflict,Middle_DRC_NoConflict,57,0.565657,109.172,,0.711032,2.016284,0.344997,0.002886,0.000000,0.809320,0.723809
Middle_DRC_NoConflict,Middle_DRC_NoConflict,58,0.575758,111.121,,0.715751,1.988046,0.338628,0.002762,0.000000,0.813666,0.730743
Middle_DRC_NoConflict,Middle_DRC_NoConflict,59,0.585859,113.071,,0.720319,1.961140,0.332595,0.002643,0.000000,0.817807,0.737419
Middle_DRC_NoConflict,Middle_DRC_NoConflict,60,0.595960,115.020,,0.724741,1.935505,0.326885,0.002531,0.000000,0.821754,0.743846
Middle_DRC_NoConflict,Middle_DRC_NoConflict,61,0.606061,116.970,,0.729025,1.911084,0.321482,0.002424,0.000000,0.825515,0.750030
Middle_DRC_NoConflict,Middle_DRC_NoConflict,62,0.616162,118.919,,0.733179,1.887824,0.316372,0.002323,0.000000,0.829097,0.755978
Middle_DRC_NoConflict,Middle_DRC_NoConflict,63,0.626263,120.869,,0.737210,1.865670,0.311542,0.002228,0.000000,0.832511,0.761694
Middle_DRC_NoConflict,Middle_DRC_NoConflict,64,0.636364,122.818,,0.741121,1.844575,0.306977,0.002139,0.000000,0.835763,0.767185
Middle_DRC_NoConflict,Middle_DRC_NoConflict,65,0.646465,124.768,,0.744914,1.824490,0.302665,0.002054,0.000000,0.838861,0.772456
Middle_DRC_NoConflict,Middle_DRC_NoConflict,66,0.656566,126.717,,0.748587,1.805369,0.298592,0.001975,0.000000,0.841812,0.777514
Middle_DRC_NoConflict,Middle_DRC_NoConflict,67,0.666667,128.667,,0.752143,1.787167,0.294745,0.001901,0.000000,0.844622,0.782368
Middle_DRC_NoConflict,Middle_DRC_NoConflict,68,0.676768,130.616,,0.755586,1.769842,0.291113,0.001832,0.000000,0.847300,0.787025
Middle_DRC_NoConflict,Middle_DRC_NoConflict,69,0.686869,132.566,,0.758922,1.753351,0.287684,0.001767,0.000000,0.849850,0.791492
Middle_DRC_NoConflict,Middle_DRC_NoConflict,70,0.696970,134.515,,0.762157,1.737655,0.284447,0.001707,0.000000,0.852278,0.795777
Middle_DRC_NoConflict,Middle_DRC_NoConflict,71,0.707071,136.465,,0.765299,1.722713,0.281391,0.001651,0.000000,0.854590,0.799886
Middle_DRC_NoConflict,Middle_DRC_NoConflict,72,0.717172,138.414,,0.768352,1.708487,0.278506,0.001598,0.000000,0.856791,0.803828
Middle_DRC_NoConflict,Middle_DRC_NoConflict,73,0.727273,140.364,,0.771322,1.694941,0.275783,0.001549,0.000000,0.858886,0.807607
Middle_DRC_NoConflict,Middle_DRC_NoConflict,74,0.737374,142.313,,0.774213,1.682042,0.273212,0.001504,0.000000,0.860879,0.811231
Middle_DRC_NoConflict,Middle_DRC_NoConflict,75,0.747475,144.263,,0.777029,1.669755,0.270785,0.001462,0.000000,0.862775,0.814706
Middle_DRC_NoConflict,Middle_DRC_NoConflict,76,0.757576,146.212,,0.779774,1.658050,0.268494,0.001423,0.000000,0.864578,0.818037
Middle_DRC_NoConflict,Middle_DRC_NoConflict,77,0.767677,148.162,,0.782451,1.646897,0.266330,0.001386,0.000000,0.866292,0.821230
Middle_DRC_NoConflict,Middle_DRC_NoConflict,78,0.777778,150.111,,0.785065,1.636270,0.264286,0.001353,0.000000,0.867922,0.824290
Middle_DRC_NoConflict,Middle_DRC_NoConflict,79,0.787879,152.061,,0.787619,1.626140,0.262356,0.001322,0.000000,0.869473,0.827222
Middle_DRC_NoConflict,Middle_DRC_NoConflict,80,0.797980,154.010,,0.790115,1.616485,0.260533,0.001293,0.000000,0.870947,0.830030
Middle_DRC_NoConflict,Middle_DRC_NoConflict,81,0.808081,155.960,,0.792556,1.607279,0.258810,0.001266,0.000000,0.872349,0.832721
Middle_DRC_NoConflict,Middle_DRC_NoConflict,82,0.818182,157.909,,0.794945,1.598501,0.257183,0.001241,0.000000,0.873682,0.835296
Middle_DRC_NoConflict,Middle_DRC_NoConflict,83,0.828283,159.859,,0.797281,1.590131,0.255644,0.001218,0.000000,0.874950,0.837762
Middle_DRC_NoConflict,Middle_DRC_NoConflict,84,0.838384,161.808,,0.799567,1.582147,0.254190,0.001197,0.000000,0.876157,0.840121
Middle_DRC_NoConflict,Middle_DRC_NoConflict,85,0.848485,163.758,,0.801800,1.574530,0.252815,0.001177,0.000000,0.877305,0.842378
Middle_DRC_NoConflict,Middle_DRC_NoConflict,86,0.858586,165.707,,0.803979,1.567264,0.251515,0.001159,0.000000,0.878398,0.844536
Middle_DRC_NoConflict,Middle_DRC_NoConflict,87,0.868687,167.657,,0.806102,1.560330,0.250285,0.001142,0.000000,0.879438,0.846599
Middle_DRC_NoConflict,Middle_DRC_NoConflict,88,0.878788,169.606,,0.808167,1.553712,0.249122,0.001127,0.000000,0.880428,0.848570
Middle_DRC_NoConflict,Middle_DRC_NoConflict,89,0.888889,171.556,,0.810170,1.547395,0.248021,0.001113,0.000000,0.881371,0.850453
Middle_DRC_NoConflict,Middle_DRC_NoConflict,90,0.898990,173.505,,0.812110,1.541363,0.246979,0.001099,0.000000,0.882269,0.852252
Middle_DRC_NoConflict,Middle_DRC_NoConflict,91,0.909091,175.455,,0.813985,1.535603,0.245992,0.001087,0.000000,0.883125,0.853969
Middle_DRC_NoConflict,Middle_DRC_NoConflict,92,0.919192,177.404,,0.815794,1.530102,0.245058,0.001076,0.000000,0.883939,0.855607
Middle_DRC_NoConflict,Middle_DRC_NoConflict,93,0.929293,179.354,,0.817537,1.524847,0.244173,0.001065,0.000000,0.884716,0.857171
Middle_DRC_NoConflict,Middle_DRC_NoConflict,94,0.939394,181.303,,0.819212,1.519825,0.243335,0.001055,0.000000,0.885456,0.858662
Middle_DRC_NoConflict,Middle_DRC_NoConflict,95,0.949495,183.253,,0.820821,1.515026,0.242540,0.001046,0.000000,0.886161,0.860084
Middle_DRC_NoConflict,Middle_DRC_NoConflict,96,0.959596,185.202,,0.822364,1.510438,0.241787,0.001038,0.000000,0.886834,0.861439
Middle_DRC_NoConflict,Middle_DRC_NoConflict,97,0.969697,187.152,,0.823842,1.506051,0.241073,0.001030,0.000000,0.887475,0.862731
Middle_DRC_NoConflict,Middle_DRC_NoConflict,98,0.979798,189.101,,0.825255,1.501855,0.240396,0.001023,0.000000,0.888087,0.863962
Middle_DRC_NoConflict,Middle_DRC_NoConflict,99,0.989899,191.051,,0.826605,1.497841,0.239754,0.001016,0.000000,0.888670,0.865134
Middle_DRC_NoConflict,Middle_DRC_NoConflict,100,1.000000,193.000,,0.827894,1.494001,0.239145,0.001010,0.000000,0.889227,0.866251
Middle_DRC_ConflictSmoothed,Middle_DRC_ConflictSmoothed,1,0.000000,0.000,0.000000,0.311595,5.884485,1.000000,0.009248,0.000000,0.143887,0.071388
Middle_DRC_ConflictSmoothed,Middle_DRC_ConflictSmoothed,2,0.004016,1.835,0.000000,0.311595,5.884485,1.000000,0.009248,0.000000,0.143887,0.071388
Middle_DRC_ConflictSmoothed,Middle_DRC_ConflictSmoothed,3,0.006565,3.000,0.000000,0.311595,5.884485,1.000000,0.009248,0.000000,0.143887,0.071388
Middle_DRC_ConflictSmoothed,Middle_DRC_ConflictSmoothed,4,0.008032,3.671,0.000000,0.311595,5.884485,1.000000,0.009248,0.000000,0.143887,0.071388
Middle_DRC_ConflictSmoothed,Middle_DRC_ConflictSmoothed,5,0.012048,5.506,0.000000,0.311595,5.884485,1.000000,0.009248,0.000000,0.143887,0.071388
Middle_DRC_ConflictSmoothed,Middle_DRC_ConflictSmoothed,6,0.016064,7.341,0.000000,0.311595,5.884485,1.000000,0.009248,0.000000,0.143887,0.071388
Middle_DRC_ConflictSmoothed,Middle_DRC_ConflictSmoothed,7,0.020080,9.177,0.000000,0.311595,5.884485,1.000000,0.009248,0.000000,0.143887,0.071388
Middle_DRC_ConflictSmoothed,Middle_DRC_ConflictSmoothed,8,0.021882,10.000,0.000000,0.311595,5.884485,1.000000,0.009248,0.000000,0.143887,0.071388
Middle_DRC_ConflictSmoothed,Middle_DRC_ConflictSmoothed,9,0.024096,11.012,0.000000,0.311595,5.884485,1.000000,0.009248,0.000000,0.143887,0.071388
Middle_DRC_ConflictSmoothed,Middle_DRC_ConflictSmoothed,10,0.028112,12.847,0.000000,0.311595,5.884485,1.000000,0.009248,0.000000,0.143887,0.071388
Middle_DRC_ConflictSmoothed,Middle_DRC_ConflictSmoothed,11,0.032129,14.683,0.000000,0.311595,5.884485,1.000000,0.009248,0.000000,0.143887,0.071388
Middle_DRC_ConflictSmoothed,Middle_DRC_ConflictSmoothed,12,0.036145,16.518,0.000000,0.311595,5.884485,1.000000,0.009248,0.000000,0.143887,0.071388
Middle_DRC_ConflictSmoothed,Middle_DRC_ConflictSmoothed,13,0.037199,17.000,0.000000,0.311595,5.884485,1.000000,0.009248,0.000000,0.143887,0.071388
Middle_DRC_ConflictSmoothed,Middle_DRC_ConflictSmoothed,14,0.040161,18.353,0.014185,0.318054,5.825441,0.989259,0.009129,0.000000,0.154009,0.080953
Middle_DRC_ConflictSmoothed,Middle_DRC_ConflictSmoothed,15,0.044177,20.189,0.033420,0.326813,5.745373,0.974692,0.008968,0.000000,0.167736,0.093925
Middle_DRC_ConflictSmoothed,Middle_DRC_ConflictSmoothed,16,0.048193,22.024,0.052656,0.335572,5.665304,0.960126,0.008806,0.000000,0.181463,0.106896
Middle_DRC_ConflictSmoothed,Middle_DRC_ConflictSmoothed,17,0.052209,23.859,0.071891,0.344331,5.585236,0.945560,0.008645,0.000000,0.195190,0.119868
Middle_DRC_ConflictSmoothed,Middle_DRC_ConflictSmoothed,18,0.052516,24.000,0.073365,0.345002,5.579104,0.944444,0.008632,0.000000,0.196242,0.120861
Middle_DRC_ConflictSmoothed,Middle_DRC_ConflictSmoothed,19,0.056225,25.695,0.080025,0.348035,5.551378,0.939400,0.008576,0.000000,0.200995,0.125353
Middle_DRC_ConflictSmoothed,Middle_DRC_ConflictSmoothed,20,0.060241,27.530,0.087239,0.351320,5.521352,0.933938,0.008516,0.000000,0.206143,0.130218
Middle_DRC_ConflictSmoothed,Middle_DRC_ConflictSmoothed,21,0.064257,29.365,0.094452,0.354604,5.491326,0.928476,0.008455,0.000000,0.211290,0.135082
Middle_DRC_ConflictSmoothed,Middle_DRC_ConflictSmoothed,22,0.067834,31.000,0.100876,0.357530,5.464586,0.923611,0.008401,0.000000,0.215875,0.139414
Middle_DRC_ConflictSmoothed,Middle_DRC_ConflictSmoothed,23,0.068273,31.201,0.100876,0.357530,5.464586,0.923611,0.008401,0.000000,0.215875,0.139414
Middle_DRC_ConflictSmoothed,Middle_DRC_ConflictSmoothed,24,0.072289,33.036,0.100876,0.357530,5.464586,0.923611,0.008401,0.000000,0.215875,0.139414
Middle_DRC_ConflictSmoothed,Middle_DRC_ConflictSmoothed,25,0.076305,34.871,0.100876,0.357530,5.464586,0.923611,0.008401,0.000000,0.215875,0.139414
Middle_DRC_ConflictSmoothed,Middle_DRC_ConflictSmoothed,26,0.080321,36.707,0.100876,0.357530,5.464586,0.923611,0.008401,0.000000,0.215875,0.139414
Middle_DRC_ConflictSmoothed,Middle_DRC_ConflictSmoothed,27,0.083151,38.000,0.100876,0.357530,5.464586,0.923611,0.008401,0.000000,0.215875,0.139414
Middle_DRC_ConflictSmoothed,Middle_DRC_ConflictSmoothed,28,0.084337,38.542,0.100876,0.357530,5.464586,0.923611,0.008401,0.000000,0.215875,0.139414
Middle_DRC_ConflictSmoothed,Middle_DRC_ConflictSmoothed,29,0.088353,40.378,0.100876,0.357530,5.464586,0.923611,0.008401,0.000000,0.215875,0.139414
Middle_DRC_ConflictSmoothed,Middle_DRC_ConflictSmoothed,30,0.092369,42.213,0.100876,0.357530,5.464586,0.923611,0.008401,0.000000,0.215875,0.139414
Middle_DRC_ConflictSmoothed,Middle_DRC_ConflictSmoothed,31,0.096386,44.048,0.100876,0.357530,5.464586,0.923611,0.008401,0.000000,0.215875,0.139414
Middle_DRC_ConflictSmoothed,Middle_DRC_ConflictSmoothed,32,0.098468,45.000,0.100876,0.357530,5.464586,0.923611,0.008401,0.000000,0.215875,0.139414
Middle_DRC_ConflictSmoothed,Middle_DRC_ConflictSmoothed,33,0.100402,45.884,0.091616,0.353313,5.503131,0.930623,0.008479,0.000000,0.209266,0.133170
Middle_DRC_ConflictSmoothed,Middle_DRC_ConflictSmoothed,34,0.104418,47.719,0.072381,0.344554,5.583199,0.945189,0.008640,0.000000,0.195539,0.120198
Middle_DRC_ConflictSmoothed,Middle_DRC_ConflictSmoothed,35,0.108434,49.554,0.053145,0.335795,5.663268,0.959756,0.008802,0.000000,0.181812,0.107226
Middle_DRC_ConflictSmoothed,Middle_DRC_ConflictSmoothed,36,0.112450,51.390,0.033910,0.327036,5.743336,0.974322,0.008964,0.000000,0.168085,0.094255
Middle_DRC_ConflictSmoothed,Middle_DRC_ConflictSmoothed,37,0.113786,52.000,0.027512,0.324122,5.769967,0.979167,0.009017,0.000000,0.163520,0.089940
Middle_DRC_ConflictSmoothed,Middle_DRC_ConflictSmoothed,38,0.116466,53.225,0.022698,0.321930,5.790006,0.982812,0.009058,0.000000,0.160084,0.086694
Middle_DRC_ConflictSmoothed,Middle_DRC_ConflictSmoothed,39,0.120482,55.060,0.015484,0.318646,5.820032,0.988275,0.009118,0.000000,0.154937,0.081830
Middle_DRC_ConflictSmoothed,Middle_DRC_ConflictSmoothed,40,0.124498,56.896,0.008271,0.315361,5.850058,0.993737,0.009179,0.000000,0.149789,0.076965
Middle_DRC_ConflictSmoothed,Middle_DRC_ConflictSmoothed,41,0.128514,58.731,0.001058,0.312076,5.880083,0.999199,0.009240,0.000000,0.144641,0.072101
Middle_DRC_ConflictSmoothed,Middle_DRC_ConflictSmoothed,42,0.129103,59.000,0.000000,0.311595,5.884485,1.000000,0.009248,0.000000,0.143887,0.071388
Middle_DRC_ConflictSmoothed,Middle_DRC_ConflictSmoothed,43,0.132530,60.566,0.051709,0.335141,5.669246,0.960843,0.008814,0.000000,0.180787,0.106258
Middle_DRC_ConflictSmoothed,Middle_DRC_ConflictSmoothed,44,0.136546,62.402,0.112301,0.362732,5.417031,0.914960,0.008305,0.000000,0.224028,0.147118
Middle_DRC_ConflictSmoothed,Middle_DRC_ConflictSmoothed,45,0.140562,64.237,0.172893,0.390323,5.164815,0.869076,0.007796,0.000000,0.267268,0.187979
Middle_DRC_ConflictSmoothed,Middle_DRC_ConflictSmoothed,46,0.144420,66.000,0.231098,0.416827,4.922533,0.825000,0.007307,0.000000,0.308805,0.227230
Middle_DRC_ConflictSmoothed,Middle_DRC_ConflictSmoothed,47,0.144578,66.072,0.232560,0.417492,4.916451,0.823894,0.007295,0.000000,0.309847,0.228215
Middle_DRC_ConflictSmoothed,Middle_DRC_ConflictSmoothed,48,0.148594,67.908,0.269657,0.434385,4.762033,0.795802,0.006983,0.000000,0.336321,0.253232
Middle_DRC_ConflictSmoothed,Middle_DRC_ConflictSmoothed,49,0.152610,69.743,0.306754,0.451277,4.607615,0.767710,0.006672,0.000000,0.362794,0.278249
Middle_DRC_ConflictSmoothed,Middle_DRC_ConflictSmoothed,50,0.156627,71.578,0.343851,0.468170,4.453197,0.739618,0.006360,0.000000,0.389268,0.303266
Middle_DRC_ConflictSmoothed,Middle_DRC_ConflictSmoothed,51,0.159737,73.000,0.372587,0.481255,4.333583,0.717857,0.006119,0.000000,0.409775,0.322644
Middle_DRC_ConflictSmoothed,Middle_DRC_ConflictSmoothed,52,0.160643,73.414,0.385593,0.487178,4.279444,0.708008,0.006010,0.000000,0.419056,0.331415
Middle_DRC_ConflictSmoothed,Middle_DRC_ConflictSmoothed,53,0.164659,75.249,0.443300,0.513455,4.039239,0.664310,0.005525,0.000000,0.460237,0.370329
Middle_DRC_ConflictSmoothed,Middle_DRC_ConflictSmoothed,54,0.168675,77.084,0.501007,0.539732,3.799033,0.620611,0.005040,0.000000,0.501418,0.409244
Middle_DRC_ConflictSmoothed,Middle_DRC_ConflictSmoothed,55,0.172691,78.920,0.558714,0.566009,3.558828,0.576912,0.004555,0.000000,0.542599,0.448159
Middle_DRC_ConflictSmoothed,Middle_DRC_ConflictSmoothed,56,0.175055,80.000,0.592681,0.581476,3.417437,0.551190,0.004270,0.000000,0.566840,0.471065
Middle_DRC_ConflictSmoothed,Middle_DRC_ConflictSmoothed,57,0.176707,80.755,0.622355,0.594989,3.293918,0.528720,0.004021,0.000000,0.588016,0.491076
Middle_DRC_ConflictSmoothed,Middle_DRC_ConflictSmoothed,58,0.180723,82.590,0.694489,0.627835,2.993661,0.474096,0.003415,0.000000,0.639492,0.539720
Middle_DRC_ConflictSmoothed,Middle_DRC_ConflictSmoothed,59,0.184739,84.426,0.766622,0.660682,2.693404,0.419473,0.002809,0.000000,0.690968,0.588363
Middle_DRC_ConflictSmoothed,Middle_DRC_ConflictSmoothed,60,0.188755,86.261,0.838755,0.693528,2.393147,0.364850,0.002203,0.000000,0.742445,0.637007
Middle_DRC_ConflictSmoothed,Middle_DRC_ConflictSmoothed,61,0.190372,87.000,0.867798,0.706753,2.272256,0.342857,0.001959,0.000000,0.763170,0.656592
Middle_DRC_ConflictSmoothed,Middle_DRC_ConflictSmoothed,62,0.192771,88.096,0.853703,0.700335,2.330926,0.353530,0.002078,0.000000,0.753112,0.647087
Middle_DRC_ConflictSmoothed,Middle_DRC_ConflictSmoothed,63,0.196787,89.932,0.830109,0.689591,2.429139,0.371398,0.002276,0.000000,0.736274,0.631176
Middle_DRC_ConflictSmoothed,Middle_DRC_ConflictSmoothed,64,0.200803,91.767,0.806514,0.678847,2.527352,0.389265,0.002474,0.000000,0.719436,0.615265
Middle_DRC_ConflictSmoothed,Middle_DRC_ConflictSmoothed,65,0.204819,93.602,0.782920,0.668103,2.625565,0.407132,0.002672,0.000000,0.702599,0.599354
Middle_DRC_ConflictSmoothed,Middle_DRC_ConflictSmoothed,66,0.205689,94.000,0.777808,0.665775,2.646841,0.411002,0.002715,0.000000,0.698951,0.595907
Middle_DRC_ConflictSmoothed,Middle_DRC_ConflictSmoothed,67,0.208835,95.438,0.797216,0.674613,2.566055,0.396306,0.002552,0.000000,0.712801,0.608995
Middle_DRC_ConflictSmoothed,Middle_DRC_ConflictSmoothed,68,0.212851,97.273,0.821991,0.685894,2.462928,0.377545,0.002344,0.000000,0.730481,0.625702
Middle_DRC_ConflictSmoothed,Middle_DRC_ConflictSmoothed,69,0.216867,99.108,0.846766,0.697176,2.359802,0.358784,0.002136,0.000000,0.748161,0.642409
Middle_DRC_ConflictSmoothed,Middle_DRC_ConflictSmoothed,70,0.220884,100.944,0.871541,0.708457,2.256675,0.340023,0.001928,0.000000,0.765842,0.659116
Middle_DRC_ConflictSmoothed,Middle_DRC_ConflictSmoothed,71,0.221007,101.000,0.872300,0.708803,2.253516,0.339448,0.001921,0.000000,0.766383,0.659628
Middle_DRC_ConflictSmoothed,Middle_DRC_ConflictSmoothed,72,0.224900,102.779,0.876331,0.710639,2.236737,0.336396,0.001887,0.000000,0.769260,0.662346
Middle_DRC_ConflictSmoothed,Middle_DRC_ConflictSmoothed,73,0.228916,104.614,0.880489,0.712532,2.219429,0.333247,0.001853,0.000000,0.772227,0.665150
Middle_DRC_ConflictSmoothed,Middle_DRC_ConflictSmoothed,74,0.232932,106.450,0.884648,0.714426,2.202120,0.330098,0.001818,0.000000,0.775195,0.667954
Middle_DRC_ConflictSmoothed,Middle_DRC_ConflictSmoothed,75,0.236324,108.000,0.888160,0.716025,2.187500,0.327438,0.001788,0.000000,0.777701,0.670323
Middle_DRC_ConflictSmoothed,Middle_DRC_ConflictSmoothed,76,0.236948,108.285,0.886367,0.715208,2.194964,0.328796,0.001803,0.000000,0.776421,0.669114
Middle_DRC_ConflictSmoothed,Middle_DRC_ConflictSmoothed,77,0.240964,110.120,0.874826,0.709953,2.243005,0.337536,0.001900,0.000000,0.768185,0.661331
Middle_DRC_ConflictSmoothed,Middle_DRC_ConflictSmoothed,78,0.244980,111.956,0.863284,0.704697,2.291046,0.346275,0.001997,0.000000,0.759949,0.653548
Middle_DRC_ConflictSmoothed,Middle_DRC_ConflictSmoothed,79,0.248996,113.791,0.851743,0.699442,2.339087,0.355015,0.002094,0.000000,0.751713,0.645765
Middle_DRC_ConflictSmoothed,Middle_DRC_ConflictSmoothed,80,0.251641,115.000,0.844141,0.695981,2.370729,0.360772,0.002158,0.000000,0.746288,0.640639
Middle_DRC_ConflictSmoothed,Middle_DRC_ConflictSmoothed,81,0.253012,115.627,0.844229,0.696020,2.370365,0.360705,0.002157,0.000000,0.746351,0.640698
Middle_DRC_ConflictSmoothed,Middle_DRC_ConflictSmoothed,82,0.257028,117.462,0.844485,0.696137,2.369298,0.360511,0.002155,0.000000,0.746533,0.640870
Middle_DRC_ConflictSmoothed,Middle_DRC_ConflictSmoothed,83,0.261044,119.297,0.844741,0.696254,2.368231,0.360317,0.002153,0.000000,0.746716,0.641043
Middle_DRC_ConflictSmoothed,Middle_DRC_ConflictSmoothed,84,0.265060,121.133,0.844997,0.696370,2.367165,0.360123,0.002151,0.000000,0.746899,0.641216
Middle_DRC_ConflictSmoothed,Middle_DRC_ConflictSmoothed,85,0.266958,122.000,0.845119,0.696426,2.366661,0.360031,0.002150,0.000000,0.746986,0.641298
Middle_DRC_ConflictSmoothed,Middle_DRC_ConflictSmoothed,86,0.269076,122.968,0.849498,0.698420,2.348429,0.356715,0.002113,0.000000,0.750111,0.644251
Middle_DRC_ConflictSmoothed,Middle_DRC_ConflictSmoothed,87,0.273092,124.803,0.857804,0.702202,2.313857,0.350425,0.002043,0.000000,0.756038,0.649852
Middle_DRC_ConflictSmoothed,Middle_DRC_ConflictSmoothed,88,0.277108,126.639,0.866109,0.705984,2.279285,0.344136,0.001973,0.000000,0.761965,0.655453
Middle_DRC_ConflictSmoothed,Middle_DRC_ConflictSmoothed,89,0.281124,128.474,0.874415,0.709766,2.244714,0.337847,0.001904,0.000000,0.767892,0.661054
Middle_DRC_ConflictSmoothed,Middle_DRC_ConflictSmoothed,90,0.282276,129.000,0.876796,0.710850,2.234803,0.336044,0.001884,0.000000,0.769591,0.662659
Middle_DRC_ConflictSmoothed,Middle_DRC_ConflictSmoothed,91,0.285141,130.309,0.882244,0.713331,2.212126,0.331918,0.001838,0.000000,0.773479,0.666333
Middle_DRC_ConflictSmoothed,Middle_DRC_ConflictSmoothed,92,0.289157,132.145,0.889881,0.716808,2.180337,0.326135,0.001774,0.000000,0.778929,0.671483
Middle_DRC_ConflictSmoothed,Middle_DRC_ConflictSmoothed,93,0.293173,133.980,0.897518,0.720286,2.148547,0.320352,0.001709,0.000000,0.784379,0.676634
Middle_DRC_ConflictSmoothed,Middle_DRC_ConflictSmoothed,94,0.297189,135.815,0.905155,0.723764,2.116757,0.314569,0.001645,0.000000,0.789829,0.681784
Middle_DRC_ConflictSmoothed,Middle_DRC_ConflictSmoothed,95,0.297593,136.000,0.905924,0.724114,2.113557,0.313986,0.001639,0.000000,0.790378,0.682302
Middle_DRC_ConflictSmoothed,Middle_DRC_ConflictSmoothed,96,0.301205,137.651,0.911566,0.726683,2.090071,0.309714,0.001591,0.000000,0.794404,0.686107
Middle_DRC_ConflictSmoothed,Middle_DRC_ConflictSmoothed,97,0.305221,139.486,0.917840,0.729540,2.063955,0.304963,0.001539,0.000000,0.798882,0.690338
Middle_DRC_ConflictSmoothed,Middle_DRC_ConflictSmoothed,98,0.309237,141.321,0.924114,0.732397,2.037840,0.300212,0.001486,0.000000,0.803359,0.694569
Middle_DRC_ConflictSmoothed,Middle_DRC_ConflictSmoothed,99,0.312910,143.000,0.929853,0.735010,2.013953,0.295866,0.001438,0.000000,0.807454,0.698439
Middle_DRC_ConflictSmoothed,Middle_DRC_ConflictSmoothed,100,0.313253,143.157,0.931422,0.735725,2.007420,0.294678,0.001425,0.000000,0.808574,0.699497
Middle_DRC_ConflictSmoothed,Middle_DRC_ConflictSmoothed,101,0.317269,144.992,0.949814,0.744100,1.930863,0.280750,0.001270,0.000000,0.821699,0.711900
Middle_DRC_ConflictSmoothed,Middle_DRC_ConflictSmoothed,102,0.321285,146.827,0.968206,0.752475,1.854305,0.266823,0.001116,0.000000,0.834824,0.724303
Middle_DRC_ConflictSmoothed,Middle_DRC_ConflictSmoothed,103,0.325301,148.663,0.986598,0.760850,1.777748,0.252895,0.000961,0.000000,0.847949,0.736705
Middle_DRC_ConflictSmoothed,Middle_DRC_ConflictSmoothed,104,0.328228,150.000,1.000000,0.766952,1.721963,0.242747,0.000849,0.000000,0.857513,0.745743
Middle_DRC_ConflictSmoothed,Middle_DRC_ConflictSmoothed,105,0.329317,150.498,0.998598,0.766314,1.727799,0.243809,0.000860,0.000000,0.856513,0.744797
Middle_DRC_ConflictSmoothed,Middle_DRC_ConflictSmoothed,106,0.333333,152.333,0.993431,0.763961,1.749308,0.247722,0.000904,0.000000,0.852825,0.741313
Middle_DRC_ConflictSmoothed,Middle_DRC_ConflictSmoothed,107,0.337349,154.169,0.988264,0.761608,1.770816,0.251634,0.000947,0.000000,0.849138,0.737828
Middle_DRC_ConflictSmoothed,Middle_DRC_ConflictSmoothed,108,0.341365,156.004,0.983096,0.759255,1.792325,0.255547,0.000991,0.000000,0.845450,0.734344
Middle_DRC_ConflictSmoothed,Middle_DRC_ConflictSmoothed,109,0.343545,157.000,0.980292,0.757978,1.803997,0.257671,0.001014,0.000000,0.843449,0.732453
Middle_DRC_ConflictSmoothed,Middle_DRC_ConflictSmoothed,110,0.345382,157.839,0.974783,0.755469,1.826930,0.261843,0.001060,0.000000,0.839517,0.728738
Middle_DRC_ConflictSmoothed,Middle_DRC_ConflictSmoothed,111,0.349398,159.675,0.962736,0.749984,1.877075,0.270965,0.001162,0.000000,0.830921,0.720614
Middle_DRC_ConflictSmoothed,Middle_DRC_ConflictSmoothed,112,0.353414,161.510,0.950689,0.744498,1.927220,0.280088,0.001263,0.000000,0.822324,0.712490
Middle_DRC_ConflictSmoothed,Middle_DRC_ConflictSmoothed,113,0.357430,163.345,0.938643,0.739013,1.977364,0.289210,0.001364,0.000000,0.813727,0.704366
Middle_DRC_ConflictSmoothed,Middle_DRC_ConflictSmoothed,114,0.358862,164.000,0.934346,0.737056,1.995250,0.292464,0.001400,0.000000,0.810661,0.701469
Middle_DRC_ConflictSmoothed,Middle_DRC_ConflictSmoothed,115,0.361446,165.181,0.931042,0.735551,2.009003,0.294966,0.001428,0.000000,0.808303,0.699241
Middle_DRC_ConflictSmoothed,Middle_DRC_ConflictSmoothed,116,0.365462,167.016,0.925906,0.733213,2.030381,0.298855,0.001471,0.000000,0.804638,0.695777
Middle_DRC_ConflictSmoothed,Middle_DRC_ConflictSmoothed,117,0.369478,168.851,0.920770,0.730874,2.051759,0.302744,0.001514,0.000000,0.800973,0.692314
Middle_DRC_ConflictSmoothed,Middle_DRC_ConflictSmoothed,118,0.373494,170.687,0.915634,0.728536,2.073137,0.306633,0.001557,0.000000,0.797308,0.688851
Middle_DRC_ConflictSmoothed,Middle_DRC_ConflictSmoothed,119,0.374179,171.000,0.914758,0.728136,2.076785,0.307297,0.001565,0.000000,0.796682,0.688259
Middle_DRC_ConflictSmoothed,Middle_DRC_ConflictSmoothed,120,0.377510,172.522,0.916696,0.729019,2.068719,0.305829,0.001548,0.000000,0.798065,0.689566
Middle_DRC_ConflictSmoothed,Middle_DRC_ConflictSmoothed,121,0.381526,174.357,0.919033,0.730083,2.058992,0.304060,0.001529,0.000000,0.799733,0.691142
Middle_DRC_ConflictSmoothed,Middle_DRC_ConflictSmoothed,122,0.385542,176.193,0.921369,0.731147,2.049265,0.302290,0.001509,0.000000,0.801400,0.692718
Middle_DRC_ConflictSmoothed,Middle_DRC_ConflictSmoothed,123,0.389497,178.000,0.923670,0.732195,2.039687,0.300548,0.001490,0.000000,0.803042,0.694270
Middle_DRC_ConflictSmoothed,Middle_DRC_ConflictSmoothed,124,0.389558,178.028,0.923509,0.732121,2.040357,0.300670,0.001491,0.000000,0.802927,0.694161
Middle_DRC_ConflictSmoothed,Middle_DRC_ConflictSmoothed,125,0.393574,179.863,0.913000,0.727336,2.084104,0.308628,0.001579,0.000000,0.795427,0.687074
Middle_DRC_ConflictSmoothed,Middle_DRC_ConflictSmoothed,126,0.397590,181.699,0.902490,0.722550,2.127851,0.316587,0.001668,0.000000,0.787927,0.679986
Middle_DRC_ConflictSmoothed,Middle_DRC_ConflictSmoothed,127,0.401606,183.534,0.891980,0.717764,2.171597,0.324545,0.001756,0.000000,0.780427,0.672899
Middle_DRC_ConflictSmoothed,Middle_DRC_ConflictSmoothed,128,0.404814,185.000,0.883586,0.713942,2.206537,0.330902,0.001827,0.000000,0.774437,0.667239
Middle_DRC_ConflictSmoothed,Middle_DRC_ConflictSmoothed,129,0.405622,185.369,0.882349,0.713379,2.211688,0.331839,0.001837,0.000000,0.773554,0.666404
Middle_DRC_ConflictSmoothed,Middle_DRC_ConflictSmoothed,130,0.409639,187.205,0.876202,0.710580,2.237276,0.336493,0.001889,0.000000,0.769167,0.662259
Middle_DRC_ConflictSmoothed,Middle_DRC_ConflictSmoothed,131,0.413655,189.040,0.870055,0.707781,2.262863,0.341148,0.001940,0.000000,0.764781,0.658114
Middle_DRC_ConflictSmoothed,Middle_DRC_ConflictSmoothed,132,0.417671,190.876,0.863908,0.704981,2.288450,0.345803,0.001992,0.000000,0.760394,0.653968
Middle_DRC_ConflictSmoothed,Middle_DRC_ConflictSmoothed,133,0.420131,192.000,0.860142,0.703266,2.304127,0.348655,0.002023,0.000000,0.757706,0.651429
Middle_DRC_ConflictSmoothed,Middle_DRC_ConflictSmoothed,134,0.421687,192.711,0.856175,0.701460,2.320637,0.351659,0.002057,0.000000,0.754876,0.648754
Middle_DRC_ConflictSmoothed,Middle_DRC_ConflictSmoothed,135,0.425703,194.546,0.845935,0.696797,2.363263,0.359413,0.002143,0.000000,0.747568,0.641848
Middle_DRC_ConflictSmoothed,Middle_DRC_ConflictSmoothed,136,0.429719,196.382,0.835694,0.692134,2.405889,0.367168,0.002229,0.000000,0.740260,0.634942
Middle_DRC_ConflictSmoothed,Middle_DRC_ConflictSmoothed,137,0.433735,198.217,0.825454,0.687471,2.448515,0.374923,0.002315,0.000000,0.732952,0.628037
Middle_DRC_ConflictSmoothed,Middle_DRC_ConflictSmoothed,138,0.435449,199.000,0.821084,0.685481,2.466704,0.378231,0.002352,0.000000,0.729834,0.625090
Middle_DRC_ConflictSmoothed,Middle_DRC_ConflictSmoothed,139,0.437751,200.052,0.810907,0.680847,2.509067,0.385938,0.002437,0.000000,0.722571,0.618227
Middle_DRC_ConflictSmoothed,Middle_DRC_ConflictSmoothed,140,0.441767,201.888,0.793155,0.672764,2.582960,0.399381,0.002586,0.000000,0.709903,0.606256
Middle_DRC_ConflictSmoothed,Middle_DRC_ConflictSmoothed,141,0.445783,203.723,0.775403,0.664680,2.656852,0.412824,0.002735,0.000000,0.697235,0.594285
Middle_DRC_ConflictSmoothed,Middle_DRC_ConflictSmoothed,142,0.449799,205.558,0.757651,0.656597,2.730745,0.426266,0.002884,0.000000,0.684567,0.582314
Middle_DRC_ConflictSmoothed,Middle_DRC_ConflictSmoothed,143,0.450766,206.000,0.753378,0.654651,2.748531,0.429502,0.002920,0.000000,0.681517,0.579432
Middle_DRC_ConflictSmoothed,Middle_DRC_ConflictSmoothed,144,0.453815,207.394,0.734312,0.645969,2.827893,0.443940,0.003080,0.000000,0.667911,0.566575
Middle_DRC_ConflictSmoothed,Middle_DRC_ConflictSmoothed,145,0.457831,209.229,0.709203,0.634535,2.932413,0.462954,0.003291,0.000000,0.649992,0.549642
Middle_DRC_ConflictSmoothed,Middle_DRC_ConflictSmoothed,146,0.461847,211.064,0.684093,0.623101,3.036933,0.481969,0.003502,0.000000,0.632073,0.532709
Middle_DRC_ConflictSmoothed,Middle_DRC_ConflictSmoothed,147,0.465863,212.900,0.658983,0.611668,3.141454,0.500983,0.003713,0.000000,0.614154,0.515776
Middle_DRC_ConflictSmoothed,Middle_DRC_ConflictSmoothed,148,0.466083,213.000,0.657609,0.611042,3.147171,0.502023,0.003725,0.000000,0.613174,0.514850
Middle_DRC_ConflictSmoothed,Middle_DRC_ConflictSmoothed,149,0.469880,214.735,0.643677,0.604698,3.205164,0.512573,0.003842,0.000000,0.603232,0.505455
Middle_DRC_ConflictSmoothed,Middle_DRC_ConflictSmoothed,150,0.473896,216.570,0.628939,0.597987,3.266513,0.523734,0.003965,0.000000,0.592714,0.495516
Middle_DRC_ConflictSmoothed,Middle_DRC_ConflictSmoothed,151,0.477912,218.406,0.614201,0.591275,3.327862,0.534895,0.004089,0.000000,0.582196,0.485577
Middle_DRC_ConflictSmoothed,Middle_DRC_ConflictSmoothed,152,0.481400,220.000,0.601397,0.585445,3.381156,0.544590,0.004197,0.000000,0.573060,0.476943
Middle_DRC_ConflictSmoothed,Middle_DRC_ConflictSmoothed,153,0.481928,220.241,0.600073,0.584842,3.386670,0.545593,0.004208,0.000000,0.572114,0.476050
Middle_DRC_ConflictSmoothed,Middle_DRC_ConflictSmoothed,154,0.485944,222.076,0.589984,0.580248,3.428663,0.553233,0.004293,0.000000,0.564915,0.469247
Middle_DRC_ConflictSmoothed,Middle_DRC_ConflictSmoothed,155,0.489960,223.912,0.579896,0.575654,3.470657,0.560872,0.004377,0.000000,0.557716,0.462443
Middle_DRC_ConflictSmoothed,Middle_DRC_ConflictSmoothed,156,0.493976,225.747,0.569807,0.571061,3.512650,0.568512,0.004462,0.000000,0.550516,0.455640
Middle_DRC_ConflictSmoothed,Middle_DRC_ConflictSmoothed,157,0.496718,227.000,0.562920,0.567924,3.541320,0.573727,0.004520,0.000000,0.545601,0.450995
Middle_DRC_ConflictSmoothed,Middle_DRC_ConflictSmoothed,158,0.497992,227.582,0.564852,0.568804,3.533278,0.572264,0.004504,0.000000,0.546980,0.452298
Middle_DRC_ConflictSmoothed,Middle_DRC_ConflictSmoothed,159,0.502008,229.418,0.570940,0.571577,3.507933,0.567654,0.004453,0.000000,0.551325,0.456404
Middle_DRC_ConflictSmoothed,Middle_DRC_ConflictSmoothed,160,0.506024,231.253,0.577029,0.574349,3.482589,0.563043,0.004402,0.000000,0.555670,0.460510
Middle_DRC_ConflictSmoothed,Middle_DRC_ConflictSmoothed,161,0.510040,233.088,0.583118,0.577122,3.457244,0.558432,0.004350,0.000000,0.560015,0.464616
Middle_DRC_ConflictSmoothed,Middle_DRC_ConflictSmoothed,162,0.512035,234.000,0.586142,0.578499,3.444655,0.556142,0.004325,0.000000,0.562173,0.466656
Middle_DRC_ConflictSmoothed,Middle_DRC_ConflictSmoothed,163,0.514056,234.924,0.590328,0.580405,3.427230,0.552972,0.004290,0.000000,0.565161,0.469479
Middle_DRC_ConflictSmoothed,Middle_DRC_ConflictSmoothed,164,0.518072,236.759,0.598646,0.584193,3.392608,0.546674,0.004220,0.000000,0.571096,0.475088
Middle_DRC_ConflictSmoothed,Middle_DRC_ConflictSmoothed,165,0.522088,238.594,0.606964,0.587980,3.357986,0.540375,0.004150,0.000000,0.577032,0.480697
Middle_DRC_ConflictSmoothed,Middle_DRC_ConflictSmoothed,166,0.526104,240.430,0.615281,0.591767,3.323364,0.534077,0.004080,0.000000,0.582967,0.486306
Middle_DRC_ConflictSmoothed,Middle_DRC_ConflictSmoothed,167,0.527352,241.000,0.617866,0.592944,3.312606,0.532119,0.004059,0.000000,0.584812,0.488048
Middle_DRC_ConflictSmoothed,Middle_DRC_ConflictSmoothed,168,0.530120,242.265,0.629676,0.598323,3.263443,0.523176,0.003959,0.000000,0.593240,0.496013
Middle_DRC_ConflictSmoothed,Middle_DRC_ConflictSmoothed,169,0.534137,244.100,0.646812,0.606125,3.192117,0.510200,0.003815,0.000000,0.605469,0.507569
Middle_DRC_ConflictSmoothed,Middle_DRC_ConflictSmoothed,170,0.538153,245.936,0.663947,0.613928,3.120791,0.497224,0.003671,0.000000,0.617697,0.519124
Middle_DRC_ConflictSmoothed,Middle_DRC_ConflictSmoothed,171,0.542169,247.771,0.681082,0.621731,3.049465,0.484248,0.003527,0.000000,0.629925,0.530679
Middle_DRC_ConflictSmoothed,Middle_DRC_ConflictSmoothed,172,0.542670,248.000,0.683220,0.622704,3.040568,0.482630,0.003510,0.000000,0.631450,0.532120
Middle_DRC_ConflictSmoothed,Middle_DRC_ConflictSmoothed,173,0.546185,249.606,0.686532,0.624212,3.026781,0.480122,0.003482,0.000000,0.633814,0.534354
Middle_DRC_ConflictSmoothed,Middle_DRC_ConflictSmoothed,174,0.550201,251.442,0.690316,0.625935,3.011029,0.477256,0.003450,0.000000,0.636515,0.536906
Middle_DRC_ConflictSmoothed,Middle_DRC_ConflictSmoothed,175,0.554217,253.277,0.694100,0.627658,2.995277,0.474390,0.003418,0.000000,0.639215,0.539458
Middle_DRC_ConflictSmoothed,Middle_DRC_ConflictSmoothed,176,0.557987,255.000,0.697653,0.629276,2.980490,0.471700,0.003388,0.000000,0.641750,0.541854
Middle_DRC_ConflictSmoothed,Middle_DRC_ConflictSmoothed,177,0.558233,255.112,0.697189,0.629065,2.982422,0.472052,0.003392,0.000000,0.641419,0.541540
Middle_DRC_ConflictSmoothed,Middle_DRC_ConflictSmoothed,178,0.562249,256.948,0.689612,0.625614,3.013962,0.477790,0.003456,0.000000,0.636012,0.536431
Middle_DRC_ConflictSmoothed,Middle_DRC_ConflictSmoothed,179,0.566265,258.783,0.682034,0.622164,3.045502,0.483527,0.003519,0.000000,0.630604,0.531321
Middle_DRC_ConflictSmoothed,Middle_DRC_ConflictSmoothed,180,0.570281,260.618,0.674457,0.618714,3.077042,0.489265,0.003583,0.000000,0.625197,0.526211
Middle_DRC_ConflictSmoothed,Middle_DRC_ConflictSmoothed,181,0.573304,262.000,0.668754,0.616117,3.100783,0.493584,0.003631,0.000000,0.621127,0.522365
Middle_DRC_ConflictSmoothed,Middle_DRC_ConflictSmoothed,182,0.574297,262.454,0.667998,0.615772,3.103930,0.494157,0.003637,0.000000,0.620587,0.521855
Middle_DRC_ConflictSmoothed,Middle_DRC_ConflictSmoothed,183,0.578313,264.289,0.664940,0.614380,3.116658,0.496472,0.003663,0.000000,0.618405,0.519793
Middle_DRC_ConflictSmoothed,Middle_DRC_ConflictSmoothed,184,0.582329,266.124,0.661882,0.612988,3.129386,0.498788,0.003689,0.000000,0.616223,0.517731
Middle_DRC_ConflictSmoothed,Middle_DRC_ConflictSmoothed,185,0.586345,267.960,0.658824,0.611595,3.142114,0.501103,0.003714,0.000000,0.614041,0.515669
Middle_DRC_ConflictSmoothed,Middle_DRC_ConflictSmoothed,186,0.588621,269.000,0.657092,0.610806,3.149327,0.502415,0.003729,0.000000,0.612805,0.514501
Middle_DRC_ConflictSmoothed,Middle_DRC_ConflictSmoothed,187,0.590361,269.795,0.651173,0.608111,3.173962,0.506897,0.003779,0.000000,0.608581,0.510510
Middle_DRC_ConflictSmoothed,Middle_DRC_ConflictSmoothed,188,0.594378,271.631,0.637513,0.601891,3.230821,0.517241,0.003893,0.000000,0.598833,0.501298
Middle_DRC_ConflictSmoothed,Middle_DRC_ConflictSmoothed,189,0.598394,273.466,0.623854,0.595671,3.287680,0.527585,0.004008,0.000000,0.589085,0.492087
Middle_DRC_ConflictSmoothed,Middle_DRC_ConflictSmoothed,190,0.602410,275.301,0.610194,0.589451,3.344540,0.537929,0.004123,0.000000,0.579337,0.482875
Middle_DRC_ConflictSmoothed,Middle_DRC_ConflictSmoothed,191,0.603939,276.000,0.604993,0.587083,3.366188,0.541867,0.004167,0.000000,0.575626,0.479368
Middle_DRC_ConflictSmoothed,Middle_DRC_ConflictSmoothed,192,0.606426,277.137,0.611011,0.589823,3.341140,0.537310,0.004116,0.000000,0.579920,0.483426
Middle_DRC_ConflictSmoothed,Middle_DRC_ConflictSmoothed,193,0.610442,278.972,0.620728,0.594248,3.300690,0.529952,0.004034,0.000000,0.586855,0.489979
Middle_DRC_ConflictSmoothed,Middle_DRC_ConflictSmoothed,194,0.614458,280.807,0.630446,0.598673,3.260241,0.522593,0.003953,0.000000,0.593789,0.496532
Middle_DRC_ConflictSmoothed,Middle_DRC_ConflictSmoothed,195,0.618474,282.643,0.640163,0.603098,3.219792,0.515234,0.003871,0.000000,0.600724,0.503085
Middle_DRC_ConflictSmoothed,Middle_DRC_ConflictSmoothed,196,0.619256,283.000,0.642056,0.603959,3.211914,0.513801,0.003855,0.000000,0.602075,0.504361
Middle_DRC_ConflictSmoothed,Middle_DRC_ConflictSmoothed,197,0.622490,284.478,0.655368,0.610022,3.156499,0.503720,0.003743,0.000000,0.611575,0.513339
Middle_DRC_ConflictSmoothed,Middle_DRC_ConflictSmoothed,198,0.626506,286.313,0.671901,0.617550,3.087683,0.491201,0.003605,0.000000,0.623373,0.524488
Middle_DRC_ConflictSmoothed,Middle_DRC_ConflictSmoothed,199,0.630522,288.149,0.688433,0.625078,3.018866,0.478682,0.003466,0.000000,0.635171,0.535636
Middle_DRC_ConflictSmoothed,Middle_DRC_ConflictSmoothed,200,0.634538,289.984,0.704966,0.632606,2.950049,0.466162,0.003327,0.000000,0.646969,0.546785
Middle_DRC_ConflictSmoothed,Middle_DRC_ConflictSmoothed,201,0.634573,290.000,0.705111,0.632672,2.949447,0.466053,0.003326,0.000000,0.647072,0.546883
Middle_DRC_ConflictSmoothed,Middle_DRC_ConflictSmoothed,202,0.638554,291.819,0.738829,0.648026,2.809093,0.440519,0.003042,0.000000,0.671135,0.569621
Middle_DRC_ConflictSmoothed,Middle_DRC_ConflictSmoothed,203,0.642570,293.655,0.772845,0.663515,2.667500,0.414761,0.002757,0.000000,0.695409,0.592560
Middle_DRC_ConflictSmoothed,Middle_DRC_ConflictSmoothed,204,0.646586,295.490,0.806862,0.679005,2.525906,0.389002,0.002471,0.000000,0.719684,0.615499
Middle_DRC_ConflictSmoothed,Middle_DRC_ConflictSmoothed,205,0.649891,297.000,0.834849,0.691749,2.409409,0.367808,0.002236,0.000000,0.739657,0.634372
Middle_DRC_ConflictSmoothed,Middle_DRC_ConflictSmoothed,206,0.650602,297.325,0.836963,0.692712,2.400610,0.366208,0.002218,0.000000,0.741165,0.635798
Middle_DRC_ConflictSmoothed,Middle_DRC_ConflictSmoothed,207,0.654618,299.161,0.848889,0.698143,2.350964,0.357176,0.002118,0.000000,0.749677,0.643841
Middle_DRC_ConflictSmoothed,Middle_DRC_ConflictSmoothed,208,0.658635,300.996,0.860816,0.703574,2.301319,0.348144,0.002018,0.000000,0.758188,0.651884
Middle_DRC_ConflictSmoothed,Middle_DRC_ConflictSmoothed,209,0.662651,302.831,0.872743,0.709005,2.251673,0.339113,0.001918,0.000000,0.766699,0.659926
Middle_DRC_ConflictSmoothed,Middle_DRC_ConflictSmoothed,210,0.665208,304.000,0.880338,0.712463,2.220061,0.333362,0.001854,0.000000,0.772119,0.665048
Middle_DRC_ConflictSmoothed,Middle_DRC_ConflictSmoothed,211,0.666667,304.667,0.878338,0.711552,2.228384,0.334876,0.001871,0.000000,0.770692,0.663699
Middle_DRC_ConflictSmoothed,Middle_DRC_ConflictSmoothed,212,0.670683,306.502,0.872833,0.709046,2.251300,0.339045,0.001917,0.000000,0.766763,0.659987
Middle_DRC_ConflictSmoothed,Middle_DRC_ConflictSmoothed,213,0.674699,308.337,0.867328,0.706539,2.274215,0.343213,0.001963,0.000000,0.762835,0.656275
Middle_DRC_ConflictSmoothed,Middle_DRC_ConflictSmoothed,214,0.678715,310.173,0.861823,0.704032,2.297130,0.347382,0.002009,0.000000,0.758906,0.652562
Middle_DRC_ConflictSmoothed,Middle_DRC_ConflictSmoothed,215,0.680525,311.000,0.859341,0.702902,2.307459,0.349261,0.002030,0.000000,0.757135,0.650889
Middle_DRC_ConflictSmoothed,Middle_DRC_ConflictSmoothed,216,0.682731,312.008,0.855564,0.701182,2.323180,0.352121,0.002062,0.000000,0.754440,0.648342
Middle_DRC_ConflictSmoothed,Middle_DRC_ConflictSmoothed,217,0.686747,313.843,0.848688,0.698051,2.351802,0.357328,0.002120,0.000000,0.749533,0.643705
Middle_DRC_ConflictSmoothed,Middle_DRC_ConflictSmoothed,218,0.690763,315.679,0.841812,0.694920,2.380425,0.362535,0.002177,0.000000,0.744626,0.639068
Middle_DRC_ConflictSmoothed,Middle_DRC_ConflictSmoothed,219,0.694779,317.514,0.834936,0.691789,2.409047,0.367742,0.002235,0.000000,0.739719,0.634431
Middle_DRC_ConflictSmoothed,Middle_DRC_ConflictSmoothed,220,0.695842,318.000,0.833115,0.690960,2.416626,0.369121,0.002250,0.000000,0.738419,0.633203
Middle_DRC_ConflictSmoothed,Middle_DRC_ConflictSmoothed,221,0.698795,319.349,0.825662,0.687566,2.447651,0.374765,0.002313,0.000000,0.733101,0.628177
Middle_DRC_ConflictSmoothed,Middle_DRC_ConflictSmoothed,222,0.702811,321.185,0.815524,0.682950,2.489848,0.382442,0.002398,0.000000,0.725866,0.621341
Middle_DRC_ConflictSmoothed,Middle_DRC_ConflictSmoothed,223,0.706827,323.020,0.805387,0.678333,2.532045,0.390118,0.002483,0.000000,0.718632,0.614504
Middle_DRC_ConflictSmoothed,Middle_DRC_ConflictSmoothed,224,0.710843,324.855,0.795249,0.673717,2.574242,0.397795,0.002569,0.000000,0.711398,0.607668
Middle_DRC_ConflictSmoothed,Middle_DRC_ConflictSmoothed,225,0.711160,325.000,0.794451,0.673354,2.577566,0.398400,0.002575,0.000000,0.710828,0.607130
Middle_DRC_ConflictSmoothed,Middle_DRC_ConflictSmoothed,226,0.714859,326.691,0.784050,0.668618,2.620858,0.406275,0.002663,0.000000,0.703406,0.600116
Middle_DRC_ConflictSmoothed,Middle_DRC_ConflictSmoothed,227,0.718876,328.526,0.772761,0.663477,2.667851,0.414825,0.002757,0.000000,0.695349,0.592503
Middle_DRC_ConflictSmoothed,Middle_DRC_ConflictSmoothed,228,0.722892,330.361,0.761471,0.658336,2.714845,0.423374,0.002852,0.000000,0.687293,0.584890
Middle_DRC_ConflictSmoothed,Middle_DRC_ConflictSmoothed,229,0.726477,332.000,0.751392,0.653747,2.756800,0.431006,0.002937,0.000000,0.680100,0.578093
Middle_DRC_ConflictSmoothed,Middle_DRC_ConflictSmoothed,230,0.726908,332.197,0.751729,0.653900,2.755395,0.430751,0.002934,0.000000,0.680341,0.578320
Middle_DRC_ConflictSmoothed,Middle_DRC_ConflictSmoothed,231,0.730924,334.032,0.754878,0.655334,2.742290,0.428367,0.002908,0.000000,0.682587,0.580443
Middle_DRC_ConflictSmoothed,Middle_DRC_ConflictSmoothed,232,0.734940,335.867,0.758026,0.656767,2.729186,0.425983,0.002881,0.000000,0.684834,0.582566
Middle_DRC_ConflictSmoothed,Middle_DRC_ConflictSmoothed,233,0.738956,337.703,0.761174,0.658201,2.716082,0.423599,0.002855,0.000000,0.687081,0.584689
Middle_DRC_ConflictSmoothed,Middle_DRC_ConflictSmoothed,234,0.741794,339.000,0.763399,0.659214,2.706820,0.421914,0.002836,0.000000,0.688668,0.586190
Middle_DRC_ConflictSmoothed,Middle_DRC_ConflictSmoothed,235,0.742972,339.538,0.765778,0.660297,2.696918,0.420112,0.002816,0.000000,0.690366,0.587794
Middle_DRC_ConflictSmoothed,Middle_DRC_ConflictSmoothed,236,0.746988,341.373,0.773891,0.663992,2.663148,0.413969,0.002748,0.000000,0.696155,0.593265
Middle_DRC_ConflictSmoothed,Middle_DRC_ConflictSmoothed,237,0.751004,343.209,0.782003,0.667686,2.629379,0.407826,0.002680,0.000000,0.701945,0.598736
Middle_DRC_ConflictSmoothed,Middle_DRC_ConflictSmoothed,238,0.755020,345.044,0.790116,0.671380,2.595609,0.401682,0.002612,0.000000,0.707734,0.604207
Middle_DRC_ConflictSmoothed,Middle_DRC_ConflictSmoothed,239,0.757112,346.000,0.794341,0.673304,2.578022,0.398483,0.002576,0.000000,0.710750,0.607056
Middle_DRC_ConflictSmoothed,Middle_DRC_ConflictSmoothed,240,0.759036,346.880,0.788261,0.670535,2.603333,0.403087,0.002627,0.000000,0.706410,0.602955
Middle_DRC_ConflictSmoothed,Middle_DRC_ConflictSmoothed,241,0.763052,348.715,0.775572,0.664757,2.656151,0.412696,0.002734,0.000000,0.697355,0.594398
Middle_DRC_ConflictSmoothed,Middle_DRC_ConflictSmoothed,242,0.767068,350.550,0.762883,0.658979,2.708969,0.422305,0.002840,0.000000,0.688300,0.585842
Middle_DRC_ConflictSmoothed,Middle_DRC_ConflictSmoothed,243,0.771084,352.386,0.750194,0.653201,2.761787,0.431914,0.002947,0.000000,0.679245,0.577285
Middle_DRC_ConflictSmoothed,Middle_DRC_ConflictSmoothed,244,0.772429,353.000,0.745946,0.651266,2.779470,0.435130,0.002983,0.000000,0.676213,0.574420
Middle_DRC_ConflictSmoothed,Middle_DRC_ConflictSmoothed,245,0.775100,354.221,0.754284,0.655063,2.744762,0.428816,0.002913,0.000000,0.682164,0.580043
Middle_DRC_ConflictSmoothed,Middle_DRC_ConflictSmoothed,246,0.779116,356.056,0.766819,0.660771,2.692585,0.419324,0.002807,0.000000,0.691109,0.588496
Middle_DRC_ConflictSmoothed,Middle_DRC_ConflictSmoothed,247,0.783133,357.892,0.779354,0.666479,2.640408,0.409832,0.002702,0.000000,0.700054,0.596949
Middle_DRC_ConflictSmoothed,Middle_DRC_ConflictSmoothed,248,0.787149,359.727,0.791889,0.672187,2.588231,0.400340,0.002597,0.000000,0.708999,0.605402
Middle_DRC_ConflictSmoothed,Middle_DRC_ConflictSmoothed,249,0.787746,360.000,0.793754,0.673036,2.580467,0.398927,0.002581,0.000000,0.710330,0.606660
Middle_DRC_ConflictSmoothed,Middle_DRC_ConflictSmoothed,250,0.791165,361.562,0.795123,0.673660,2.574767,0.397891,0.002570,0.000000,0.711308,0.607583
Middle_DRC_ConflictSmoothed,Middle_DRC_ConflictSmoothed,251,0.795181,363.398,0.796732,0.674392,2.568071,0.396672,0.002556,0.000000,0.712456,0.608668
Middle_DRC_ConflictSmoothed,Middle_DRC_ConflictSmoothed,252,0.799197,365.233,0.798340,0.675125,2.561376,0.395454,0.002543,0.000000,0.713603,0.609753
Middle_DRC_ConflictSmoothed,Middle_DRC_ConflictSmoothed,253,0.803063,367.000,0.799889,0.675830,2.554929,0.394282,0.002530,0.000000,0.714709,0.610797
Middle_DRC_ConflictSmoothed,Middle_DRC_ConflictSmoothed,254,0.803213,367.068,0.799952,0.675859,2.554666,0.394234,0.002529,0.000000,0.714754,0.610840
Middle_DRC_ConflictSmoothed,Middle_DRC_ConflictSmoothed,255,0.807229,368.904,0.801654,0.676634,2.547583,0.392945,0.002515,0.000000,0.715968,0.611987
Middle_DRC_ConflictSmoothed,Middle_DRC_ConflictSmoothed,256,0.811245,370.739,0.803355,0.677408,2.540501,0.391657,0.002500,0.000000,0.717182,0.613135
Middle_DRC_ConflictSmoothed,Middle_DRC_ConflictSmoothed,257,0.815261,372.574,0.805057,0.678183,2.533418,0.390368,0.002486,0.000000,0.718396,0.614282
Middle_DRC_ConflictSmoothed,Middle_DRC_ConflictSmoothed,258,0.818381,374.000,0.806379,0.678785,2.527917,0.389367,0.002475,0.000000,0.719340,0.615173
Middle_DRC_ConflictSmoothed,Middle_DRC_ConflictSmoothed,259,0.819277,374.410,0.809288,0.680110,2.515808,0.387165,0.002451,0.000000,0.721416,0.617135
Middle_DRC_ConflictSmoothed,Middle_DRC_ConflictSmoothed,260,0.823293,376.245,0.822321,0.686045,2.461557,0.377295,0.002341,0.000000,0.730717,0.625924
Middle_DRC_ConflictSmoothed,Middle_DRC_ConflictSmoothed,261,0.827309,378.080,0.835354,0.691979,2.407305,0.367426,0.002232,0.000000,0.740017,0.634713
Middle_DRC_ConflictSmoothed,Middle_DRC_ConflictSmoothed,262,0.831325,379.916,0.848387,0.697914,2.353054,0.357556,0.002122,0.000000,0.749318,0.643502
Middle_DRC_ConflictSmoothed,Middle_DRC_ConflictSmoothed,263,0.833698,381.000,0.856088,0.701421,2.321001,0.351725,0.002057,0.000000,0.754813,0.648695
Middle_DRC_ConflictSmoothed,Middle_DRC_ConflictSmoothed,264,0.835341,381.751,0.853658,0.700314,2.331114,0.353565,0.002078,0.000000,0.753080,0.647057
Middle_DRC_ConflictSmoothed,Middle_DRC_ConflictSmoothed,265,0.839357,383.586,0.847721,0.697611,2.355826,0.358060,0.002128,0.000000,0.748843,0.643053
Middle_DRC_ConflictSmoothed,Middle_DRC_ConflictSmoothed,266,0.843373,385.422,0.841784,0.694907,2.380539,0.362556,0.002178,0.000000,0.744606,0.639049
Middle_DRC_ConflictSmoothed,Middle_DRC_ConflictSmoothed,267,0.847390,387.257,0.835848,0.692204,2.405251,0.367052,0.002228,0.000000,0.740370,0.635046
Middle_DRC_ConflictSmoothed,Middle_DRC_ConflictSmoothed,268,0.849015,388.000,0.833444,0.691110,2.415255,0.368872,0.002248,0.000000,0.738654,0.633425
Middle_DRC_ConflictSmoothed,Middle_DRC_ConflictSmoothed,269,0.851406,389.092,0.828724,0.688960,2.434904,0.372446,0.002287,0.000000,0.735286,0.630242
Middle_DRC_ConflictSmoothed,Middle_DRC_ConflictSmoothed,270,0.855422,390.928,0.820793,0.685349,2.467918,0.378452,0.002354,0.000000,0.729626,0.624893
Middle_DRC_ConflictSmoothed,Middle_DRC_ConflictSmoothed,271,0.859438,392.763,0.812862,0.681737,2.500931,0.384458,0.002421,0.000000,0.723966,0.619545
Middle_DRC_ConflictSmoothed,Middle_DRC_ConflictSmoothed,272,0.863454,394.598,0.804931,0.678126,2.533944,0.390464,0.002487,0.000000,0.718306,0.614197
Middle_DRC_ConflictSmoothed,Middle_DRC_ConflictSmoothed,273,0.864333,395.000,0.803195,0.677335,2.541168,0.391778,0.002502,0.000000,0.717068,0.613026
Middle_DRC_ConflictSmoothed,Middle_DRC_ConflictSmoothed,274,0.867470,396.434,0.795375,0.673775,2.573719,0.397700,0.002567,0.000000,0.711487,0.607753
Middle_DRC_ConflictSmoothed,Middle_DRC_ConflictSmoothed,275,0.871486,398.269,0.785364,0.669216,2.615388,0.405280,0.002652,0.000000,0.704343,0.601002
Middle_DRC_ConflictSmoothed,Middle_DRC_ConflictSmoothed,276,0.875502,400.104,0.775354,0.664658,2.657057,0.412861,0.002736,0.000000,0.697200,0.594252
Middle_DRC_ConflictSmoothed,Middle_DRC_ConflictSmoothed,277,0.879518,401.940,0.765343,0.660099,2.698727,0.420441,0.002820,0.000000,0.690056,0.587501
Middle_DRC_ConflictSmoothed,Middle_DRC_ConflictSmoothed,278,0.879650,402.000,0.765015,0.659950,2.700094,0.420690,0.002822,0.000000,0.689821,0.587279
Middle_DRC_ConflictSmoothed,Middle_DRC_ConflictSmoothed,279,0.883534,403.775,0.757121,0.656355,2.732954,0.426668,0.002889,0.000000,0.684188,0.581956
Middle_DRC_ConflictSmoothed,Middle_DRC_ConflictSmoothed,280,0.887550,405.610,0.748959,0.652639,2.766928,0.432849,0.002957,0.000000,0.678363,0.576452
Middle_DRC_ConflictSmoothed,Middle_DRC_ConflictSmoothed,281,0.891566,407.446,0.740797,0.648922,2.800903,0.439029,0.003026,0.000000,0.672539,0.570948
Middle_DRC_ConflictSmoothed,Middle_DRC_ConflictSmoothed,282,0.894967,409.000,0.733885,0.645775,2.829673,0.444263,0.003084,0.000000,0.667606,0.566287
Middle_DRC_ConflictSmoothed,Middle_DRC_ConflictSmoothed,283,0.895582,409.281,0.734855,0.646216,2.825634,0.443529,0.003076,0.000000,0.668299,0.566941
Middle_DRC_ConflictSmoothed,Middle_DRC_ConflictSmoothed,284,0.899598,411.116,0.741190,0.649101,2.799265,0.438732,0.003023,0.000000,0.672819,0.571213
Middle_DRC_ConflictSmoothed,Middle_DRC_ConflictSmoothed,285,0.903614,412.952,0.747525,0.651986,2.772896,0.433934,0.002969,0.000000,0.677340,0.575485
Middle_DRC_ConflictSmoothed,Middle_DRC_ConflictSmoothed,286,0.907631,414.787,0.753860,0.654870,2.746527,0.429137,0.002916,0.000000,0.681861,0.579757
Middle_DRC_ConflictSmoothed,Middle_DRC_ConflictSmoothed,287,0.910284,416.000,0.758046,0.656777,2.729101,0.425967,0.002881,0.000000,0.684848,0.582580
Middle_DRC_ConflictSmoothed,Middle_DRC_ConflictSmoothed,288,0.911647,416.622,0.759613,0.657490,2.722579,0.424781,0.002868,0.000000,0.685967,0.583637
Middle_DRC_ConflictSmoothed,Middle_DRC_ConflictSmoothed,289,0.915663,418.458,0.764233,0.659594,2.703350,0.421282,0.002829,0.000000,0.689263,0.586752
Middle_DRC_ConflictSmoothed,Middle_DRC_ConflictSmoothed,290,0.919679,420.293,0.768852,0.661697,2.684120,0.417784,0.002790,0.000000,0.692560,0.589867
Middle_DRC_ConflictSmoothed,Middle_DRC_ConflictSmoothed,291,0.923695,422.129,0.773472,0.663801,2.664891,0.414286,0.002751,0.000000,0.695857,0.592983
Middle_DRC_ConflictSmoothed,Middle_DRC_ConflictSmoothed,292,0.925602,423.000,0.775666,0.664800,2.655760,0.412625,0.002733,0.000000,0.697422,0.594462
Middle_DRC_ConflictSmoothed,Middle_DRC_ConflictSmoothed,293,0.927711,423.964,0.778440,0.666063,2.644213,0.410524,0.002710,0.000000,0.699402,0.596332
Middle_DRC_ConflictSmoothed,Middle_DRC_ConflictSmoothed,294,0.931727,425.799,0.783722,0.668468,2.622226,0.406524,0.002665,0.000000,0.703171,0.599894
Middle_DRC_ConflictSmoothed,Middle_DRC_ConflictSmoothed,295,0.935743,427.635,0.789004,0.670873,2.600239,0.402524,0.002621,0.000000,0.706941,0.603456
Middle_DRC_ConflictSmoothed,Middle_DRC_ConflictSmoothed,296,0.939759,429.470,0.794286,0.673279,2.578252,0.398525,0.002577,0.000000,0.710710,0.607019
Middle_DRC_ConflictSmoothed,Middle_DRC_ConflictSmoothed,297,0.940919,430.000,0.795812,0.673973,2.571902,0.397369,0.002564,0.000000,0.711799,0.608047
Middle_DRC_ConflictSmoothed,Middle_DRC_ConflictSmoothed,298,0.943775,431.305,0.795812,0.673973,2.571902,0.397369,0.002564,0.000000,0.711799,0.608047
Middle_DRC_ConflictSmoothed,Middle_DRC_ConflictSmoothed,299,0.947791,433.141,0.795812,0.673973,2.571902,0.397369,0.002564,0.000000,0.711799,0.608047
Middle_DRC_ConflictSmoothed,Middle_DRC_ConflictSmoothed,300,0.951807,434.976,0.795812,0.673973,2.571902,0.397369,0.002564,0.000000,0.711799,0.608047
Middle_DRC_ConflictSmoothed,Middle_DRC_ConflictSmoothed,301,0.955823,436.811,0.795812,0.673973,2.571902,0.397369,0.002564,0.000000,0.711799,0.608047
Middle_DRC_ConflictSmoothed,Middle_DRC_ConflictSmoothed,302,0.959839,438.647,0.795812,0.673973,2.571902,0.397369,0.002564,0.000000,0.711799,0.608047
Middle_DRC_ConflictSmoothed,Middle_DRC_ConflictSmoothed,303,0.963855,440.482,0.795812,0.673973,2.571902,0.397369,0.002564,0.000000,0.711799,0.608047
Middle_DRC_ConflictSmoothed,Middle_DRC_ConflictSmoothed,304,0.967871,442.317,0.795812,0.673973,2.571902,0.397369,0.002564,0.000000,0.711799,0.608047
Middle_DRC_ConflictSmoothed,Middle_DRC_ConflictSmoothed,305,0.971888,444.153,0.795812,0.673973,2.571902,0.397369,0.002564,0.000000,0.711799,0.608047
Middle_DRC_ConflictSmoothed,Middle_DRC_ConflictSmoothed,306,0.975904,445.988,0.795812,0.673973,2.571902,0.397369,0.002564,0.000000,0.711799,0.608047
Middle_DRC_ConflictSmoothed,Middle_DRC_ConflictSmoothed,307,0.979920,447.823,0.795812,0.673973,2.571902,0.397369,0.002564,0.000000,0.711799,0.608047
Middle_DRC_ConflictSmoothed,Middle_DRC_ConflictSmoothed,308,0.983936,449.659,0.795812,0.673973,2.571902,0.397369,0.002564,0.000000,0.711799,0.608047
Middle_DRC_ConflictSmoothed,Middle_DRC_ConflictSmoothed,309,0.987952,451.494,0.795812,0.673973,2.571902,0.397369,0.002564,0.000000,0.711799,0.608047
Middle_DRC_ConflictSmoothed,Middle_DRC_ConflictSmoothed,310,0.991968,453.329,0.795812,0.673973,2.571902,0.397369,0.002564,0.000000,0.711799,0.608047
Middle_DRC_ConflictSmoothed,Middle_DRC_ConflictSmoothed,311,0.995984,455.165,0.795812,0.673973,2.571902,0.397369,0.002564,0.000000,0.711799,0.608047
Middle_DRC_ConflictSmoothed,Middle_DRC_ConflictSmoothed,312,1.000000,457.000,0.795812,0.673973,2.571902,0.397369,0.002564,0.000000,0.711799,0.608047
Best_Composite_EastAfrica,Best_Composite_EastAfrica,1,0.000000,0.000,0.758309,0.792901,2.708455,0.241691,0.007251,0.000000,0.682478,0.720394
Best_Composite_EastAfrica,Best_Composite_EastAfrica,2,0.010101,0.606,0.759833,0.793892,2.700834,0.240167,0.007205,0.000000,0.683850,0.721842
Best_Composite_EastAfrica,Best_Composite_EastAfrica,3,0.020202,1.212,0.761402,0.794912,2.692988,0.238598,0.007158,0.000000,0.685262,0.723332
Best_Composite_EastAfrica,Best_Composite_EastAfrica,4,0.030303,1.818,0.763017,0.795961,2.684916,0.236983,0.007109,0.000000,0.686715,0.724866
Best_Composite_EastAfrica,Best_Composite_EastAfrica,5,0.040404,2.424,0.764677,0.797040,2.676617,0.235323,0.007060,0.000000,0.688209,0.726443
Best_Composite_EastAfrica,Best_Composite_EastAfrica,6,0.050505,3.030,0.766381,0.798148,2.668093,0.233619,0.007009,0.000000,0.689743,0.728062
Best_Composite_EastAfrica,Best_Composite_EastAfrica,7,0.060606,3.636,0.768131,0.799285,2.659345,0.231869,0.006956,0.000000,0.691318,0.729724
Best_Composite_EastAfrica,Best_Composite_EastAfrica,8,0.070707,4.242,0.769925,0.800451,2.650374,0.230075,0.006902,0.000000,0.692933,0.731429
Best_Composite_EastAfrica,Best_Composite_EastAfrica,9,0.080808,4.848,0.771764,0.801646,2.641182,0.228236,0.006847,0.000000,0.694587,0.733175
Best_Composite_EastAfrica,Best_Composite_EastAfrica,10,0.090909,5.455,0.773645,0.802870,2.631773,0.226355,0.006791,0.000000,0.696281,0.734963
Best_Composite_EastAfrica,Best_Composite_EastAfrica,11,0.101010,6.061,0.775570,0.804120,2.622150,0.224430,0.006733,0.000000,0.698013,0.736791
Best_Composite_EastAfrica,Best_Composite_EastAfrica,12,0.111111,6.667,0.777536,0.805399,2.612318,0.222464,0.006674,0.000000,0.699783,0.738660
Best_Composite_EastAfrica,Best_Composite_EastAfrica,13,0.121212,7.273,0.779544,0.806704,2.602281,0.220456,0.006614,0.000000,0.701589,0.740567
Best_Composite_EastAfrica,Best_Composite_EastAfrica,14,0.131313,7.879,0.781591,0.808034,2.592045,0.218409,0.006552,0.000000,0.703432,0.742511
Best_Composite_EastAfrica,Best_Composite_EastAfrica,15,0.141414,8.485,0.783677,0.809390,2.581617,0.216323,0.006490,0.000000,0.705309,0.744493
Best_Composite_EastAfrica,Best_Composite_EastAfrica,16,0.151515,9.091,0.785799,0.810770,2.571004,0.214201,0.006426,0.000000,0.707219,0.746509
Best_Composite_EastAfrica,Best_Composite_EastAfrica,17,0.161616,9.697,0.787957,0.812172,2.560213,0.212043,0.006361,0.000000,0.709162,0.748560
Best_Composite_EastAfrica,Best_Composite_EastAfrica,18,0.171717,10.303,0.790149,0.813597,2.549253,0.209851,0.006296,0.000000,0.711134,0.750642
Best_Composite_EastAfrica,Best_Composite_EastAfrica,19,0.181818,10.909,0.792373,0.815043,2.538134,0.207627,0.006229,0.000000,0.713136,0.752755
Best_Composite_EastAfrica,Best_Composite_EastAfrica,20,0.191919,11.515,0.794627,0.816508,2.526864,0.205373,0.006161,0.000000,0.715164,0.754896
Best_Composite_EastAfrica,Best_Composite_EastAfrica,21,0.202020,12.121,0.796909,0.817991,2.515455,0.203091,0.006093,0.000000,0.717218,0.757063
Best_Composite_EastAfrica,Best_Composite_EastAfrica,22,0.212121,12.727,0.799216,0.819491,2.503918,0.200784,0.006024,0.000000,0.719295,0.759256
Best_Composite_EastAfrica,Best_Composite_EastAfrica,23,0.222222,13.333,0.801547,0.821006,2.492264,0.198453,0.005954,0.000000,0.721392,0.761470
Best_Composite_EastAfrica,Best_Composite_EastAfrica,24,0.232323,13.939,0.803899,0.822534,2.480505,0.196101,0.005883,0.000000,0.723509,0.763704
Best_Composite_EastAfrica,Best_Composite_EastAfrica,25,0.242424,14.545,0.806269,0.824075,2.468654,0.193731,0.005812,0.000000,0.725642,0.765956
Best_Composite_EastAfrica,Best_Composite_EastAfrica,26,0.252525,15.152,0.808655,0.825626,2.456724,0.191345,0.005740,0.000000,0.727790,0.768222
Best_Composite_EastAfrica,Best_Composite_EastAfrica,27,0.262626,15.758,0.811054,0.827185,2.444729,0.188946,0.005668,0.000000,0.729949,0.770502
Best_Composite_EastAfrica,Best_Composite_EastAfrica,28,0.272727,16.364,0.813464,0.828752,2.432681,0.186536,0.005596,0.000000,0.732117,0.772791
Best_Composite_EastAfrica,Best_Composite_EastAfrica,29,0.282828,16.970,0.815881,0.830323,2.420594,0.184119,0.005524,0.000000,0.734293,0.775087
Best_Composite_EastAfrica,Best_Composite_EastAfrica,30,0.292929,17.576,0.818303,0.831897,2.408484,0.181697,0.005451,0.000000,0.736473,0.777388
Best_Composite_EastAfrica,Best_Composite_EastAfrica,31,0.303030,18.182,0.820727,0.833473,2.396364,0.179273,0.005378,0.000000,0.738655,0.779691
Best_Composite_EastAfrica,Best_Composite_EastAfrica,32,0.313131,18.788,0.823150,0.835048,2.384248,0.176850,0.005305,0.000000,0.740835,0.781993
Best_Composite_EastAfrica,Best_Composite_EastAfrica,33,0.323232,19.394,0.825570,0.836620,2.372150,0.174430,0.005233,0.000000,0.743013,0.784291
Best_Composite_EastAfrica,Best_Composite_EastAfrica,34,0.333333,20.000,0.827983,0.838189,2.360085,0.172017,0.005161,0.000000,0.745185,0.786584
Best_Composite_EastAfrica,Best_Composite_EastAfrica,35,0.343434,20.606,0.830387,0.839751,2.348067,0.169613,0.005088,0.000000,0.747348,0.788867
Best_Composite_EastAfrica,Best_Composite_EastAfrica,36,0.353535,21.212,0.832778,0.841306,2.336109,0.167222,0.005017,0.000000,0.749500,0.791139
Best_Composite_EastAfrica,Best_Composite_EastAfrica,37,0.363636,21.818,0.835155,0.842851,2.324225,0.164845,0.004945,0.000000,0.751640,0.793397
Best_Composite_EastAfrica,Best_Composite_EastAfrica,38,0.373737,22.424,0.837515,0.844384,2.312427,0.162485,0.004875,0.000000,0.753763,0.795639
Best_Composite_EastAfrica,Best_Composite_EastAfrica,39,0.383838,23.030,0.839854,0.845905,2.300730,0.160146,0.004804,0.000000,0.755869,0.797861
Best_Composite_EastAfrica,Best_Composite_EastAfrica,40,0.393939,23.636,0.842171,0.847411,2.289145,0.157829,0.004735,0.000000,0.757954,0.800063
Best_Composite_EastAfrica,Best_Composite_EastAfrica,41,0.404040,24.242,0.844463,0.848901,2.277683,0.155537,0.004666,0.000000,0.760017,0.802240
Best_Composite_EastAfrica,Best_Composite_EastAfrica,42,0.414141,24.848,0.846729,0.850374,2.266357,0.153271,0.004598,0.000000,0.762056,0.804392
Best_Composite_EastAfrica,Best_Composite_EastAfrica,43,0.424242,25.455,0.848965,0.851827,2.255176,0.151035,0.004531,0.000000,0.764068,0.806517
Best_Composite_EastAfrica,Best_Composite_EastAfrica,44,0.434343,26.061,0.851170,0.853260,2.244151,0.148830,0.004465,0.000000,0.766053,0.808611
Best_Composite_EastAfrica,Best_Composite_EastAfrica,45,0.444444,26.667,0.853342,0.854672,2.233292,0.146658,0.004400,0.000000,0.768007,0.810675
Best_Composite_EastAfrica,Best_Composite_EastAfrica,46,0.454545,27.273,0.855479,0.856061,2.222607,0.144521,0.004336,0.000000,0.769931,0.812705
Best_Composite_EastAfrica,Best_Composite_EastAfrica,47,0.464646,27.879,0.857579,0.857427,2.212104,0.142421,0.004273,0.000000,0.771821,0.814700
Best_Composite_EastAfrica,Best_Composite_EastAfrica,48,0.474747,28.485,0.859642,0.858767,2.201790,0.140358,0.004211,0.000000,0.773678,0.816660
Best_Composite_EastAfrica,Best_Composite_EastAfrica,49,0.484848,29.091,0.861665,0.860083,2.191673,0.138335,0.004150,0.000000,0.775499,0.818582
Best_Composite_EastAfrica,Best_Composite_EastAfrica,50,0.494949,29.697,0.863648,0.861371,2.181758,0.136352,0.004091,0.000000,0.777284,0.820466
Best_Composite_EastAfrica,Best_Composite_EastAfrica,51,0.505051,30.303,0.865590,0.862633,2.172051,0.134410,0.004032,0.000000,0.779031,0.822310
Best_Composite_EastAfrica,Best_Composite_EastAfrica,52,0.515152,30.909,0.867489,0.863868,2.162556,0.132511,0.003975,0.000000,0.780740,0.824114
Best_Composite_EastAfrica,Best_Composite_EastAfrica,53,0.525253,31.515,0.869345,0.865074,2.153277,0.130655,0.003920,0.000000,0.782410,0.825877
Best_Composite_EastAfrica,Best_Composite_EastAfrica,54,0.535354,32.121,0.871157,0.866252,2.144217,0.128843,0.003865,0.000000,0.784041,0.827599
Best_Composite_EastAfrica,Best_Composite_EastAfrica,55,0.545455,32.727,0.872924,0.867401,2.135379,0.127076,0.003812,0.000000,0.785632,0.829278
Best_Composite_EastAfrica,Best_Composite_EastAfrica,56,0.555556,33.333,0.874647,0.868521,2.126765,0.125353,0.003761,0.000000,0.787182,0.830915
Best_Composite_EastAfrica,Best_Composite_EastAfrica,57,0.565657,33.939,0.876325,0.869611,2.118377,0.123675,0.003710,0.000000,0.788692,0.832508
Best_Composite_EastAfrica,Best_Composite_EastAfrica,58,0.575758,34.545,0.877957,0.870672,2.110214,0.122043,0.003661,0.000000,0.790161,0.834059
Best_Composite_EastAfrica,Best_Composite_EastAfrica,59,0.585859,35.152,0.879545,0.871704,2.102277,0.120455,0.003614,0.000000,0.791590,0.835567
Best_Composite_EastAfrica,Best_Composite_EastAfrica,60,0.595960,35.758,0.881087,0.872706,2.094567,0.118913,0.003567,0.000000,0.792978,0.837032
Best_Composite_EastAfrica,Best_Composite_EastAfrica,61,0.606061,36.364,0.882584,0.873679,2.087081,0.117416,0.003522,0.000000,0.794325,0.838455
Best_Composite_EastAfrica,Best_Composite_EastAfrica,62,0.616162,36.970,0.884036,0.874624,2.079819,0.115964,0.003479,0.000000,0.795633,0.839834
Best_Composite_EastAfrica,Best_Composite_EastAfrica,63,0.626263,37.576,0.885444,0.875539,2.072779,0.114556,0.003437,0.000000,0.796900,0.841172
Best_Composite_EastAfrica,Best_Composite_EastAfrica,64,0.636364,38.182,0.886808,0.876425,2.065958,0.113192,0.003396,0.000000,0.798127,0.842468
Best_Composite_EastAfrica,Best_Composite_EastAfrica,65,0.646465,38.788,0.888129,0.877284,2.059356,0.111871,0.003356,0.000000,0.799316,0.843722
Best_Composite_EastAfrica,Best_Composite_EastAfrica,66,0.656566,39.394,0.889407,0.878114,2.052967,0.110593,0.003318,0.000000,0.800466,0.844936
Best_Composite_EastAfrica,Best_Composite_EastAfrica,67,0.666667,40.000,0.890642,0.878917,2.046790,0.109358,0.003281,0.000000,0.801578,0.846110
Best_Composite_EastAfrica,Best_Composite_EastAfrica,68,0.676768,40.606,0.891836,0.879693,2.040821,0.108164,0.003245,0.000000,0.802652,0.847244
Best_Composite_EastAfrica,Best_Composite_EastAfrica,69,0.686869,41.212,0.892989,0.880443,2.035057,0.107011,0.003210,0.000000,0.803690,0.848339
Best_Composite_EastAfrica,Best_Composite_EastAfrica,70,0.696970,41.818,0.894102,0.881166,2.029492,0.105898,0.003177,0.000000,0.804691,0.849396
Best_Composite_EastAfrica,Best_Composite_EastAfrica,71,0.707071,42.424,0.895175,0.881864,2.024124,0.104825,0.003145,0.000000,0.805658,0.850416
Best_Composite_EastAfrica,Best_Composite_EastAfrica,72,0.717172,43.030,0.896210,0.882537,2.018949,0.103790,0.003114,0.000000,0.806589,0.851400
Best_Composite_EastAfrica,Best_Composite_EastAfrica,73,0.727273,43.636,0.897208,0.883185,2.013961,0.102792,0.003084,0.000000,0.807487,0.852347
Best_Composite_EastAfrica,Best_Composite_EastAfrica,74,0.737374,44.242,0.898169,0.883810,2.009156,0.101831,0.003055,0.000000,0.808352,0.853260
Best_Composite_EastAfrica,Best_Composite_EastAfrica,75,0.747475,44.848,0.899094,0.884411,2.004530,0.100906,0.003027,0.000000,0.809185,0.854139
Best_Composite_EastAfrica,Best_Composite_EastAfrica,76,0.757576,45.455,0.899984,0.884990,2.000078,0.100016,0.003000,0.000000,0.809986,0.854985
Best_Composite_EastAfrica,Best_Composite_EastAfrica,77,0.767677,46.061,0.900841,0.885547,1.995795,0.099159,0.002975,0.000000,0.810757,0.855799
Best_Composite_EastAfrica,Best_Composite_EastAfrica,78,0.777778,46.667,0.901665,0.886082,1.991677,0.098335,0.002950,0.000000,0.811498,0.856581
Best_Composite_EastAfrica,Best_Composite_EastAfrica,79,0.787879,47.273,0.902456,0.886597,1.987718,0.097544,0.002926,0.000000,0.812211,0.857334
Best_Composite_EastAfrica,Best_Composite_EastAfrica,80,0.797980,47.879,0.903217,0.887091,1.983915,0.096783,0.002903,0.000000,0.812895,0.858056
Best_Composite_EastAfrica,Best_Composite_EastAfrica,81,0.808081,48.485,0.903948,0.887566,1.980262,0.096052,0.002882,0.000000,0.813553,0.858750
Best_Composite_EastAfrica,Best_Composite_EastAfrica,82,0.818182,49.091,0.904649,0.888022,1.976755,0.095351,0.002861,0.000000,0.814184,0.859417
Best_Composite_EastAfrica,Best_Composite_EastAfrica,83,0.828283,49.697,0.905322,0.888459,1.973389,0.094678,0.002840,0.000000,0.814790,0.860056
Best_Composite_EastAfrica,Best_Composite_EastAfrica,84,0.838384,50.303,0.905968,0.888879,1.970159,0.094032,0.002821,0.000000,0.815371,0.860670
Best_Composite_EastAfrica,Best_Composite_EastAfrica,85,0.848485,50.909,0.906588,0.889282,1.967062,0.093412,0.002802,0.000000,0.815929,0.861258
Best_Composite_EastAfrica,Best_Composite_EastAfrica,86,0.858586,51.515,0.907182,0.889668,1.964091,0.092818,0.002785,0.000000,0.816464,0.861823
Best_Composite_EastAfrica,Best_Composite_EastAfrica,87,0.868687,52.121,0.907751,0.890038,1.961244,0.092249,0.002767,0.000000,0.816976,0.862364
Best_Composite_EastAfrica,Best_Composite_EastAfrica,88,0.878788,52.727,0.908297,0.890393,1.958515,0.091703,0.002751,0.000000,0.817467,0.862882
Best_Composite_EastAfrica,Best_Composite_EastAfrica,89,0.888889,53.333,0.908820,0.890733,1.955900,0.091180,0.002735,0.000000,0.817938,0.863379
Best_Composite_EastAfrica,Best_Composite_EastAfrica,90,0.898990,53.939,0.909321,0.891059,1.953396,0.090679,0.002720,0.000000,0.818389,0.863855
Best_Composite_EastAfrica,Best_Composite_EastAfrica,91,0.909091,54.545,0.909801,0.891370,1.950997,0.090199,0.002706,0.000000,0.818820,0.864310
Best_Composite_EastAfrica,Best_Composite_EastAfrica,92,0.919192,55.152,0.910260,0.891669,1.948701,0.089740,0.002692,0.000000,0.819234,0.864747
Best_Composite_EastAfrica,Best_Composite_EastAfrica,93,0.929293,55.758,0.910699,0.891955,1.946504,0.089301,0.002679,0.000000,0.819629,0.865164
Best_Composite_EastAfrica,Best_Composite_EastAfrica,94,0.939394,56.364,0.911120,0.892228,1.944400,0.088880,0.002666,0.000000,0.820008,0.865564
Best_Composite_EastAfrica,Best_Composite_EastAfrica,95,0.949495,56.970,0.911522,0.892490,1.942388,0.088478,0.002654,0.000000,0.820370,0.865946
Best_Composite_EastAfrica,Best_Composite_EastAfrica,96,0.959596,57.576,0.911907,0.892740,1.940463,0.088093,0.002643,0.000000,0.820717,0.866312
Best_Composite_EastAfrica,Best_Composite_EastAfrica,97,0.969697,58.182,0.912276,0.892979,1.938622,0.087724,0.002632,0.000000,0.821048,0.866662
Best_Composite_EastAfrica,Best_Composite_EastAfrica,98,0.979798,58.788,0.912628,0.893208,1.936861,0.087372,0.002621,0.000000,0.821365,0.866996
Best_Composite_EastAfrica,Best_Composite_EastAfrica,99,0.989899,59.394,0.912964,0.893427,1.935178,0.087036,0.002611,0.000000,0.821668,0.867316
Best_Composite_EastAfrica,Best_Composite_EastAfrica,100,1.000000,60.000,0.913286,0.893636,1.933569,0.086714,0.002601,0.000000,0.821958,0.867622
